{"type":"FeatureCollection","crs":{"type":"name","properties":{"name":"urn:ogc:def:crs:OGC:1.3:CRS84"}},"features":[{"type":"Feature","properties":{"name":"Andaman and Nicobar"},"geometry":{"type":"MultiPolygon","coordinates":[[[[93.78772735595709,6.85264015197771]]],[[[93.71958160400408,7.207500934600944]]],[[[93.84805297851591,7.240280151367472],[93.8827667236331,7.203610897064209],[93.88698577880854,7.153090953826904],[93.88548278808611,7.102551937103499],[93.90944671630888,7.058609962463549],[93.93548583984392,7.015416145324707],[93.9347229003908,6.965001106262321],[93.91305541992193,6.919722080230997],[93.9001007080081,6.87100696563715],[93.90217590332037,6.82081604003929],[93.85236358642584,6.816397190093937],[93.83856964111345,6.767951965332031],[93.81583404541044,6.813611984252873],[93.78888702392584,6.856668949127254],[93.76777648925776,6.902219772339095],[93.74861145019537,6.949721813202018],[93.7213897705081,6.992225170135782],[93.67749786376959,7.016390800476302],[93.66858673095732,7.066084861755598],[93.66971588134794,7.11667108535778],[93.67472076416033,7.167500019073657],[93.7213897705081,7.187779903411865],[93.76444244384771,7.213612079620475],[93.81166839599626,7.231667041778508],[93.84805297851591,7.240280151367472]]],[[[93.84874725341803,7.289868831634749]]],[[[93.66369628906267,7.384031772613696]]],[[[93.76860809326172,7.402218818664721]]],[[[93.68944549560564,7.409721851349104]]],[[[93.71305847167986,7.443611145019815],[93.72750091552763,7.394722938537598],[93.7422256469726,7.346666812896785],[93.71333312988287,7.305281162261963],[93.67444610595709,7.273612022399959],[93.6305541992188,7.29777812957775],[93.63361358642584,7.347776889800969],[93.6761093139649,7.374167919158936],[93.70694732666016,7.413609981536865],[93.71305847167986,7.443611145019815]]],[[[93.6477813720706,7.476668834686336]]],[[[93.63445281982416,7.477781772613582]]],[[[93.54360198974615,7.525001049041691]]],[[[93.34156036376959,7.906459808349723]]],[[[93.3396301269533,7.91114997863798]]],[[[93.37999725341825,8.02472209930437],[93.40389251709001,7.980556964874381],[93.44416809082031,7.949999809265137],[93.46971893310564,7.906667232513428],[93.41860961914062,7.906945228576774],[93.37499237060553,7.882499217987061],[93.34471893310575,7.922500133514575],[93.31083679199236,7.960277080535946],[93.33051300048834,8.00634002685564],[93.37777709960955,8.023612022400187],[93.37999725341825,8.02472209930437]]],[[[93.54728698730463,8.028052330017033],[93.58277130126947,7.991670131683406],[93.58055877685553,7.941665172577132],[93.53555297851568,7.963611125946215],[93.53028106689482,8.01555538177513],[93.54728698730463,8.028052330017033]]],[[[93.57861328125017,8.12527942657465],[93.59278106689459,8.076944351196232],[93.5619430541995,8.116666793823526],[93.57861328125017,8.12527942657465]]],[[[93.52648925781278,8.231270790100098],[93.53610992431646,8.181941032409668],[93.51249694824224,8.137778282165527],[93.53778076171892,8.094445228576774],[93.54861450195341,8.045276641845987],[93.50805664062517,8.015832901001033],[93.50944519042974,8.06583309173601],[93.47138977050781,8.098610877991007],[93.45555877685547,8.148332595825195],[93.48097229003923,8.192016601562727],[93.51479339599615,8.229140281677246],[93.52648925781278,8.231270790100098]]],[[[93.23528289794939,8.265560150146541]]],[[[93.12627410888678,8.355863571167106],[93.13316345214872,8.306205749511719],[93.14138793945341,8.255827903747559],[93.18333435058622,8.22805500030529],[93.1344604492188,8.217499732971135],[93.09942626953153,8.253521919250716],[93.08503723144537,8.302110671997298],[93.10500335693376,8.348055839538574],[93.12627410888678,8.355863571167106]]],[[[93.65249633789068,8.394445419311694]]],[[[93.63491821289068,8.394643783569336]]],[[[93.04389190673857,8.473333358764933]]],[[[93.6118774414063,8.484541893005371]]],[[[93.6159973144533,8.573625564575138],[93.63111114501959,8.525833129883097],[93.64089202880888,8.47547817230236],[93.62526702880888,8.427780151367244],[93.6199493408206,8.477692604064941],[93.61840820312528,8.527897834777946],[93.6159973144533,8.573625564575138]]],[[[93.60944366455107,8.581666946411133]]],[[[92.85916900634783,8.82013130188011]]],[[[92.79332733154297,9.118890762329215]]],[[[92.80416870117216,9.120833396911621]]],[[[92.81416320800798,9.126943588257063]]],[[[92.7877807617187,9.2441663742066],[92.82118225097673,9.206733703613338],[92.83068847656278,9.157244682312296],[92.79725646972662,9.119869232177791],[92.74749755859403,9.125280380249137],[92.71949005126982,9.167140960693587],[92.72305297851568,9.21722221374523],[92.77222442626959,9.22805500030546],[92.7877807617187,9.2441663742066]]],[[[92.51583099365251,10.8976411819458],[92.55666351318376,10.864998817444075],[92.5619430541995,10.814444541931437],[92.58667755126959,10.770550727844352],[92.58944702148455,10.720561027526799],[92.57639312744152,10.672220230102823],[92.54777526855474,10.630833625793457],[92.56652832031244,10.584304809570256],[92.54239654541021,10.539522171020451],[92.5008392333985,10.51090526580822],[92.45888519287115,10.538332939148006],[92.40833282470709,10.534720420837402],[92.409721374512,10.587499618530217],[92.41305541992188,10.637499809265364],[92.3817977905274,10.676673889160156],[92.38094329833979,10.726702690124512],[92.37596893310575,10.77652740478527],[92.42055511474615,10.799444198608398],[92.45388793945318,10.83749866485607],[92.48388671875011,10.877499580383358],[92.51583099365251,10.8976411819458]]],[[[92.60888671875,10.938610076904467]]],[[[92.22673797607428,10.98229026794445]]],[[[92.66335296630865,10.98180007934593]]],[[[92.72566223144548,11.144218444824276]]],[[[92.7319412231447,11.14973068237299]]],[[[92.67694091796903,11.183610916137809]]],[[[92.70597839355486,11.289166450500602],[92.68833160400396,11.242220878601017],[92.70527648925787,11.289444923400993],[92.70597839355486,11.289166450500602]]],[[[92.7005462646485,11.31138992309593]]],[[[92.72305297851568,11.316388130188045]]],[[[92.54833221435553,11.393029212951603]]],[[[92.55757904052734,11.390936851501465]]],[[[92.67346191406256,11.487520217895508]]],[[[92.61048889160162,11.504050254821777]]],[[[92.64444732666021,11.513030052185059]]],[[[92.64145660400419,11.51014041900629],[92.67533874511724,11.473361968994425],[92.67278289794922,11.423230171203727],[92.69178771972668,11.376872062683049],[92.64684295654297,11.354743957519531],[92.5970764160158,11.348177909851302],[92.58852386474626,11.397804260254077],[92.62129974365251,11.435824394226245],[92.61670684814453,11.485692024230957],[92.64145660400419,11.51014041900629]]],[[[92.27179718017607,11.515991210937784]]],[[[92.60465240478544,11.53458213806158]]],[[[92.56035614013678,11.537990570068416]]],[[[92.62797546386736,11.542161941528605]]],[[[92.61000061035185,11.5588893890382]]],[[[92.574516296387,11.562571525573787]]],[[[92.5675125122072,11.570817947387638]]],[[[92.59718322753918,11.541669845581112]]],[[[92.57826232910162,11.581805229187239]]],[[[92.61102294921892,11.58825969696045]]],[[[92.2189331054688,11.5923233032226],[92.26864624023455,11.585519790649357],[92.27472686767595,11.535868644714412],[92.22509002685575,11.529341697692985],[92.21289062500028,11.577953338623217],[92.2189331054688,11.5923233032226]]],[[[92.5397567749024,11.603320121765137],[92.53018188476568,11.554126739501953],[92.53504180908232,11.604001998901595],[92.5397567749024,11.603320121765137]]],[[[92.6995697021485,11.664450645446777]]],[[[92.76225280761736,11.669699668884562]]],[[[92.72498321533232,11.689121246337834]]],[[[92.55091857910173,11.721240043640194]]],[[[93.08297729492193,11.779680252075138]]],[[[93.02083587646513,11.843331336975211],[93.07083129882807,11.840555191040039],[93.02166748046892,11.82861137390131],[93.02083587646513,11.843331336975211]]],[[[92.59694671630865,11.905289649963436]]],[[[92.565658569336,11.949771881103743]]],[[[92.73243713378935,11.95422267913824]]],[[[92.74308013916021,11.964510917663688]]],[[[92.75013732910162,11.968339920044116]]],[[[92.59610748291016,11.976108551025447]]],[[[92.58275604248047,11.975981712341536]]],[[[92.77604675292974,12.017709732055607]]],[[[92.969535827637,12.03367996215843],[93.00723266601568,12.000280380249194],[93.02768707275419,11.954361915588322],[93.04915618896484,11.909058570862044],[93.00360870361334,11.930556297302473],[92.96636199951189,11.964079856872559],[92.92640686035185,11.994986534118652],[92.96180725097662,12.03068828582775],[92.969535827637,12.03367996215843]]],[[[92.96982574462896,12.06400680542015]]],[[[92.99136352539062,12.108927726745776],[93.00083160400385,12.059721946716365],[92.96450805664068,12.094112396240234],[92.99136352539062,12.108927726745776]]],[[[92.993881225586,12.109939575195597]]],[[[92.74285125732428,12.114999771118107]]],[[[92.94863128662126,12.115840911865234]]],[[[92.62884521484386,12.11245632171648]]],[[[92.63062286376947,12.11791038513195]]],[[[93.09793090820312,12.137191772460994]]],[[[93.12052917480474,12.148349761962947]]],[[[92.84584808349615,12.147562026977823]]],[[[93.02777862548845,12.156941413879622],[93.03305816650419,12.106943130493278],[93.05333709716814,12.0605602264406],[93.00638580322283,12.078330993652287],[92.97502136230474,12.117600440979118],[93.01239776611334,12.151740074157658],[93.02777862548845,12.156941413879622]]],[[[92.75895690917997,12.181310653686523]]],[[[92.72029113769548,12.180438041686955]]],[[[92.73137664794939,12.187581062316895]]],[[[93.06860351562517,12.211334228515625],[93.08777618408232,12.164629936218432],[93.0902633666995,12.114691734314079],[93.04135131835943,12.126886367797852],[93.05055236816412,12.176580429077376],[93.06860351562517,12.211334228515625]]],[[[92.68302917480497,12.214900970459212]]],[[[93.01988983154325,12.22515964508085]]],[[[92.93898010253918,12.223860740661621]]],[[[92.70086669921892,12.235609054565543],[92.70832061767584,12.18600177764904],[92.75749969482439,12.176390647888184],[92.74494934082037,12.12771129608177],[92.73908996582043,12.078022956848258],[92.78079986572271,12.049735069274902],[92.7374572753908,12.023929595947266],[92.72376251220703,11.97546195983881],[92.72531127929693,11.925262451172102],[92.72528076171892,11.87494087219261],[92.71441650390625,11.825991630554256],[92.73175048828142,11.873117446899528],[92.74208831787115,11.92218017578125],[92.78791046142584,11.901860237121582],[92.7852172851563,11.851819038391227],[92.77105712890642,11.803550720215071],[92.76570892334001,11.753390312194767],[92.75619506835943,11.704160690307845],[92.70603179931646,11.704851150512752],[92.68435668945341,11.6595973968507],[92.72997283935575,11.680082321166992],[92.7519607543947,11.634637832641829],[92.74413299560564,11.584824562072981],[92.72766113281278,11.5374507904055],[92.71372985839872,11.489030838012695],[92.66587066650419,11.50475025177002],[92.65007781982416,11.552370071411133],[92.61460113525385,11.587895393371753],[92.64488220214872,11.628140449524096],[92.59964752197271,11.650349617004622],[92.59490966796903,11.700345039367733],[92.55255889892607,11.726998329162711],[92.55525970459013,11.777507781982422],[92.54331207275408,11.826189994812296],[92.52459716796892,11.873081207275618],[92.54171752929716,11.920069694519157],[92.58563995361345,11.895919799804744],[92.61110687255871,11.939439773559627],[92.61341094970732,11.989521980285758],[92.62000274658203,12.039166450500659],[92.62194824218756,12.089444160461483],[92.63485717773455,12.13778686523466],[92.64977264404303,12.185691833496207],[92.68502807617205,12.22117996215826],[92.70086669921892,12.235609054565543]]],[[[92.73061370849626,12.242453575134334],[92.76451873779291,12.205242156982536],[92.72260284423845,12.232740402221793],[92.73061370849626,12.242453575134334]]],[[[92.88054656982422,12.25000000000017]]],[[[92.86646270751959,12.235621452331543]]],[[[92.69890594482416,12.24483776092535]]],[[[92.90167236328142,12.255849838256779],[92.88027954101591,12.210281372070426],[92.89993286132807,12.256361007690487],[92.90167236328142,12.255849838256779]]],[[[93.07777404785162,12.261944770813159],[93.1033325195313,12.218608856201115],[93.0708389282226,12.256839752197493],[93.07777404785162,12.261944770813159]]],[[[92.90143585205107,12.262151718139592]]],[[[92.73760986328153,12.271332740783805]]],[[[93.02966308593767,12.280171394348201]]],[[[92.75008392333984,12.287694931030217]]],[[[92.737060546875,12.285181045532227]]],[[[92.76673889160162,12.270320892334155]]],[[[92.75444793701189,12.294722557067928]]],[[[92.77118682861322,12.294923782348633]]],[[[92.8780593872072,12.293649673461971]]],[[[92.71141815185553,12.296070098877124],[92.71250152587908,12.246070861816463],[92.7044448852539,12.295836448669661],[92.71141815185553,12.296070098877124]]],[[[92.76590728759783,12.299070358276424]]],[[[92.94139862060553,12.280801773071289],[92.92582702636747,12.233161926269645],[92.90366363525396,12.278177261352766],[92.94139862060553,12.280801773071289]]],[[[92.77657318115251,12.310280799865666],[92.82625579833996,12.30293273925787],[92.8739776611331,12.287760734558162],[92.86158752441435,12.239262580871582],[92.84691619873041,12.191439628601131],[92.82050323486334,12.148690223693961],[92.79450225830095,12.105892181396428],[92.7659530639649,12.064702033996525],[92.74371337890653,12.10969161987299],[92.75920867919939,12.15779113769537],[92.76532745361345,12.207768440246525],[92.7452697753908,12.253748893737793],[92.77915954589872,12.290610313415698],[92.77657318115251,12.310280799865666]]],[[[93.07256317138672,12.31904411315918]]],[[[93.8396987915039,12.320819854736442],[93.87527465820318,12.285556793212834],[93.87034606933622,12.233473777771223],[93.81549072265642,12.270811080932845],[93.8396987915039,12.320819854736442]]],[[[92.91278076171875,12.331665992736987]]],[[[92.90593719482428,12.338507652282715]]],[[[92.91173553466825,12.33795166015625]]],[[[92.89693450927751,12.392077445983944]]],[[[92.85290527343756,12.408830642700423]]],[[[92.89916992187494,12.407500267028752]]],[[[92.88935089111334,12.412851333618221]]],[[[92.86587524414068,12.421003341674918]]],[[[92.90323638916033,12.42018985748291]]],[[[92.83173370361334,12.426821708679483]]],[[[92.95536041259771,12.414690017700195],[92.93527984619158,12.368541717529467],[92.93254089355497,12.418521881103686],[92.95536041259771,12.414690017700195]]],[[[92.87503051757818,12.44508266448969]]],[[[92.67945861816406,12.541128158569393]]],[[[92.70242309570318,12.637869834900187]]],[[[92.73144531250006,12.703124046325797]]],[[[92.72425842285185,12.736729621887207]]],[[[92.72669982910185,12.751379966735954]]],[[[92.65584564209001,12.76895904541027]]],[[[92.71707916259783,12.774780273437727]]],[[[92.72499847412138,12.761666297912825]]],[[[92.71618652343756,12.79729270935087]]],[[[92.71676635742193,12.800591468811092]]],[[[92.71760559082031,12.803103446960677]]],[[[92.7109680175783,12.82903003692627],[92.71245574951172,12.778761863708723],[92.71959686279303,12.72926998138422],[92.70745849609403,12.778330802917537],[92.7074966430664,12.828359603881893],[92.7109680175783,12.82903003692627]]],[[[92.72763061523443,12.836471557617301]]],[[[92.73178100585943,12.856430053711165]]],[[[92.72861480712919,12.864445686340446]]],[[[92.77856445312506,12.864757537841854]]],[[[92.76547241210932,12.854721069336165]]],[[[92.75959777832048,12.877590179443303]]],[[[92.7855529785158,12.893334388733024]]],[[[92.89370727539062,12.898564338684196]]],[[[92.75508117675787,12.912811279297046]]],[[[92.86476135253912,12.912481307983455]]],[[[92.79498291015653,12.911258697509822]]],[[[92.91307830810575,12.917289733886776]]],[[[92.76815032958984,12.917540550231877]]],[[[92.93531799316412,12.918089866638297]]],[[[92.76702117919939,12.924701690673771]]],[[[92.8988876342774,12.915830612182617],[92.92731475830084,12.874341964721737],[92.94420623779314,12.827119827270565],[92.93360900878912,12.778020858764705],[92.96805572509783,12.741212844848633],[92.96465301513689,12.689959526062012],[92.95832824707048,12.639852523803711],[92.9589462280274,12.589679718017635],[92.97544097900419,12.542469978332633],[92.96417999267607,12.493341445922908],[92.94069671630871,12.44889068603527],[92.91452789306646,12.405893325805664],[92.88149261474626,12.443861007690714],[92.84416961669928,12.479168891906681],[92.877983093262,12.441476821899698],[92.82884979248064,12.431840896606445],[92.79442596435575,12.468147277832145],[92.82678985595709,12.42959976196289],[92.84947967529303,12.384669303894327],[92.88673400878935,12.350940704345817],[92.85388183593756,12.313179969787598],[92.80374908447277,12.313291549682617],[92.75605010986334,12.296637535095499],[92.70916748046903,12.314101219177246],[92.70005035400385,12.36360073089611],[92.69916534423834,12.414048194885197],[92.70202636718756,12.464191436767805],[92.69496154785156,12.51379394531267],[92.70683288574224,12.562500953674316],[92.6844558715822,12.607480049133358],[92.71932983398455,12.643754959106445],[92.76325225830084,12.667780876159838],[92.78502655029303,12.622530937194938],[92.78785705566412,12.672699928283862],[92.73773956298834,12.672513008117733],[92.74583435058594,12.721944808960018],[92.72609710693365,12.768250465393237],[92.72248840332037,12.818380355834961],[92.75865173339861,12.853116035461653],[92.7816696166995,12.808330535888786],[92.77023315429682,12.857318878173885],[92.80193328857439,12.896010398864746],[92.84768676757812,12.875814437866438],[92.89311981201189,12.896952629089412],[92.8988876342774,12.915830612182617]]],[[[92.77420043945341,12.931133270263729]]],[[[92.87702178955107,12.932061195373649]]],[[[92.76561737060575,12.932523727417276]]],[[[92.89277648925787,12.937220573425577]]],[[[92.90142822265653,12.941149711608887]]],[[[92.67150878906256,12.948341369629134]]],[[[92.66895294189447,12.953350067138672]]],[[[92.69565582275385,12.991958618164233],[92.71511077880854,12.945819854736385],[92.72177124023466,12.895871162414608],[92.70263671875006,12.84838008880638],[92.67539978027372,12.80476379394537],[92.65116882324247,12.848640441894588],[92.6676177978515,12.896402359008903],[92.6792602539062,12.945040702820108],[92.69565582275385,12.991958618164233]]],[[[93.00673675537138,12.996899604797363],[92.98502349853533,12.951641082763672],[93.0053329467774,12.997520446777344],[93.00673675537138,12.996899604797363]]],[[[92.988052368164,12.998050689697493]]],[[[92.91249847412138,13.002499580383585]]],[[[92.949722290039,13.021110534668082]]],[[[92.92639160156261,13.024168014526367]]],[[[92.91860961914091,13.040000915527287]]],[[[92.93360900878912,13.049443244934196]]],[[[92.91681671142584,13.05789184570341]]],[[[92.73055267334013,13.095690727234114]]],[[[92.71916961669939,13.09889125823986]]],[[[92.7949981689456,13.171110153198299]]],[[[93.0613861083985,13.22138786315918]]],[[[93.01667022705072,13.284167289734171]]],[[[93.07450866699236,13.303334236144963]]],[[[93.01867675781256,13.329630851745776]]],[[[92.96806335449236,13.332500457763615]]],[[[93.01611328125017,13.339089393615836]]],[[[93.03749847412126,13.34056186676031]]],[[[93.07723999023443,13.364815711975211]]],[[[93.08257293701178,13.36687183380144]]],[[[93.06231689453125,13.38329792022705]]],[[[92.86583709716814,13.413610458373967]]],[[[92.81305694580084,13.419722557067985]]],[[[93.09449005126947,13.417631149292163]]],[[[93.07205200195318,13.426081657409952]]],[[[93.09902191162138,13.435761451721476]]],[[[92.84333038330095,13.440832138061808]]],[[[94.27333068847662,13.464444160461483]]],[[[92.87444305419922,13.51220989227295]]],[[[92.91889190673834,13.515569686889876]]],[[[92.91000366210966,13.537221908569506]]],[[[92.87500000000017,13.54083442688011]]],[[[93.00785827636747,13.555362701416243]]],[[[93.05734252929705,13.566250801086653]]],[[[93.02944183349604,13.573333740234375],[93.04499816894537,13.525279045105094],[93.03472137451178,13.476111412048567],[93.03166961669928,13.425830841064453],[93.04972076416033,13.379165649414062],[93.08416748046903,13.341390609741211],[93.04083251953136,13.367220878601074],[92.99500274658209,13.346111297607422],[93.0136108398437,13.299444198608626],[93.04471588134766,13.260281562805176],[93.046127319336,13.210120201110783],[93.0342788696289,13.161449432373047],[93.0327758789063,13.111255645751896],[93.02694702148466,13.06138992309576],[92.99051666259794,13.027120590210018],[92.94079589843767,13.035271644592228],[92.8958358764649,13.057778358459416],[92.90688323974615,13.008950233459416],[92.93775939941423,12.969559669494856],[92.89196014404314,12.989741325378588],[92.87482452392578,12.942214012146223],[92.87018585205072,12.892311096191463],[92.82032012939459,12.897272109985579],[92.7994461059572,12.942764282226562],[92.81884002685575,12.988970756530705],[92.79360961914068,13.032779693603572],[92.7969360351562,13.082781791687125],[92.81944274902338,13.128610610961914],[92.83249664306646,13.176944732666243],[92.82749938964861,13.226940155029524],[92.82250213623041,13.277221679687557],[92.82639312744146,13.327221870422363],[92.83999633789091,13.375555992126465],[92.87333679199224,13.414166450500431],[92.87110900878935,13.46471977233881],[92.90944671630888,13.49861145019554],[92.94194793701189,13.536669731140364],[92.99194335937506,13.53528022766136],[93.02443695068388,13.573890686035327],[93.02944183349604,13.573333740234375]]],[[[92.89694213867205,13.601671218872127]]],[[[93.06388854980474,13.654166221618823]]],[[[93.02361297607428,13.67086124420166]]],[[[93.0158309936524,13.67611217498785],[93.0303497314456,13.62799263000494],[92.98416900634771,13.647218704223633],[93.0158309936524,13.67611217498785]]],[[[93.22442626953142,14.015830993652514]]],[[[93.36666870117182,14.047499656677246]]],[[[93.38360595703153,14.127779960632381]]],[[[93.36624908447294,14.156380653381461],[93.37610626220709,14.107219696045206],[93.36332702636724,14.155559539794922],[93.36624908447294,14.156380653381461]]],[[[93.35694122314447,14.192500114440861]]],[[[93.37027740478544,14.193334579467717]]],[[[93.55055236816423,14.783920288086108]]],[[[93.57083129882818,14.846321105957031]]],[[[93.57221984863293,14.859443664550952]]],[[[93.57274627685553,14.870361328125]]],[[[93.64138793945312,14.902499198913802],[93.61861419677763,14.857777595520304],[93.6407012939456,14.90264034271246],[93.64138793945312,14.902499198913802]]],[[[93.64840698242205,14.934869766235352]]]]}},{"type":"Feature","properties":{"name":"Andhra Pradesh"},"geometry":{"type":"MultiPolygon","coordinates":[[[[80.27458190917997,13.459583282470703]]],[[[80.22735595703142,13.494031906127987]]],[[[80.2323608398438,13.494583129882812]]],[[[80.26541900634777,13.519582748413143]]],[[[80.19264221191423,13.52069568634056]]],[[[80.18486022949224,13.535421371460018]]],[[[80.05346679687506,13.589310646057243]]],[[[80.14902496337896,13.618473052978516],[80.15902709960966,13.569026947021484],[80.12124633789091,13.601810455322209],[80.14902496337896,13.618473052978516]]],[[[80.0970764160158,13.641530990600529]]],[[[80.10652923583996,13.652919769287223]]],[[[80.10263824462908,13.677640914916992]]],[[[80.05986022949213,15.199861526489315]]],[[[80.21069335937528,15.501530647277946]]],[[[81.0279159545899,15.765693664551009]]],[[[80.7829132080081,15.837639808655013]]],[[[80.78791809082048,15.843194007873592]]],[[[80.78597259521513,15.8565292358399]]],[[[80.77348327636724,15.861809730529785]]],[[[81.54180908203136,16.355421066284407]]],[[[81.53514099121122,16.355972290039062]]],[[[82.31735229492216,16.576530456543196]]],[[[82.26235961914068,16.67791748046892]]],[[[82.29951477050798,16.71433258056635]]],[[[82.30790710449236,16.716529846191634]]],[[[82.31485748291027,16.72597312927246]]],[[[82.33207702636713,16.72486114501953]]],[[[82.33207702636713,16.72486114501953],[82.33097076416033,16.6745796203615],[82.31764221191423,16.62597084045433],[82.27014160156267,16.64375114440918],[82.28515624999994,16.697441101074276],[82.32763671875011,16.724584579467717],[82.33207702636713,16.72486114501953]]],[[[83.17207336425776,17.56903076171892]]],[[[83.30569458007818,17.68458366394043]]],[[[83.31208038330072,17.684860229492415]]],[[[83.2698593139649,17.70874977111839]]],[[[82.29951477050798,16.71433258056635],[82.24494934082048,16.718959808349723],[82.19677734375006,16.73647117614746],[82.24653625488287,16.691440582275618],[82.25681304931646,16.642080307006893],[82.29207611084001,16.606531143188533],[82.27263641357422,16.56041717529314],[82.22763824462896,16.53847312927246],[82.18208312988287,16.517639160156364],[82.13681030273455,16.495140075683707],[82.09152984619169,16.47264099121105],[82.04736328125017,16.449029922485465],[82.00347137451189,16.424861907959098],[81.95819091796886,16.402919769287223],[81.90930175781256,16.39014053344738],[81.86096954345697,16.37681007385254],[81.81513977050793,16.35652732849121],[81.77097320556658,16.332916259765625],[81.72458648681635,16.313194274902457],[81.67791748046892,16.33180618286127],[81.62791442871111,16.336805343627873],[81.5781860351563,16.344030380249137],[81.52902984619152,16.35458374023449],[81.47902679443365,16.352920532226562],[81.42874908447294,16.348194122314567],[81.38041687011724,16.361804962158203],[81.34597015380888,16.325139999389762],[81.30124664306646,16.302640914917106],[81.26235961914068,16.270969390869084],[81.230972290039,16.231809616088924],[81.2101364135745,16.185689926147518],[81.18264007568365,16.143472671508903],[81.18402862548857,16.093469619751033],[81.15957641601574,16.049579620361328],[81.13986206054688,16.0031929016115],[81.12041473388678,15.957084655761832],[81.08319091796892,15.92347240447998],[81.04985809326178,15.88597106933588],[81.01597595214872,15.849028587341365],[80.99485778808611,15.803470611572209],[81.00206756591825,15.753190994262752],[80.95874786376982,15.728191375732422],[80.90902709960955,15.71931171417242],[80.85930633544928,15.711250305175724],[80.81208038330107,15.728191375732422],[80.785140991211,15.771531105041618],[80.80708312988287,15.816530227661417],[80.78097534179716,15.859305381774902],[80.7315292358399,15.875690460205135],[80.68125152587919,15.881251335144157],[80.62847137451189,15.874311447143555],[80.57847595214844,15.863750457763615],[80.52986145019548,15.851804733276367],[80.48486328125017,15.829870223999023],[80.43930816650396,15.809029579162825],[80.3954162597658,15.784584045410213],[80.35375213623075,15.756806373596305],[80.3156967163086,15.724305152893066],[80.28291320800787,15.686249732971305],[80.25708007812494,15.64319992065441],[80.23680877685575,15.596529960632324],[80.22708129882841,15.54708194732666],[80.20625305175787,15.500972747802678],[80.1915283203125,15.452917098999137],[80.15831756591814,15.41541862487793],[80.12735748291044,15.375970840454215],[80.10514068603521,15.329310417175293],[80.08763885498053,15.28236007690441],[80.08763885498053,15.227359771728743],[80.07707977294939,15.178473472595329],[80.0587463378908,15.131810188293684],[80.04792022705084,15.077349662780762],[80.05095672607422,15.02653026580839],[80.0593032836914,14.976805686950911],[80.06874847412115,14.927080154419002],[80.08458709716803,14.879028320312614],[80.08736419677751,14.826804161071777],[80.09902954101568,14.777639389038143],[80.12208557128923,14.733193397521916],[80.14653015136724,14.689027786254883],[80.15958404541044,14.640694618225098],[80.18930816650402,14.600418090820256],[80.18763732910185,14.549578666687012],[80.17874908447266,14.497920989990234],[80.17514038085943,14.447079658508358],[80.17236328125028,14.390137672424373],[80.1648559570313,14.340420722961426],[80.14514160156267,14.2943115234375],[80.13458251953153,14.245416641235579],[80.12791442871122,14.19458389282238],[80.12819671630876,14.143750190734863],[80.13402557373075,14.093471527099666],[80.14514160156267,14.044310569763411],[80.16069793701183,13.995970726013184],[80.18569183349621,13.952639579773006],[80.20485687255876,13.905689239501953],[80.22486114501953,13.859861373901424],[80.24514007568365,13.81402683258051],[80.24903106689482,13.762639045715275],[80.23680877685558,13.713749885559196],[80.23291778564453,13.663749694824219],[80.2431945800783,13.6137504577639],[80.26568603515642,13.568751335144157],[80.28485870361334,13.521809577941951],[80.30179595947271,13.474579811096191],[80.27791595459001,13.52069568634056],[80.25875091552763,13.567083358764705],[80.22791290283203,13.60653018951416],[80.1915283203125,13.640970230102766],[80.17151641845709,13.687359809875488],[80.13957977294916,13.725973129272518],[80.1426391601562,13.67125129699707],[80.14154052734392,13.62125110626232],[80.12403106689459,13.668472290039006],[80.0806961059572,13.643467903137207],[80.06208038330084,13.596527099609489],[80.08569335937506,13.552362442016545],[80.1190261840822,13.514580726623478],[80.16263580322294,13.489583015442122],[80.21402740478533,13.486531257629622],[80.2620925903322,13.472640037536621],[80.27014160156256,13.422916412353459],[80.31450653076189,13.39921092987072],[80.26608276367205,13.41797924041748],[80.2463989257812,13.46538066864025],[80.19406127929693,13.476229667663631],[80.14465332031256,13.484689712524414],[80.0994262695313,13.506310462951717],[80.0509872436524,13.530511856079158],[79.99413299560553,13.529600143432617],[80.03697967529297,13.499350547790584],[79.99537658691435,13.459450721740666],[79.96322631835943,13.417910575866813],[79.94803619384777,13.367220878601074],[79.90628814697294,13.33905124664318],[79.85885620117205,13.313740730285872],[79.80848693847656,13.30508041381836],[79.75405883789074,13.302789688110408],[79.73938751220732,13.25443077087408],[79.783256530762,13.228161811828727],[79.74437713623041,13.194911003112907],[79.69243621826178,13.20753097534191],[79.68161010742216,13.26555061340332],[79.63072204589844,13.268159866333121],[79.5802612304688,13.245370864868221],[79.5414428710937,13.278931617737044],[79.4978103637697,13.31482124328636],[79.42887878417997,13.32356166839611],[79.37460327148455,13.303039550781193],[79.42502593994146,13.281340599060115],[79.40968322753923,13.228150367736816],[79.38437652587896,13.184720993041935],[79.3478393554687,13.143819808960188],[79.30973052978533,13.106900215148926],[79.26741027832048,13.141201019287053],[79.21466064453136,13.127670288085994],[79.1889190673831,13.084618568420524],[79.17697143554705,13.033379554748535],[79.11927032470709,13.02256965637207],[79.06906890869146,13.014150619506893],[79.02588653564447,13.049579620361385],[78.98174285888678,13.076199531555176],[78.93007659912121,13.066021919250602],[78.89010620117205,13.019829750061035],[78.88040924072283,13.069602012634277],[78.81342315673828,13.074647903442383],[78.75446319580072,13.046981811523665],[78.70244598388689,13.056151390075797],[78.69375610351574,13.004391670227108],[78.64171600341825,13.001610755920638],[78.62899780273455,12.953110694885254],[78.61965179443376,12.902071952819881],[78.59900665283232,12.849470138549805],[78.59060668945341,12.797900199890137],[78.56684875488281,12.752149581909123],[78.54931640625006,12.700700759887809],[78.50180053710955,12.721509933471737],[78.49344635009771,12.669590950012207],[78.45907592773455,12.631520271301383],[78.40711212158232,12.617520332336426],[78.34835815429716,12.623641014099121],[78.29496765136747,12.654240608215446],[78.239067077637,12.692392349243164],[78.18984985351591,12.68130970001232],[78.22722625732433,12.715171813964957],[78.23542785644543,12.787579536438102],[78.24109649658209,12.847420692443848],[78.30310058593756,12.847200393676871],[78.33833312988298,12.906499862670898],[78.38839721679699,12.905520439148177],[78.43570709228544,12.888859748840446],[78.42459106445318,12.938209533691406],[78.45939636230463,12.975751876831055],[78.44991302490251,13.025811195373592],[78.50457763671903,13.052762031555176],[78.52796173095709,13.097359657287825],[78.53878021240251,13.151571273803711],[78.56012725830078,13.198200225830192],[78.5721511840822,13.248600959777775],[78.55565643310553,13.299429893493652],[78.52377319335943,13.260621070862044],[78.47255706787104,13.291131973266602],[78.42906951904291,13.31711196899414],[78.37512207031267,13.318591117858887],[78.36444854736345,13.370491027832088],[78.36531066894543,13.424390792846907],[78.36744689941435,13.48197078704834],[78.38546752929693,13.531669616699332],[78.36709594726562,13.58030033111595],[78.31247711181652,13.583501815796012],[78.25827026367193,13.575309753418196],[78.20849609375006,13.581880569458121],[78.16555786132818,13.620970726013127],[78.1232299804688,13.64890098571783],[78.07280731201189,13.655171394348201],[78.10721588134771,13.698351860046387],[78.09532165527361,13.750280380249023],[78.10765838623075,13.80360031127941],[78.0973663330081,13.852761268615666],[78.05471038818376,13.879351615905762],[78.00477600097662,13.861710548400822],[77.96578216552729,13.820159912109375],[77.94184112548834,13.871050834655819],[77.97460174560564,13.912251472473201],[77.91980743408197,13.898701667785701],[77.86242675781267,13.926800727844352],[77.80848693847656,13.922589302063045],[77.82724761962902,13.871600151062239],[77.78637695312506,13.839920043945426],[77.7481765747072,13.806209564209041],[77.71420288085932,13.760790824890194],[77.66371154785173,13.752260208129826],[77.61434936523443,13.760310173034668],[77.57363128662104,13.726650238037166],[77.51966857910156,13.743849754333496],[77.52152252197294,13.687870025634766],[77.44975280761724,13.675790786743164],[77.45809936523455,13.730330467224178],[77.45240020751959,13.780401229858342],[77.41275787353521,13.811750411987362],[77.3675384521485,13.84320926666254],[77.32000732421892,13.825751304626522],[77.25595092773443,13.839450836181754],[77.24156188964838,13.888851165771598],[77.19689178466825,13.859530448913574],[77.18161773681652,13.91077041625988],[77.16249084472662,13.856980323791504],[77.15537261962908,13.807390213012638],[77.1665802001956,13.754669189453239],[77.11094665527361,13.754620552062931],[77.06004333496094,13.738861083984318],[77.01986694335949,13.769860267639217],[76.98002624511747,13.807191848754826],[77.00598907470732,13.850090026855469],[77.0278091430664,13.897170066833496],[77.00810241699213,13.947369575500716],[76.977348327637,13.993870735168457],[76.93109893798845,14.022731781005973],[76.97152709960955,14.052391052246207],[76.94658660888678,14.102971076965332],[76.8984680175783,14.12687969207758],[76.93698120117205,14.165891647338867],[76.9943923950197,14.173749923706055],[77.01380157470732,14.127401351928711],[77.02453613281267,14.077169418334904],[77.0690307617188,14.047189712524414],[77.12110137939459,14.042180061340389],[77.1443710327149,13.993519783020247],[77.19455718994146,14.002860069274902],[77.25575256347662,14.020958900451774],[77.31349182128923,14.024820327758732],[77.34567260742216,13.985580444336165],[77.35263824462896,13.928450584411621],[77.391860961914,13.879890441894588],[77.40770721435547,13.936100006103572],[77.37269592285162,13.97551059722906],[77.34406280517584,14.019060134887809],[77.37238311767607,14.07185173034668],[77.34651184082048,14.117850303649902],[77.38955688476591,14.15354061126709],[77.45392608642584,14.162981033325195],[77.50679016113287,14.164240837097282],[77.4930877685548,14.213970184326229],[77.49626159667974,14.271751403808707],[77.44362640380865,14.27755069732666],[77.4092864990235,14.327101707458496],[77.38120269775408,14.282991409301985],[77.40618133544922,14.236710548400822],[77.38378906250011,14.191821098327694],[77.35923767089838,14.243600845336857],[77.30748748779303,14.273839950561523],[77.28114318847662,14.331110954284782],[77.23195648193365,14.311070442199764],[77.1795120239259,14.326370239257812],[77.13092803955072,14.313810348510799],[77.10692596435564,14.261760711669865],[77.09522247314482,14.209480285644588],[77.0496292114259,14.239542007446403],[76.99456024169916,14.235560417175407],[76.94346618652361,14.236310005188045],[76.94873809814482,14.286761283874512],[76.90615844726568,14.315340995788517],[76.88314056396513,14.390291213989258],[76.93678283691406,14.401309967041072],[76.96437072753918,14.451741218567008],[76.90651702880865,14.484161376953352],[76.85421752929705,14.498880386352596],[76.80509185791021,14.524870872497559],[76.77815246582037,14.579331398010254],[76.7695083618164,14.65631103515625],[76.78553771972673,14.70709133148199],[76.78642272949247,14.761911392211971],[76.83136749267584,14.784111976623478],[76.84436035156256,14.833251953125114],[76.84377288818365,14.886420249939022],[76.86547851562517,14.937600135803336],[76.82028198242205,14.959170341491927],[76.76377105712885,14.969869613647461],[76.78457641601562,15.016670227050838],[76.77574157714872,15.069161415100154],[76.82943725585955,15.07429122924799],[76.86975097656256,15.044019699096623],[76.9193572998048,15.028521537780762],[76.98178100585932,15.010360717773438],[77.03745269775419,15.027570724487418],[77.08825683593767,15.023037910461426],[77.12552642822271,15.068209648132324],[77.15403747558611,15.120520591735783],[77.16153717041021,15.182210922241438],[77.12090301513678,15.22124099731451],[77.16525268554716,15.250971794128475],[77.12374877929688,15.287569999694824],[77.06909179687528,15.31947135925293],[77.03803253173857,15.358781814575309],[77.02686309814459,15.407752037048454],[77.00203704834001,15.45538139343273],[76.97013854980463,15.494951248169059],[77.02659606933588,15.499990463256893],[77.02371215820341,15.576381683349666],[77.02710723876959,15.629349708557186],[77.08143615722662,15.652840614318904],[77.08436584472685,15.708959579467773],[77.04669189453125,15.75133132934576],[77.06388854980474,15.823169708251953],[77.0524520874024,15.876282691955566],[77.09005737304699,15.917869567871094],[77.13677215576178,15.936219215393066],[77.18782806396501,15.950710296630803],[77.24405670166016,15.956761360168684],[77.30021667480474,15.95049953460699],[77.35360717773443,15.943701744079704],[77.40763092041027,15.935651779174918],[77.46697998046903,15.927580833435059],[77.51457977294928,15.943429946899357],[77.50839996337885,15.995829582214412],[77.49566650390642,16.0477104187014],[77.50347137451189,16.101520538330135],[77.48680877685575,16.153078079223633],[77.49369812011747,16.20617103576683],[77.49897003173834,16.257860183716048],[77.54321289062506,16.287059783935604],[77.59099578857422,16.3046112060548],[77.55452728271513,16.341560363769588],[77.51014709472673,16.37018013000494],[77.44896697998053,16.37580108642578],[77.38813781738287,16.371799468994197],[77.33273315429682,16.38829994201666],[77.28466033935541,16.4029998779298],[77.2582092285158,16.447309494018555],[77.29580688476568,16.481340408325195],[77.34790039062506,16.48551750183111],[77.39351654052746,16.5148601531983],[77.39144134521513,16.565200805664062],[77.44326019287115,16.582059860229606],[77.46247100830095,16.62920951843256],[77.41684722900385,16.65475082397461],[77.46504211425793,16.678281784057617],[77.4254302978515,16.711759567260856],[77.4372100830081,16.763130187988395],[77.45941162109392,16.817762374878157],[77.45759582519537,16.879280090332145],[77.46354675292997,16.929040908813533],[77.47837066650396,16.99024963378912],[77.49186706542969,17.03884124755865],[77.46386718750006,17.086711883545036],[77.41178894042974,17.120519638061637],[77.36686706542963,17.15133094787609],[77.39344787597656,17.20693969726574],[77.42047882080078,17.249330520629996],[77.43776702880871,17.296689987182845],[77.45635223388689,17.34498977661127],[77.50975799560564,17.359270095825195],[77.53550720214861,17.40410041809082],[77.57195281982439,17.43855094909668],[77.6109466552735,17.469940185546932],[77.6527633666995,17.503250122070312],[77.60797119140625,17.53107261657715],[77.56083679199247,17.553520202636832],[77.50965881347662,17.549169540405273],[77.46515655517595,17.574659347534293],[77.44882202148443,17.622789382934684],[77.45099639892578,17.680860519409237],[77.49173736572271,17.712860107421875],[77.54412078857439,17.733390808105582],[77.52304077148466,17.779621124267692],[77.54371643066423,17.826269149780217],[77.57274627685553,17.872810363769645],[77.61657714843767,17.90286827087408],[77.62899017334001,17.95384025573742],[77.62229156494158,18.00465965270996],[77.57448577880865,18.030740737915266],[77.5897979736331,18.080289840698356],[77.59777069091803,18.15184020996105],[77.56431579589861,18.189979553222713],[77.57253265380876,18.24056053161621],[77.54995727539091,18.2913494110108],[77.52732849121111,18.339401245117188],[77.549301147461,18.38771820068365],[77.52848052978533,18.440481185913086],[77.58264160156267,18.44306945800787],[77.60283660888689,18.491380691528377],[77.59726715087919,18.54754066467285],[77.6488113403322,18.552619934081974],[77.71235656738281,18.554439544677678],[77.7480926513673,18.60531044006342],[77.73092651367199,18.65532112121582],[77.75762939453136,18.707090377807617],[77.80271911621094,18.729249954223746],[77.82755279541033,18.786012649536133],[77.90759277343778,18.82951927185053],[77.8986587524414,18.883739471435604],[77.84049987792986,18.911300659179744],[77.81520080566412,18.959239959716797],[77.76735687255871,18.981420516967773],[77.76093292236322,19.051210403442496],[77.80130767822277,19.084409713745117],[77.84519195556669,19.114210128784407],[77.85035705566435,19.16765022277832],[77.85845184326189,19.218469619751033],[77.89187622070318,19.25709915161127],[77.8608779907226,19.302129745483512],[77.91227722167974,19.31795120239252],[77.96270751953153,19.331769943237305],[78.01161193847673,19.30111122131342],[78.04944610595709,19.262729644775447],[78.09938812255865,19.245479583740178],[78.1497421264649,19.23005104064947],[78.18315124511724,19.278961181640625],[78.19715118408203,19.331729888916016],[78.18698883056669,19.38454818725586],[78.21508026123047,19.427051544189396],[78.26692962646513,19.447929382324162],[78.31204986572271,19.47925949096691],[78.29548645019537,19.530839920044002],[78.31204223632818,19.57856178283697],[78.29550170898449,19.631830215454215],[78.28581237792997,19.689670562744254],[78.33251953125028,19.708509445190487],[78.36080169677734,19.753980636596793],[78.36048889160162,19.805740356445426],[78.30316925048857,19.8458309173584],[78.30761718750017,19.90849113464367],[78.36575317382807,19.882890701293945],[78.39765930175798,19.836402893066463],[78.46465301513678,19.816211700439453],[78.51921081542974,19.819900512695312],[78.57370758056658,19.813802719116268],[78.63520812988293,19.803779602050838],[78.68637084960932,19.789939880371094],[78.73834991455084,19.779430389404354],[78.79695129394543,19.76857948303234],[78.8535766601563,19.738000869751204],[78.86398315429705,19.68670082092308],[78.91590881347662,19.667730331420955],[78.9689559936524,19.649232864379883],[78.9713287353515,19.59725952148449],[79.01219177246111,19.543760299682674],[79.06339263916021,19.531250000000114],[79.11281585693388,19.509780883789062],[79.15696716308611,19.485549926757812],[79.21871185302729,19.464500427246207],[79.22342681884777,19.51700973510748],[79.2501068115235,19.57768058776861],[79.30484008789068,19.590150833129883],[79.36902618408203,19.57123184204113],[79.41361236572294,19.533479690551758],[79.46512603759794,19.509010314941406],[79.51584625244169,19.522359848022518],[79.56559753417974,19.510900497436523],[79.60721588134794,19.539461135864315],[79.65261840820341,19.57669258117687],[79.70511627197283,19.581220626830998],[79.75425720214872,19.602331161499137],[79.80520629882841,19.576759338378963],[79.85623168945318,19.517110824585075],[79.90223693847662,19.496490478515852],[79.9449996948245,19.45881843566906],[79.97000122070341,19.40946006774925],[79.96452331542986,19.35067939758312],[79.96177673339872,19.297491073608455],[79.92016601562506,19.226409912109602],[79.94243621826178,19.175880432128963],[79.87120819091825,19.122699737548828],[79.86109924316435,19.05994987487793],[79.91610717773438,19.047359466552734],[79.9327926635745,18.995700836181697],[79.94094085693365,18.937660217285213],[79.94094848632818,18.87738990783697],[79.90409851074224,18.834880828857422],[79.9319915771485,18.784429550171126],[79.98153686523443,18.77428054809576],[80.02966308593761,18.74869918823248],[80.0654907226563,18.713262557983455],[80.10655975341825,18.67752838134777],[80.15808105468744,18.695940017700195],[80.20787811279297,18.70046043395996],[80.26036834716814,18.714099884033203],[80.29946136474626,18.679210662841797],[80.31931304931658,18.62173271179222],[80.36695098876953,18.604650497436467],[80.41755676269537,18.610719680786133],[80.46774291992193,18.622800827026367],[80.51801300048828,18.603450775146428],[80.55779266357428,18.572759628296012],[80.60098266601562,18.545030593872184],[80.6364059448245,18.507230758666992],[80.66610717773443,18.462640762329045],[80.71302795410162,18.40573120117199],[80.72638702392584,18.350250244140568],[80.74462127685564,18.30218124389654],[80.77739715576166,18.25974082946783],[80.73326873779303,18.218790054321346],[80.74507141113287,18.164831161499023],[80.79792785644537,18.16629981994629],[80.81772613525396,18.21276092529297],[80.86749267578125,18.207258224487532],[80.85578918457026,18.151689529419002],[80.91198730468756,18.13850975036621],[80.95419311523466,18.16698074340826],[80.94754791259766,18.11683845520014],[80.96350097656261,18.049779891967887],[80.97151947021496,17.99736976623541],[80.97981262207048,17.945730209350586],[80.99723815917974,17.895160675048885],[81.0043487548831,17.838348388671875],[81.03244781494158,17.789730072021598],[81.08708190917974,17.80334281921398],[81.15956878662115,17.852630615234318],[81.21349334716803,17.833049774170036],[81.26336669921903,17.81046295166027],[81.31505584716825,17.812339782714957],[81.36760711669928,17.80808830261242],[81.41941833496088,17.82059860229515],[81.47012329101591,17.823181152343807],[81.52572631835943,17.810871124267805],[81.5748672485351,17.827341079711914],[81.63143920898443,17.830440521240234],[81.66306304931646,17.876930236816463],[81.726318359375,17.87409973144554],[81.77574920654314,17.904769897460938],[81.81980133056658,17.94546127319336],[81.87413787841797,17.959840774536246],[81.9247131347658,17.980880737304744],[81.97305297851568,18.00567054748535],[82.0066375732423,18.049198150634766],[82.05972290039062,18.045118331909237],[82.11058807373058,18.057661056518555],[82.16034698486334,18.043598175048942],[82.19692230224615,18.008689880371094],[82.2417068481447,17.979761123657227],[82.26624298095732,18.02569007873535],[82.3169631958009,18.036020278930664],[82.3431625366211,18.08247947692871],[82.33336639404308,18.142379760742188],[82.30943298339861,18.189380645751896],[82.33203887939482,18.240129470825195],[82.37187957763678,18.274101257324332],[82.33444213867193,18.3171329498291],[82.37635040283203,18.35326957702631],[82.36599731445341,18.403352737426758],[82.39737701416016,18.451601028442383],[82.43712615966808,18.497301101684627],[82.47400665283203,18.5368328094483],[82.51426696777361,18.503639221191406],[82.52319335937494,18.452779769897575],[82.53697967529314,18.404199600219954],[82.58080291748041,18.37885093688965],[82.6003189086914,18.330760955810547],[82.58558654785156,18.28096008300787],[82.61640930175793,18.238121032714844],[82.65648651123075,18.27880096435547],[82.70169067382841,18.30484008789074],[82.75064849853521,18.323299407958984],[82.77790832519537,18.370920181274414],[82.78710937500006,18.426740646362305],[82.83698272705095,18.414270401000977],[82.88835906982428,18.406259536743164],[82.90274810791044,18.35591125488287],[82.9559707641601,18.355810165405273],[83.00348663330078,18.376920700073185],[83.05619812011724,18.377260208129883],[83.05982971191412,18.428632736206055],[83.05517578125,18.488122940063704],[83.08850860595732,18.5327606201173],[83.03247833251953,18.547889709472656],[83.04891967773455,18.59526252746582],[83.00934600830107,18.63148117065441],[83.05146026611334,18.663230895996207],[83.08574676513678,18.709980010986385],[83.11752319335932,18.75048065185547],[83.16854858398443,18.75906944274908],[83.2033233642581,18.7195796966555],[83.2227172851563,18.76593017578125],[83.27525329589872,18.785369873046875],[83.32614135742199,18.794820785522404],[83.36032104492216,18.83204078674322],[83.40680694580084,18.853679656982536],[83.37444305419916,18.891941070556697],[83.36084747314464,18.94811058044445],[83.31334686279303,18.966630935668945],[83.34091186523455,19.00916290283226],[83.39295959472656,18.999128341674805],[83.4329223632813,18.961399078369197],[83.46750640869169,18.998918533325252],[83.46327209472668,19.052600860595817],[83.51322937011724,19.03032112121582],[83.54485321044928,19.069402694702205],[83.59320831298857,19.0848903656007],[83.61408996582037,19.133819580078125],[83.65748596191435,19.087772369384766],[83.6843872070312,19.04393005371105],[83.72325134277355,19.011899948120117],[83.73002624511736,18.96015930175787],[83.75614929199236,18.916690826416016],[83.74172210693365,18.967058181762923],[83.77320098876959,19.006589889526367],[83.808090209961,18.968402862548828],[83.81693267822294,18.90940284729004],[83.84366607666016,18.851400375366268],[83.8832397460938,18.81969070434576],[83.93358612060553,18.806858062744197],[83.99153900146484,18.80466270446783],[84.03871917724621,18.787429809570256],[84.07788085937494,18.748880386352596],[84.12948608398443,18.75286293029808],[84.17981719970709,18.768970489502067],[84.22698974609403,18.7871608734132],[84.27854919433594,18.789680480957145],[84.33222198486334,18.792022705078125],[84.33413696289068,18.851560592651595],[84.3832321166995,18.86927986145031],[84.42032623291021,18.904870986938704],[84.43454742431635,18.963159561157227],[84.41464996337896,19.012359619140625],[84.46282958984392,18.98328971862793],[84.49777984619146,19.02487945556635],[84.54772186279297,19.046091079712028],[84.58769226074247,19.0129909515382],[84.62329101562506,19.055660247802848],[84.59577178955095,19.115209579467887],[84.64729309082037,19.120370864868164],[84.69213867187506,19.151700973510742],[84.71185302734403,19.100030899047965],[84.76101684570318,19.07131195068365],[84.73180389404303,19.03069496154785],[84.70124816894548,18.990972518920955],[84.6695861816408,18.95207977294922],[84.63263702392584,18.918190002441463],[84.59819793701166,18.88180541992199],[84.5762481689456,18.83680534362793],[84.55346679687506,18.791809082031193],[84.51457977294928,18.760139465331974],[84.47902679443376,18.7248592376709],[84.44653320312528,18.686809539794865],[84.42069244384766,18.643749237060547],[84.38318634033214,18.610679626464844],[84.355697631836,18.56875991821289],[84.32319641113298,18.530700683593693],[84.28402709960966,18.499580383300895],[84.24624633789074,18.46681022644043],[84.20986175537104,18.432361602783146],[84.17375183105474,18.397640228271598],[84.1423568725586,18.358470916748274],[84.12596893310564,18.310968399047965],[84.08374786376982,18.28403091430664],[84.03901672363298,18.26152992248558],[83.99373626709013,18.23986053466797],[83.94902801513678,18.217081069946516],[83.90125274658197,18.201248168945426],[83.85874938964861,18.174583435058537],[83.8118057250976,18.157361984253043],[83.76569366455095,18.137361526489485],[83.72125244140642,18.114305496215877],[83.67764282226568,18.089031219482536],[83.63735961914068,18.05931282043457],[83.59625244140653,18.030702590942383],[83.5590286254884,17.997083663940487],[83.53347015380871,17.9540309906007],[83.49125671386724,17.926811218261832],[83.45181274414068,17.895690917968864],[83.41929626464861,17.85736274719261],[83.40763854980463,17.80846977233898],[83.37486267089861,17.770696640014705],[83.34348297119146,17.73153114318859],[83.30568695068365,17.69819259643566],[83.2762527465822,17.657640457153548],[83.23541259765625,17.628467559814453],[83.20485687255888,17.588750839233683],[83.16236114501953,17.56152915954584],[83.11374664306658,17.547639846802042],[83.06791687011747,17.52708244323736],[83.0215301513673,17.50764083862316],[82.9870834350586,17.470970153808537],[82.94097137451172,17.45097160339361],[82.8948593139649,17.43098068237316],[82.84930419921886,17.409585952758903],[82.80319213867182,17.389860153198185],[82.75736236572277,17.36986160278326],[82.71235656738293,17.34763908386236],[82.6679153442384,17.324581146240178],[82.62430572509766,17.299863815307617],[82.58125305175787,17.274311065673885],[82.53930664062506,17.247085571289062],[82.49791717529303,17.219030380249023],[82.45819091796892,17.1881942749024],[82.4204177856447,17.15513992309576],[82.38403320312506,17.12070083618164],[82.34708404541021,17.086803436279297],[82.31180572509777,17.051250457763615],[82.28542327880865,17.008190155029297],[82.27041625976574,16.96013832092308],[82.25013732910162,16.914306640625057],[82.28263854980497,16.876251220703068],[82.33152770996111,16.85541725158697],[82.36152648925787,16.897363662719954],[82.35791778564459,16.949310302734318],[82.32514190673834,16.987083435058537],[82.3601379394533,16.95014190673828],[82.36541748046903,16.899585723877067],[82.35874938964872,16.849861145019588],[82.35236358642578,16.800138473510742],[82.34152984619146,16.750692367553825],[82.30486297607439,16.716527938842887],[82.29951477050798,16.71433258056635]]]]}},{"type":"Feature","properties":{"name":"Arunachal Pradesh"},"geometry":{"type":"Polygon","coordinates":[[[96.1577758789063,29.383100509643555],[96.185111999512,29.33909988403326],[96.20754241943365,29.281770706176758],[96.24356842041033,29.235122680664006],[96.31260681152361,29.25909996032709],[96.35838317871111,29.28154182434082],[96.38867187499994,29.236652374267805],[96.35849761962919,29.181629180908203],[96.31004333496122,29.168500900268498],[96.26020050048834,29.160160064697493],[96.21508789062528,29.133251190185604],[96.17980957031244,29.092100143432674],[96.1242065429688,29.080669403076286],[96.16084289550787,29.036510467529297],[96.18485260009771,28.98811912536638],[96.15406036376947,28.94651031494152],[96.20465087890642,28.919160842895508],[96.25565338134771,28.95925140380865],[96.293701171875,28.998729705810547],[96.33728790283209,29.02452087402355],[96.38896179199224,29.034141540527344],[96.44979858398443,29.042310714721737],[96.50031280517578,29.070901870727653],[96.4928131103515,29.02033042907715],[96.48752593994158,28.96533966064476],[96.53029632568365,28.936969757080078],[96.5374526977539,28.88412094116228],[96.56697845459013,28.841920852661303],[96.60383605957031,28.80442047119169],[96.6094360351563,28.753381729125977],[96.57232666015653,28.714710235595703],[96.52236938476557,28.708980560302678],[96.47274017334013,28.688209533691463],[96.49405670166021,28.638191223144588],[96.4444427490235,28.605989456176758],[96.4067001342774,28.571500778198185],[96.35460662841803,28.56059074401867],[96.36091613769537,28.509729385376033],[96.33506011962919,28.462779998779297],[96.28476715087908,28.43077087402372],[96.31532287597662,28.388420104980582],[96.37094116210938,28.394300460815543],[96.39940643310564,28.344499588012695],[96.43051910400396,28.38609123230009],[96.46972656249994,28.422809600830135],[96.52014160156267,28.423339843750114],[96.57958984374994,28.463092803955192],[96.63918304443365,28.464130401611328],[96.68734741210966,28.44828033447277],[96.73996734619169,28.42723274230957],[96.7706832885745,28.380760192871207],[96.8264770507813,28.36720275878912],[96.88001251220703,28.382789611816406],[96.92089843750006,28.352188110351847],[96.97406005859392,28.323690414428825],[97.02715301513678,28.330060958862305],[97.0792999267581,28.365089416504134],[97.1298065185548,28.35140991210949],[97.16536712646501,28.31301116943382],[97.21402740478533,28.29905128479004],[97.26812744140653,28.278261184692383],[97.31304168701178,28.251831054687614],[97.36499023437511,28.23159027099615],[97.40042114257818,28.193510055541992],[97.35183715820341,28.181539535522518],[97.33170318603533,28.135721206665153],[97.30811309814459,28.085727691650447],[97.35675811767584,28.067609786987305],[97.39856719970732,28.03411102294939],[97.37806701660173,27.98615074157715],[97.38268280029303,27.936109542846793],[97.37135314941406,27.886930465698356],[97.32116699218744,27.889511108398438],[97.28074645996094,27.91954994201666],[97.23677062988287,27.889938354492244],[97.19560241699224,27.85639953613304],[97.15225982666021,27.81920051574724],[97.10246276855469,27.793420791625977],[97.06201171875017,27.757450103759936],[97.01322174072271,27.735361099243278],[96.98484802246105,27.69099044799816],[96.93887329101568,27.66073989868164],[96.90058135986357,27.624269485473803],[96.91422271728521,27.56729125976574],[96.93350219726568,27.515710830688477],[96.91092681884783,27.468019485473633],[96.94139099121122,27.426950454712028],[96.9717407226562,27.378950119018782],[97.00334167480474,27.329940795898494],[97.04358673095709,27.289751052856502],[97.08184051513689,27.25386810302757],[97.11669921874994,27.209220886230526],[97.15289306640636,27.16841125488304],[97.15011596679705,27.111520767211857],[97.09921264648455,27.118570327758903],[97.04791259765625,27.123741149902344],[96.99900054931669,27.153949737548828],[96.9446792602539,27.174051284790153],[96.88297271728521,27.1905193328858],[96.89140319824247,27.240909576416016],[96.85566711425787,27.28030967712408],[96.82486724853544,27.320470809936467],[96.78531646728521,27.3588104248048],[96.72844696044928,27.372390747070426],[96.67619323730474,27.37089920043951],[96.62048339843756,27.37281990051281],[96.57991790771496,27.333650588989485],[96.53759765625028,27.30429840087902],[96.48603057861334,27.30523109436058],[96.4334869384765,27.30994033813471],[96.38279724121111,27.297519683838175],[96.32039642333984,27.29801940917963],[96.26743316650396,27.27783966064453],[96.21810913085966,27.26958084106451],[96.16368865966803,27.254480361938704],[96.11450195312506,27.23331069946306],[96.05728149414068,27.202791213989485],[96.02298736572294,27.166389465332315],[95.9895858764649,27.125190734863565],[95.96306610107428,27.081979751586914],[95.92318725585943,27.048900604248104],[95.87713623046875,27.020498275757006],[95.81529998779325,27.022220611572493],[95.77294158935575,26.982530593872184],[95.75254821777372,26.93023109436058],[95.72113037109392,26.883630752563477],[95.67336273193371,26.910221099853516],[95.6341323852539,26.873260498046875],[95.61151885986334,26.821212768554688],[95.56269836425787,26.837209701538086],[95.51480102539068,26.8131999969483],[95.48914337158232,26.76167106628435],[95.4462966918947,26.72743988037132],[95.40643310546892,26.696620941162166],[95.35581207275419,26.67712974548334],[95.30841064453125,26.6577205657959],[95.26165771484392,26.681489944458065],[95.2282028198245,26.723848342895565],[95.23330688476568,26.773719787597656],[95.2035522460938,26.82131958007824],[95.20642852783209,26.877870559692326],[95.23396301269526,26.920600891113452],[95.20675659179693,26.962591171264705],[95.1976165771485,27.015689849853516],[95.24822998046903,27.030252456665323],[95.2879180908206,27.06632041931175],[95.33510589599626,27.095920562744254],[95.38546752929688,27.105091094970646],[95.42919158935553,27.134050369262695],[95.46800994873047,27.172290802001953],[95.47067260742188,27.22321128845215],[95.51064300537115,27.25897979736328],[95.56326293945318,27.252502441406307],[95.61914062500006,27.236551284790266],[95.67920684814459,27.25391960144043],[95.73188018798834,27.266540527343693],[95.78468322753912,27.27913093566906],[95.83793640136724,27.2870712280274],[95.88765716552751,27.263320922851562],[95.94056701660162,27.309589385986328],[95.98420715332037,27.33434104919445],[96.02091217041044,27.371259689331225],[95.99093627929699,27.41457176208496],[95.9498901367188,27.445020675659123],[95.90010070800787,27.411331176757812],[95.84934234619146,27.43032073974615],[95.87843322753935,27.475601196289062],[95.87992095947277,27.529790878295955],[95.84601593017607,27.56799125671398],[95.80960845947266,27.60527038574247],[95.78623199462896,27.65566062927246],[95.77336120605463,27.705350875854606],[95.78053283691412,27.758220672607422],[95.82312774658232,27.809249877929688],[95.86633300781256,27.838460922241325],[95.90722656250028,27.868640899658203],[95.93931579589844,27.909820556640682],[95.96520996093778,27.95263290405296],[95.82588195800787,27.977371215820426],[95.60674285888678,27.95776939392107],[95.56504821777372,27.922519683838004],[95.5159530639649,27.881788253784464],[95.3843383789063,27.84202194213873],[95.31655883789062,27.871129989623967],[95.23654174804693,27.848350524902344],[95.05182647705078,27.790229797363338],[94.99787902832048,27.776550292969034],[94.93003082275396,27.75673103332531],[94.86086273193388,27.739479064941634],[94.82126617431658,27.696220397949332],[94.77216339111357,27.683969497680835],[94.720703125,27.66999053955078],[94.66911315917974,27.65027809143072],[94.61406707763666,27.62574005126953],[94.5638961791995,27.60696029663103],[94.51566314697266,27.584730148315487],[94.46930694580072,27.56401252746582],[94.43058776855463,27.596460342407283],[94.38043212890625,27.58509063720703],[94.32905578613293,27.58839035034208],[94.27603149414074,27.593349456787394],[94.25222778320341,27.640930175781364],[94.21111297607422,27.610841751098746],[94.24060058593778,27.57035064697277],[94.25972747802751,27.52349090576172],[94.2123260498048,27.49794960021967],[94.16422271728521,27.480989456176758],[94.12333679199236,27.434980392456055],[94.07244873046875,27.383012771606502],[94.03008270263689,27.347991943359318],[93.98567199707037,27.320579528808594],[93.93891143798845,27.273279190063477],[93.89298248291021,27.230970382690543],[93.85746002197283,27.191101074218807],[93.81701660156267,27.158241271972656],[93.82663726806646,27.09938049316429],[93.79399871826178,27.057729721069393],[93.74642944335938,27.032409667968807],[93.70095062255865,26.997102737426758],[93.65511322021501,26.966478347778548],[93.59583282470709,26.955181121826172],[93.54548645019537,26.95174026489252],[93.48935699462908,26.93852996826189],[93.4366607666015,26.95609092712425],[93.37423706054699,26.960380554199332],[93.26685333251964,26.956001281738395],[93.1842803955081,26.938739776611442],[93.1089630126956,26.927280426025504],[93.03820800781278,26.917881011963118],[92.98668670654325,26.933830261230526],[92.9327697753908,26.95693969726574],[92.89977264404314,26.9962615966798],[92.83658599853544,27.013549804687727],[92.78527069091825,27.03067970275879],[92.72750854492182,27.028400421142692],[92.65892791748053,27.03852081298851],[92.6454620361331,26.987449645996207],[92.58521270751982,26.961862564086914],[92.53176116943371,26.96330070495611],[92.466293334961,26.963060379028377],[92.41188812255876,26.94419097900402],[92.35305023193371,26.935569763183707],[92.30285644531256,26.924209594726562],[92.2093505859375,26.896890640258903],[92.14792633056658,26.89088821411127],[92.11706542968756,26.93241691589361],[92.10212707519548,26.983001708984432],[92.07875061035162,27.03277015686035],[92.03374481201178,27.064815521240348],[92.02220153808611,27.114919662475586],[92.02522277832026,27.17176055908203],[92.06275177001964,27.209600448608512],[92.03992462158203,27.261802673339844],[92.09503936767572,27.273040771484375],[92.06715393066435,27.318267822265625],[92.04637908935575,27.36836051940918],[92.04393005371094,27.4253444671632],[92.01876068115234,27.47974586486839],[91.96543121337896,27.46681022644043],[91.90896606445318,27.471210479736555],[91.84913635253935,27.48255157470726],[91.78864288330084,27.469209671020508],[91.7332763671875,27.470230102539347],[91.69008636474638,27.5027503967288],[91.6388778686524,27.50365066528326],[91.60545349121111,27.54369354248047],[91.56200408935553,27.584209442138615],[91.56683349609386,27.6524658203125],[91.60248565673834,27.694972991943473],[91.62961578369169,27.74699020385748],[91.62815856933611,27.800830841064567],[91.5780105590822,27.81391716003418],[91.54389190673834,27.85555458068859],[91.59408569335943,27.862062454223576],[91.65406036376947,27.85706138610857],[91.69412231445312,27.822130203247127],[91.7462768554688,27.803350448608455],[91.79907226562517,27.808221817016715],[91.84519958496111,27.77565956115717],[91.87330627441412,27.730470657348633],[91.93402099609403,27.721569061279297],[91.97287750244146,27.759901046753043],[92.0377731323245,27.75720024108898],[92.08457183837908,27.77977943420433],[92.13889312744169,27.824462890625],[92.18934631347662,27.852050781250114],[92.24627685546903,27.86351966857916],[92.2846908569336,27.80755996704096],[92.32892608642595,27.78354835510254],[92.37983703613298,27.795019149780217],[92.42736816406256,27.812009811401367],[92.47672271728533,27.821529388427734],[92.52636718750006,27.831130981445312],[92.57624053955107,27.84181022644043],[92.62036132812517,27.884468078613395],[92.6692123413086,27.90013122558605],[92.713851928711,27.949279785156477],[92.73352050781256,27.99570846557623],[92.70246887207043,28.04084014892601],[92.6672592163086,28.078268051147404],[92.68698883056646,28.12579917907715],[92.736557006836,28.151550292968693],[92.78302764892578,28.183740615844954],[92.83937835693365,28.1792049407959],[92.89525604248053,28.204610824585018],[92.927719116211,28.244138717651424],[92.98596191406244,28.251310348510913],[93.02565765380876,28.286640167236442],[93.07203674316423,28.30925941467308],[93.12478637695341,28.326799392700423],[93.17978668212908,28.31721115112299],[93.2202987670899,28.355489730835018],[93.22586822509794,28.408300399780273],[93.18106842041044,28.432741165161076],[93.22245025634794,28.470279693603743],[93.26963043212908,28.501140594482422],[93.29743957519531,28.557588577270735],[93.31958007812517,28.607009887695597],[93.36177062988281,28.640829086303768],[93.41184234619169,28.65290069580101],[93.46256256103544,28.657030105591105],[93.50920867919922,28.67984008789074],[93.56127166748064,28.659610748291016],[93.62008666992193,28.657730102539176],[93.66942596435547,28.671960830688477],[93.7250289916995,28.688219070434627],[93.771713256836,28.67003631591797],[93.8187866210938,28.694890975952433],[93.9041290283206,28.67666053771984],[93.95697021484403,28.704679489135742],[93.97763061523455,28.759300231933594],[93.99997711181646,28.819770812988338],[94.03420257568388,28.8609619140625],[94.07884216308622,28.90582084655773],[94.13648986816406,28.940391540527457],[94.16677093505888,28.981161117553825],[94.18498992919928,29.039121627807674],[94.21469116210938,29.08408927917486],[94.25768280029303,29.116790771484432],[94.29757690429693,29.150550842285213],[94.35016632080084,29.15020942688011],[94.37684631347673,29.194501876831055],[94.4257431030274,29.223560333252237],[94.47869873046892,29.218759536743107],[94.53306579589861,29.218719482421818],[94.57208251953153,29.25057029724138],[94.60536956787115,29.296989440918026],[94.62354278564459,29.345590591430778],[94.67724609375017,29.327840805053768],[94.73070526123053,29.287160873413086],[94.77738189697283,29.241119384765682],[94.79286956787115,29.18036079406744],[94.84658813476562,29.182991027832145],[94.90695953369146,29.166521072387695],[94.9568862915039,29.16037178039562],[95.00498199462896,29.135749816894474],[95.05368041992216,29.15018463134777],[95.10888671875017,29.129020690918082],[95.17752075195312,29.10857963562023],[95.24047851562517,29.110710144043082],[95.2575073242188,29.06197929382347],[95.30870819091825,29.059310913086108],[95.37387084960943,29.04129028320324],[95.42935943603521,29.041280746459904],[95.47402954101568,29.065929412841854],[95.49186706542986,29.123680114746207],[95.54680633544939,29.128650665283203],[95.54531860351568,29.180580139160156],[95.57971954345732,29.217372894287166],[95.60510253906278,29.262470245361612],[95.6602325439456,29.26522827148449],[95.70189666748047,29.300420761108455],[95.74540710449224,29.329120635986328],[95.79648590087908,29.33633041381836],[95.84825897216808,29.358659744262752],[95.88931274414091,29.391361236572322],[95.95710754394537,29.382667541504134],[96.00248718261736,29.412071228027457],[96.04406738281267,29.450469970703125],[96.10118103027355,29.445310592651538],[96.13923645019548,29.407791137695312],[96.1577758789063,29.383100509643555]]]}},{"type":"Feature","properties":{"name":"Assam"},"geometry":{"type":"MultiPolygon","coordinates":[[[[89.87145233154291,25.53729820251459],[89.87175750732428,25.478900909424],[89.8592071533206,25.527360916137923],[89.87145233154291,25.53729820251459]]],[[[89.87145233154291,25.53729820251459]]],[[[95.95231628417986,27.94184112548851],[95.92392730712896,27.895999908447322],[95.89209747314459,27.85704040527372],[95.84599304199247,27.83010101318365],[95.8113174438476,27.793720245361385],[95.78777313232428,27.74205017089838],[95.79312896728521,27.692270278930778],[95.79734039306652,27.63956069946289],[95.819808959961,27.590280532836914],[95.86235809326178,27.552600860595874],[95.88964080810553,27.50616836547863],[95.8594589233399,27.46261024475109],[95.89437866210943,27.41828918457054],[95.94300079345709,27.446390151977596],[95.98945617675776,27.421720504760856],[96.01494598388678,27.37545967102062],[95.97734069824224,27.342300415039062],[95.91874694824236,27.29922294616722],[95.87760162353521,27.267408370971793],[95.81019592285173,27.28092002868658],[95.75701141357439,27.274351119995117],[95.70188140869158,27.255640029907454],[95.63700103759766,27.236909866333065],[95.57788085937517,27.24215126037609],[95.5348129272461,27.270620346069393],[95.48722839355497,27.24603080749523],[95.46581268310553,27.197429656982422],[95.46106719970714,27.140220642089957],[95.4063110351563,27.118320465087947],[95.34860229492188,27.104761123657454],[95.29662322998053,27.072851181030387],[95.26071929931658,27.037250518798828],[95.20768737792986,27.034780502319336],[95.1545028686524,27.006040573120174],[95.1132202148437,26.972320556640682],[95.06533813476591,26.94819068908697],[95.01657104492205,26.924352645874023],[94.96676635742205,26.936180114746207],[94.91385650634777,26.94256973266613],[94.86963653564482,26.91500854492199],[94.83878326416033,26.87400054931652],[94.81305694580095,26.824760437011832],[94.76906585693365,26.791099548339844],[94.71969604492216,26.758039474487305],[94.66513824462902,26.727760314941406],[94.61194610595732,26.73265075683605],[94.57150268554716,26.69622230529791],[94.52009582519548,26.701450347900504],[94.46794128417997,26.669820785522575],[94.43448638916021,26.625379562378043],[94.41188049316435,26.573400497436523],[94.37827301025402,26.525260925293196],[94.33693695068354,26.484819412231445],[94.28723907470709,26.508520126342717],[94.28890991210955,26.55990028381359],[94.24482727050781,26.51692008972168],[94.20111846923857,26.469900131225813],[94.17401123046903,26.42089080810547],[94.17357635498053,26.367578506469783],[94.12397003173834,26.33591079711914],[94.0902862548831,26.29713058471674],[94.05285644531256,26.255790710449332],[94.03573608398466,26.203189849853572],[94.00434875488298,26.164070129394645],[94.00216674804716,26.1113796234132],[93.98081207275419,26.058631896972656],[93.9583816528322,26.01189041137718],[93.96920776367188,25.960840225219727],[93.96075439453136,25.90585517883312],[93.91382598876964,25.88176918029808],[93.87362670898466,25.850919723510742],[93.82137298583979,25.832401275634822],[93.79064178466825,25.87378120422369],[93.79360961914068,25.926040649414176],[93.73645019531261,25.930538177490178],[93.68768310546875,25.909440994262752],[93.70643615722662,25.85329055786127],[93.66082763671892,25.824380874633846],[93.62381744384783,25.790428161621207],[93.5837707519533,25.75774955749523],[93.54619598388689,25.7215194702149],[93.5101928710938,25.671020507812614],[93.46556854248053,25.644191741943473],[93.41829681396496,25.621059417724666],[93.38240051269537,25.58475112915039],[93.3412628173831,25.554859161376953],[93.36502075195318,25.510139465332088],[93.39591979980474,25.464120864868278],[93.45687103271513,25.44194984436041],[93.4739379882813,25.393110275268555],[93.45188903808622,25.344190597534237],[93.4599685668947,25.294731140136662],[93.41205596923822,25.263450622558537],[93.37950134277361,25.220790863037223],[93.3491516113283,25.166730880737305],[93.34435272216791,25.116149902343864],[93.310791015625,25.07262992858898],[93.26835632324224,25.044090270996037],[93.25525665283232,24.992401123046818],[93.2498397827149,24.94260025024414],[93.23338317871111,24.89491081237793],[93.19719696044928,24.856491088867244],[93.19307708740263,24.806230545044002],[93.14285278320318,24.80105972290039],[93.10427856445312,24.763240814208928],[93.08878326416016,24.709190368652344],[93.09765625000006,24.659000396728572],[93.07678222656267,24.60377120971691],[93.06553649902361,24.54726982116705],[93.03576660156267,24.4969482421875],[93.03674316406267,24.443941116333008],[93.0004959106447,24.40327072143566],[92.94415283203153,24.401832580566463],[92.89438629150419,24.395309448242244],[92.84427642822283,24.37986946105957],[92.80887603759771,24.416891098022575],[92.78624725341825,24.463739395141545],[92.7651977539063,24.520849227905387],[92.74360656738287,24.474628448486442],[92.71813964843778,24.41621971130371],[92.6950073242188,24.369569778442383],[92.65239715576189,24.335290908813704],[92.6167831420899,24.291231155395735],[92.59140014648443,24.245981216430664],[92.54574584960932,24.219900131225586],[92.52539825439453,24.172929763793945],[92.48062896728521,24.150110244751033],[92.43445587158209,24.174140930175895],[92.4185180664062,24.221649169921818],[92.37652587890653,24.251310348510856],[92.3140716552735,24.252601623535156],[92.25958251953136,24.250419616699332],[92.26407623291033,24.362159729003963],[92.2593383789063,24.413511276245117],[92.23230743408214,24.45845031738304],[92.23114776611334,24.50937843322754],[92.2338333129884,24.561790466308594],[92.24610137939447,24.619279861450252],[92.25814056396501,24.668680191040096],[92.2821426391601,24.71545028686529],[92.29219055175787,24.76465034484869],[92.28144073486345,24.814359664917106],[92.24411010742193,24.84937286376953],[92.24138641357439,24.901279449463004],[92.29104614257818,24.909549713134766],[92.33892822265636,24.88861274719261],[92.38455200195341,24.86712265014654],[92.43235015869146,24.852109909057674],[92.47962188720703,24.872600555419922],[92.49275207519548,24.921199798583984],[92.4520874023437,24.953430175781307],[92.423637390137,24.996099472045955],[92.44653320312528,25.042041778564567],[92.48017883300798,25.085840225219783],[92.52651214599626,25.105850219726676],[92.57903289794928,25.132009506225586],[92.6299667358399,25.125030517578125],[92.66297912597662,25.172990798950423],[92.71621704101591,25.19415855407709],[92.76764678955084,25.20475959777832],[92.77670288085966,25.260538101196516],[92.78473663330072,25.3115291595459],[92.75009918212896,25.35437965393089],[92.70973205566435,25.386119842529354],[92.66703796386747,25.414079666137923],[92.61477661132841,25.41743087768566],[92.59815979003935,25.471651077270508],[92.62760925292986,25.52221107482916],[92.6573562622072,25.563381195068303],[92.60349273681669,25.56108283996582],[92.55632019042974,25.59280014038086],[92.51055145263678,25.617200851440373],[92.48134613037115,25.663892745971793],[92.43434143066435,25.687530517578182],[92.4127731323245,25.73298072814947],[92.35179901123064,25.734870910644588],[92.29358673095697,25.71730041503929],[92.23684692382818,25.708391189575423],[92.18791961669916,25.68343162536621],[92.15101623535162,25.719369888305664],[92.15410614013683,25.77292060852062],[92.16326141357433,25.82575035095215],[92.1869430541995,25.87481117248535],[92.22547912597685,25.907049179077205],[92.17431640625006,25.909189224243164],[92.16732788085932,25.958761215210075],[92.20912170410173,25.989669799804915],[92.2557220458985,26.028932571411133],[92.30158233642607,26.076490402221623],[92.25145721435547,26.064361572265625],[92.18936920166021,26.06688117980957],[92.13816833496111,26.0528182983399],[92.08113098144531,26.043621063232536],[92.0278930664062,26.039899826049805],[91.97817230224626,26.02585029602045],[91.92681121826166,26.001609802246094],[91.88323211669928,26.03000068664562],[91.87523651123053,26.084560394287337],[91.82655334472662,26.118141174316406],[91.7845764160158,26.086580276489258],[91.73126220703153,26.0592098236084],[91.72116851806669,26.001840591430664],[91.71393585205107,25.94722938537609],[91.67598724365229,25.9118328094483],[91.6227569580081,25.93099021911621],[91.62679290771484,25.9823894500733],[91.58812713623047,26.03014945983881],[91.55484008789091,25.986610412597713],[91.51978302001947,25.94089126586914],[91.5032577514649,25.892160415649357],[91.45495605468767,25.851312637329215],[91.40119171142595,25.851100921631087],[91.34855651855486,25.840351104736328],[91.3063278198245,25.796369552612305],[91.2764663696289,25.751670837402457],[91.22387695312506,25.723419189453182],[91.18917846679699,25.763469696044922],[91.18815612792969,25.815570831298828],[91.1453933715822,25.847339630127067],[91.08135223388678,25.82934188842779],[91.02494049072271,25.827560424804744],[91.02910614013678,25.879850387573185],[90.97538757324247,25.889450073242188],[90.95384979248075,25.936702728271484],[90.90119171142607,25.929590225219727],[90.84323883056635,25.94481086730957],[90.7917022705081,25.93573951721214],[90.74543762207048,25.912290573120117],[90.71774291992182,25.954708099365348],[90.67018890380871,25.934259414672965],[90.62671661376982,25.901359558105696],[90.60539245605463,25.9469509124757],[90.55335998535173,25.929121017456055],[90.51254272460955,25.896240234375057],[90.53479766845732,25.9456405639649],[90.50573730468756,25.996021270751953],[90.44711303710955,25.996530532836914],[90.3972930908206,26.012229919433707],[90.34665679931646,26.002952575683594],[90.2865829467774,25.963899612426758],[90.22737121582031,25.955139160156307],[90.17611694335938,25.9570827484132],[90.12322998046875,25.957162857055778],[90.08072662353533,25.924528121948242],[90.04209899902355,25.890750885009993],[90.01152038574224,25.849670410156477],[89.95886993408203,25.826568603515852],[89.95524597167969,25.774459838867188],[89.91613769531267,25.739191055297795],[89.93235015869158,25.689960479736385],[89.98043823242193,25.637569427490178],[90.0172958374024,25.602191925049055],[89.97280883789068,25.574609756469727],[89.91809844970709,25.562629699707088],[89.87010192871122,25.54422187805187],[89.88073730468761,25.594028472900675],[89.87908172607416,25.645330429077376],[89.85205841064453,25.691640853881836],[89.83432769775396,25.739509582519474],[89.83554077148466,25.79037094116228],[89.8303985595706,25.852140426636026],[89.85822296142584,25.894929885864485],[89.88855743408214,25.937530517578125],[89.83677673339861,25.941610336303825],[89.87642669677751,25.973308563232422],[89.84140014648443,26.00986289978033],[89.79155731201189,26.01765060424833],[89.80181884765653,26.067840576171875],[89.7691268920899,26.107919692993164],[89.75092315673845,26.155611038208008],[89.70427703857428,26.174549102783203],[89.71170806884771,26.227741241455078],[89.73745727539068,26.271100997924805],[89.75054168701189,26.32146072387718],[89.79032135009771,26.358062744140568],[89.84092712402338,26.377759933471737],[89.85520172119169,26.4340496063233],[89.85269165039068,26.487779617309684],[89.86226654052763,26.53729057312023],[89.87422180175787,26.589212417602596],[89.87367248535162,26.643510818481445],[89.8614120483399,26.70034980773943],[89.90631103515653,26.72365951538086],[89.95777893066412,26.723165512085018],[90.0196838378908,26.73053169250511],[90.07763671874994,26.735202789306754],[90.1278381347658,26.749042510986328],[90.18872070312506,26.770572662353516],[90.19187927246088,26.827289581299055],[90.2443161010745,26.857931137085075],[90.30150604248058,26.848230361938704],[90.3457794189456,26.876436233520565],[90.39099121093778,26.900320053100586],[90.44108581542974,26.88287162780773],[90.48314666748047,26.85308074951189],[90.52881622314459,26.823520660400504],[90.57306671142584,26.798799514770565],[90.63031768798834,26.791669845581282],[90.67938232421903,26.780242919921932],[90.72896575927763,26.76836776733404],[90.78674316406278,26.774190902710245],[90.8368530273438,26.77671051025402],[90.89691925048834,26.778636932373104],[90.95475769042974,26.783840179443473],[91.01207733154314,26.78563880920416],[91.0755920410158,26.800493240356445],[91.1297378540039,26.808479309082088],[91.18033599853516,26.811449050903434],[91.23690032959013,26.808950424194336],[91.289566040039,26.788879394531307],[91.3412399291995,26.781780242920036],[91.38475036621094,26.809329986572322],[91.43660736084013,26.817262649536133],[91.49276733398443,26.789764404296875],[91.56020355224638,26.799886703491268],[91.6121673583985,26.816791534424055],[91.67928314209001,26.804748535156364],[91.7578964233399,26.82881355285656],[91.81002807617199,26.85812759399414],[91.85346221923834,26.91229057312023],[91.90931701660173,26.91035079956049],[91.95397949218756,26.88774108886713],[91.9941711425783,26.85525131225586],[92.0455169677735,26.84754180908203],[92.09741973876959,26.868610382080078],[92.14792633056658,26.89088821411127],[92.2093505859375,26.896890640258903],[92.26123046875,26.90876960754389],[92.32005310058605,26.928380966186523],[92.39975738525396,26.926271438598746],[92.44216918945307,26.95502281188959],[92.50502014160162,26.966770172119254],[92.58521270751982,26.961862564086914],[92.6454620361331,26.987449645996207],[92.65702056884771,27.037590026855526],[92.71367645263678,27.02609062194847],[92.76909637451166,27.033041000366154],[92.82441711425781,27.01848030090332],[92.88337707519548,27.00234031677246],[92.91777038574224,26.96424102783203],[92.9729766845706,26.94082069396967],[93.01937103271501,26.916830062866325],[93.06884002685553,26.924209594726562],[93.1842803955081,26.938739776611442],[93.26685333251964,26.956001281738395],[93.34793853759794,26.96324157714855],[93.4366607666015,26.95609092712425],[93.486831665039,26.94309043884283],[93.54548645019537,26.95174026489252],[93.59583282470709,26.955181121826172],[93.65511322021501,26.966478347778548],[93.69828033447271,26.994791030883732],[93.74257659912138,27.029712677002067],[93.78227233886713,27.066900253296126],[93.83209991455095,27.072868347168196],[93.82195281982416,27.12203025817894],[93.83699798584013,27.172079086303654],[93.88561248779325,27.22438240051281],[93.93390655517572,27.268341064453182],[93.97267150878923,27.308340072631893],[94.0258331298831,27.34770011901867],[94.06864929199224,27.37440109252924],[94.09992218017584,27.413919448852596],[94.14080810546886,27.44845962524431],[94.18689727783209,27.49081039428711],[94.25905609130871,27.522600173950195],[94.24060058593778,27.57035064697277],[94.21111297607422,27.610841751098746],[94.25222778320341,27.640930175781364],[94.27603149414074,27.593349456787394],[94.32905578613293,27.58839035034208],[94.38043212890625,27.58509063720703],[94.43103790283209,27.603080749511776],[94.45973968505888,27.557710647583008],[94.5094070434572,27.584070205688704],[94.55612182617205,27.60323905944847],[94.60408020019537,27.623100280761776],[94.66464233398455,27.64785957336437],[94.71663665771496,27.661649703979606],[94.76693725585943,27.680139541625977],[94.81803131103516,27.696840286254996],[94.86071777343767,27.73338127136242],[94.93003082275396,27.75673103332531],[94.98703765869146,27.77085113525385],[95.0387573242188,27.77773094177246],[95.1948623657226,27.834449768066463],[95.29254913330095,27.864990234375227],[95.3843383789063,27.84202194213873],[95.5159530639649,27.881788253784464],[95.56504821777372,27.922519683838004],[95.60674285888678,27.95776939392107],[95.82588195800787,27.977371215820426],[95.95688629150408,27.969129562378043],[95.95231628417986,27.94184112548851]]]]}},{"type":"Feature","properties":{"name":"Bihar"},"geometry":{"type":"MultiPolygon","coordinates":[[[[88.1054763793947,26.53903961181652]]],[[[84.11972045898443,27.513521194458065],[84.16581726074219,27.483615875244368],[84.2095031738283,27.45645523071289],[84.26030731201178,27.446550369262923],[84.27873992919939,27.39523315429716],[84.3308181762697,27.380115509033317],[84.38971710205107,27.37211799621599],[84.4433135986331,27.370016098022745],[84.50454711914057,27.355588912964038],[84.56718444824224,27.347263336181925],[84.61660766601568,27.33704566955589],[84.68412017822271,27.236415863037337],[84.6825180053711,27.185914993286076],[84.68225860595714,27.135749816894702],[84.6682205200197,27.087406158447266],[84.67518615722662,27.034606933593693],[84.72152709960943,27.015203475952376],[84.77309417724638,27.01663589477556],[84.82479858398432,27.021043777465877],[84.86842346191435,26.983514785766715],[84.91937255859403,26.968725204467887],[84.97177886962896,26.951866149902344],[85.00388336181669,26.909570693969727],[85.05429077148455,26.88899612426775],[85.08968353271513,26.853332519531477],[85.14331817626947,26.8707981109622],[85.19770812988298,26.86659431457531],[85.1792297363283,26.814888000488224],[85.2015457153322,26.768888473510913],[85.25516510009771,26.760940551757812],[85.3061141967774,26.752737045288313],[85.35719299316423,26.760194778442326],[85.4046173095706,26.78271484375],[85.45481872558611,26.78169822692888],[85.49919128417997,26.808006286621207],[85.54508972167974,26.837865829468058],[85.59413909912115,26.850046157837085],[85.64461517334001,26.852914810180664],[85.7047729492188,26.83263397216814],[85.73711395263689,26.783914566040266],[85.73371887207037,26.730413436889876],[85.7259368896485,26.674844741821516],[85.761947631836,26.635921478271484],[85.81190490722673,26.609329223632812],[85.85997009277361,26.589586257934798],[85.9116287231447,26.604169845581282],[85.95714569091825,26.62893867492687],[86.00217437744169,26.654561996460245],[86.05722045898443,26.659515380859602],[86.11997222900396,26.630434036254996],[86.1693191528322,26.613924026489258],[86.21721649169939,26.591108322143498],[86.2628936767581,26.615291595458984],[86.32479095459001,26.619356155395565],[86.38745880126982,26.596654891967944],[86.43265533447294,26.572666168212947],[86.4883270263673,26.549427032470987],[86.54421997070341,26.538114547729492],[86.57277679443365,26.496894836425895],[86.62221527099615,26.483615875244425],[86.67917633056658,26.453683853149357],[86.7281799316408,26.425401687622355],[86.76745605468767,26.458189010620117],[86.82379913330084,26.441812515258903],[86.87320709228521,26.455226898193473],[86.93222808837885,26.489316940307617],[86.977592468262,26.519723892211914],[87.03588104248053,26.556596755981502],[87.08220672607422,26.522949218750227],[87.09391784667997,26.450016021728743],[87.1415100097658,26.414588928222656],[87.19147491455095,26.40510940551775],[87.24761199951178,26.413988113403434],[87.286117553711,26.373077392578182],[87.33825683593778,26.351470947265852],[87.36408233642595,26.396570205688533],[87.41433715820318,26.421529769897404],[87.46471405029325,26.43891334533697],[87.51892852783197,26.430620193481616],[87.57361602783232,26.396816253662166],[87.63038635253912,26.393468856811637],[87.68081665039091,26.41544342041027],[87.73612213134794,26.407522201538313],[87.7802810668947,26.43559074401861],[87.8277130126956,26.451906204223917],[87.88814544677763,26.476228713989258],[87.9281616210938,26.44006538391119],[87.96831512451189,26.396816253662166],[88.00671386718756,26.36441612243675],[88.04616546630876,26.395788192748967],[88.0862426757813,26.4258975982666],[88.10699462890642,26.471755981445256],[88.1072387695313,26.52631187438965],[88.15744018554693,26.51874160766613],[88.20405578613281,26.539550781250057],[88.17920684814482,26.49398040771507],[88.2262268066408,26.47625160217285],[88.25963592529303,26.430669784546012],[88.22924804687517,26.38985061645525],[88.28189849853533,26.360130310058707],[88.24469757080095,26.3162899017334],[88.20410156250017,26.279590606689396],[88.15882873535185,26.256910324096793],[88.11187744140653,26.226209640503043],[88.07298278808622,26.18539047241211],[88.02662658691435,26.162799835205362],[87.97479248046875,26.152860641479492],[87.95494842529291,26.10568237304716],[87.89572906494146,26.07987022399908],[87.84915161132812,26.04496955871582],[87.83075714111357,25.99216079711931],[87.82830810546875,25.94111061096197],[87.81796264648466,25.888450622558707],[87.86528015136747,25.867551803589095],[87.8979568481447,25.82765007019043],[87.89774322509766,25.77181053161644],[87.94386291503935,25.74814033508295],[87.98779296875017,25.72367095947277],[88.03219604492182,25.696470260620345],[88.04537200927734,25.64810943603527],[88.02970123291044,25.60003852844244],[88.03787994384794,25.546180725097656],[88.06642913818365,25.50503921508789],[88.01573181152355,25.500499725341797],[87.96914672851568,25.526069641113395],[87.91609954833984,25.531909942626896],[87.86988067626947,25.503000259399528],[87.8338165283206,25.464572906494084],[87.78132629394543,25.444650650024528],[87.76306915283197,25.39561080932623],[87.78486633300798,25.344600677490178],[87.82892608642595,25.30342102050787],[87.85103607177751,25.257961273193473],[87.83683776855497,25.203109741210994],[87.787582397461,25.22048950195324],[87.73087310791033,25.25315093994135],[87.68907165527344,25.284940719604435],[87.63403320312506,25.312351226806754],[87.58116149902361,25.328039169311637],[87.53849792480474,25.296230316162166],[87.48638153076178,25.29607009887718],[87.47264099121094,25.24088287353527],[87.41660308837896,25.214910507202262],[87.3580169677735,25.211219787597656],[87.31064605712885,25.169820785522518],[87.293266296387,25.114351272583008],[87.24533081054693,25.09908103942894],[87.1974716186524,25.07365036010748],[87.15834045410162,25.0310001373291],[87.15203094482428,24.974439620971623],[87.15268707275419,24.9239501953125],[87.14964294433622,24.872400283813704],[87.10604858398438,24.84733009338379],[87.09568023681635,24.797599792480526],[87.08161163330095,24.748340606689567],[87.0708770751956,24.698850631713867],[87.05101013183622,24.649271011352653],[87.01558685302734,24.613300323486442],[86.96556091308622,24.631868362426815],[86.91896820068365,24.613479614257812],[86.9063568115235,24.56336975097662],[86.85463714599626,24.5504608154298],[86.80499267578153,24.564121246337834],[86.79184722900385,24.615310668945426],[86.74565124511747,24.58950042724615],[86.69536590576189,24.56891059875494],[86.64126586914068,24.576118469238338],[86.5948562622072,24.59707069396967],[86.55831909179693,24.55928993225092],[86.50572204589872,24.5177001953125],[86.48974609375017,24.46760177612299],[86.46582794189464,24.42188072204584],[86.45220947265625,24.368629455566463],[86.40101623535185,24.396270751953352],[86.35350036621122,24.44206047058117],[86.29957580566406,24.448989868164176],[86.30973052978516,24.506362915039176],[86.30404663085943,24.558290481567496],[86.25747680664068,24.5831298828125],[86.19493865966803,24.585161209106502],[86.14463043212902,24.603059768676815],[86.12631988525402,24.6542205810548],[86.1244430541995,24.70516014099121],[86.08657836914068,24.746320724487248],[86.03601074218767,24.747341156005916],[85.97725677490251,24.747631072998047],[85.92767333984392,24.74049949646019],[85.88717651367216,24.785589218139762],[85.84194183349638,24.80805969238287],[85.78572845458984,24.7986812591555],[85.73674011230486,24.822650909423885],[85.70919799804716,24.77563858032221],[85.70343780517584,24.725370407104492],[85.64952850341791,24.687040328979492],[85.6657028198245,24.63626098632824],[85.66470336914068,24.58193016052246],[85.60852050781244,24.58503913879389],[85.5565872192384,24.56064033508295],[85.51830291748041,24.52454948425293],[85.47215270996088,24.547790527343864],[85.41102600097662,24.545112609863395],[85.36116027832031,24.52971267700201],[85.297348022461,24.52864074707054],[85.25444030761724,24.497930526733512],[85.20326232910173,24.472949981689396],[85.15289306640642,24.464149475097713],[85.1269302368164,24.41151046752941],[85.08068084716803,24.380750656127987],[85.07615661621122,24.439870834350586],[85.02066802978544,24.42201995849632],[84.96856689453153,24.375949859619197],[84.91297912597656,24.37565040588379],[84.88234710693371,24.417102813720703],[84.86744689941412,24.46692085266119],[84.83262634277344,24.511480331421012],[84.77989959716803,24.504850387573185],[84.72490692138689,24.472949981689396],[84.6740112304688,24.441141128540266],[84.64305114746111,24.39861106872553],[84.58992004394537,24.404380798339787],[84.54585266113287,24.37369918823248],[84.51419067382818,24.323608398437727],[84.46511077880876,24.308389663696516],[84.41742706298845,24.331361770629826],[84.3976669311524,24.377410888671932],[84.34696197509794,24.392070770263615],[84.31498718261736,24.447509765625],[84.32565307617188,24.4967098236084],[84.30200958251953,24.547252655029354],[84.24852752685558,24.531589508056697],[84.20050048828153,24.549440383911133],[84.16114044189459,24.512582778930664],[84.10977935791033,24.481399536132926],[84.08969116210966,24.533929824829045],[84.0597457885745,24.576980590820256],[84.0320510864259,24.621578216552734],[83.97924041748075,24.61512947082531],[83.9481811523437,24.566511154174805],[83.90274810791044,24.54244041442871],[83.84807586669939,24.53631019592291],[83.79448699951189,24.52944946289074],[83.73073577880854,24.508790969848633],[83.67080688476591,24.514770507812614],[83.6001586914063,24.513240814208984],[83.5472564697265,24.52403068542486],[83.49320220947271,24.53607940673851],[83.525146484375,24.580198287963867],[83.52068328857433,24.6300106048584],[83.51370239257812,24.681150436401367],[83.48327636718756,24.72277069091797],[83.43424224853521,24.75684928894043],[83.38680267334013,24.78421974182129],[83.38915252685547,24.83607101440441],[83.36386871337896,24.880439758300724],[83.35852050781256,24.93740081787115],[83.345932006836,24.992090225219727],[83.31649780273455,25.038381576538086],[83.3366928100586,25.086349487304915],[83.35399627685575,25.14017105102539],[83.34739685058611,25.193040847778377],[83.39505004882807,25.216909408569336],[83.43321990966814,25.253561019897518],[83.48026275634794,25.282409667968807],[83.52879333496111,25.301441192627067],[83.57788085937506,25.316648483276367],[83.62477111816412,25.33493804931652],[83.66020965576189,25.371000289916992],[83.70947265625006,25.395250320434684],[83.76193237304693,25.387910842895508],[83.80327606201189,25.418109893798885],[83.81233978271513,25.4679012298584],[83.85977935791021,25.489200592041016],[83.89626312255888,25.528272628784293],[83.93966674804693,25.565431594848576],[83.99156951904303,25.60102272033697],[84.05683135986334,25.63222122192377],[84.07356262207037,25.683572769165096],[84.10787200927751,25.723640441894645],[84.16750335693388,25.72175025939947],[84.1995086669923,25.672349929809627],[84.2684326171875,25.663259506225643],[84.31858825683588,25.671939849853516],[84.32318878173845,25.723131179809684],[84.3716888427735,25.738300323486328],[84.41089630126947,25.69847106933605],[84.46319580078142,25.69864273071289],[84.51638031005854,25.677709579467773],[84.53586578369158,25.726490020751953],[84.59552001953153,25.739110946655273],[84.61905670166016,25.788970947265625],[84.57141876220709,25.829839706421012],[84.52625274658232,25.855409622192383],[84.48528289794916,25.889249801635742],[84.43118286132812,25.892669677734318],[84.3862915039062,25.938180923461914],[84.3138504028322,25.947969436645565],[84.26458740234403,25.967260360717773],[84.21412658691406,25.99620056152355],[84.16726684570318,26.025470733642692],[84.11605072021501,26.074880599975813],[84.06923675537121,26.09912109375],[84.03362274169916,26.137479782104606],[84.00302124023443,26.17823028564453],[84.00551605224615,26.234069824218864],[84.05726623535185,26.225210189819393],[84.11045837402372,26.241830825805664],[84.1574020385745,26.26091957092291],[84.17944335937506,26.311780929565657],[84.1696166992187,26.36256027221674],[84.116752624512,26.3852481842041],[84.06151580810564,26.390090942382926],[84.021781921387,26.42504119873047],[83.96129608154325,26.43714904785162],[83.9081192016601,26.449501037597656],[83.90746307373053,26.50037956237793],[83.9625473022461,26.508600234985295],[84.01448059082037,26.5320205688476],[84.05474853515636,26.567689895629996],[84.08476257324219,26.610559463501204],[84.12906646728521,26.63850021362316],[84.18467712402372,26.62585067749029],[84.2400970458985,26.610040664672965],[84.29313659667974,26.605510711670036],[84.3509368896485,26.620428085327262],[84.41439819335938,26.62717056274414],[84.36675262451178,26.678810119629134],[84.31851196289068,26.716230392455998],[84.27861022949224,26.751239776611442],[84.22460937500017,26.75710105895996],[84.24935150146479,26.802272796631087],[84.24563598632818,26.858722686767578],[84.1895599365235,26.859819412231445],[84.13165283203153,26.85569000244152],[84.10063171386736,26.9008407592774],[84.04898071289068,26.89994049072277],[84.02636718750028,26.948961257934855],[84.04432678222673,26.997680664062727],[84.03125762939459,27.046461105346907],[84.02072143554688,27.095481872558594],[83.9549407958985,27.08612060546892],[83.95079803466825,27.139080047607422],[83.98419952392607,27.178710937500227],[83.96376037597668,27.225269317627124],[83.91175842285156,27.24650192260765],[83.9218826293947,27.29635810852068],[83.87240600585966,27.31620979309082],[83.89352416992193,27.362545013427848],[83.87352752685553,27.41222190856928],[83.9154891967774,27.44121360778803],[83.96630859375,27.44502639770525],[84.01791381835943,27.434616088867188],[84.06390380859403,27.45576286315918],[84.10079193115251,27.502321243286417],[84.11972045898443,27.513521194458065]]],[[[87.30621337890653,27.84321594238304]]],[[[87.26291656494169,27.850715637207315]]],[[[87.26291656494169,27.850715637207315]]]]}},{"type":"Feature","properties":{"name":"Chandigarh"},"geometry":{"type":"Polygon","coordinates":[[[76.81980895996105,30.68582916259777],[76.74503326416027,30.69045829772955],[76.7111587524414,30.73229026794445],[76.73050689697271,30.781009674072322],[76.78093719482416,30.773870468139762],[76.82274627685547,30.740081787109375],[76.81980895996105,30.68582916259777]]]}},{"type":"Feature","properties":{"name":"Chhattisgarh"},"geometry":{"type":"Polygon","coordinates":[[[83.3275985717774,24.09964942932129],[83.38326263427751,24.099870681762695],[83.4301300048831,24.074010848999023],[83.46840667724615,24.040670394897518],[83.5148315429687,24.015760421753043],[83.52260589599638,23.952169418335018],[83.54284667968778,23.89824104309082],[83.58116912841825,23.86191940307623],[83.62998962402372,23.84736061096197],[83.67220306396484,23.820079803466797],[83.71250152587896,23.780839920044002],[83.72934722900402,23.731830596923885],[83.71472930908203,23.682540893554915],[83.75208282470732,23.64898109436035],[83.774887084961,23.599500656127987],[83.837631225586,23.581359863281193],[83.89009094238287,23.575920104980696],[83.93152618408214,23.61140060424799],[83.99267578125017,23.63305282592796],[84.02194213867199,23.592210769653377],[84.01539611816412,23.525632858276367],[83.98889923095709,23.481781005859318],[83.97775268554688,23.431451797485465],[83.96582794189459,23.381210327148494],[84.0171508789063,23.37158966064453],[84.06051635742182,23.343179702758732],[84.06381988525408,23.29224014282238],[84.05045318603533,23.240949630737532],[84.05090332031256,23.1895809173584],[84.03336334228521,23.142730712890625],[84.07646179199224,23.109849929809684],[84.12647247314482,23.085149765014762],[84.12461090087885,23.030748367309513],[84.14511108398443,22.98257064819336],[84.17904663085943,23.022560119628906],[84.21494293212896,22.977430343627873],[84.26789093017595,22.987911224365234],[84.31823730468767,22.97657966613764],[84.37053680419928,22.975070953369254],[84.38964843750006,22.923740386963004],[84.37596130371122,22.873638153076115],[84.3203125,22.84942054748535],[84.30996704101591,22.79898262023937],[84.26010131835943,22.764940261840877],[84.22471618652372,22.72735023498535],[84.22775268554716,22.676990509033146],[84.18035125732439,22.649839401245174],[84.13210296630876,22.635780334472713],[84.08039093017595,22.63655090332054],[84.04812622070307,22.594142913818416],[84.00392913818376,22.561920166015625],[83.97657012939482,22.518390655517805],[84.01548767089872,22.482421875000057],[84.04139709472668,22.437929153442496],[84.00994873046903,22.396089553833235],[83.96698760986334,22.35784912109375],[83.91554260253935,22.359670639038086],[83.86714935302751,22.34102058410656],[83.82248687744135,22.31563758850109],[83.77855682373058,22.274509429931754],[83.71898651123053,22.243251800537053],[83.66461944580078,22.231960296630973],[83.61927032470709,22.19635963439947],[83.59253692626959,22.139980316162337],[83.55726623535162,22.09997940063488],[83.60031890869158,22.065509796142578],[83.55095672607428,22.05564117431652],[83.54673767089861,22.00335121154791],[83.54949188232433,21.950389862060774],[83.60047912597656,21.910840988159123],[83.58405303955107,21.852792739868164],[83.53124237060547,21.831899642944336],[83.48545837402338,21.80322074890148],[83.47541809082037,21.75341033935547],[83.45762634277344,21.699670791625977],[83.4662170410158,21.644121170043945],[83.4135284423831,21.636310577392692],[83.36818695068376,21.597070693969783],[83.35426330566423,21.535318374633846],[83.34205627441423,21.485330581665266],[83.36579132080084,21.43984031677269],[83.39308929443371,21.383211135864258],[83.33460235595703,21.355791091919002],[83.28137969970703,21.375141143798885],[83.25495910644537,21.33192062377924],[83.27455902099626,21.285671234131087],[83.22489929199247,21.266969680786246],[83.21536254882841,21.215490341186523],[83.19938659667986,21.16197013854992],[83.15339660644531,21.125770568847713],[83.09517669677763,21.104312896728572],[83.04682922363281,21.120210647583008],[82.99912261962908,21.148139953613224],[82.95606994628912,21.175489425659237],[82.90795898437517,21.1602725982666],[82.85402679443365,21.157009124755803],[82.80381011962908,21.15307044982933],[82.75229644775408,21.159740447998047],[82.70053863525419,21.15326118469261],[82.6458282470706,21.151710510253963],[82.64299774169922,21.097761154174805],[82.62003326416027,21.044399261474837],[82.59514617919939,20.997129440307674],[82.55294036865263,20.941480636596793],[82.50309753417974,20.913890838623047],[82.4813690185548,20.86145973205572],[82.44837188720714,20.822179794311523],[82.40225982666044,20.853281021118278],[82.3561782836914,20.87635993957531],[82.33554840087908,20.827831268310547],[82.33512878417963,20.758518218994254],[82.34329986572294,20.698852539062557],[82.36225128173845,20.650470733642578],[82.34799957275396,20.601640701294002],[82.324462890625,20.556648254394645],[82.35851287841803,20.516239166259822],[82.3851394653322,20.470489501953125],[82.42565155029303,20.436319351196403],[82.41060638427746,20.382471084594783],[82.39878845214855,20.331651687622013],[82.42833709716803,20.28986167907715],[82.41407775878935,20.24155044555664],[82.40574645996111,20.17898941040039],[82.38775634765653,20.126939773559627],[82.39260101318376,20.073310852050895],[82.43192291259771,20.03897094726574],[82.48159027099638,20.02456092834484],[82.531982421875,20.01222991943382],[82.58235931396501,19.989940643310547],[82.63175964355486,20.000089645385742],[82.68644714355497,19.994630813598576],[82.70944976806646,19.946670532226676],[82.70053100585949,19.893289566040096],[82.7058868408206,19.838090896606445],[82.65410614013672,19.825529098510856],[82.61886596679693,19.786100387573242],[82.5718383789062,19.807609558105582],[82.59738159179716,19.860469818115234],[82.54721832275419,19.873300552368278],[82.49848175048834,19.885169982910156],[82.44239044189453,19.902982711791935],[82.38881683349615,19.881759643554744],[82.33944702148443,19.8299617767334],[82.29823303222662,19.883460998535213],[82.26946258544933,19.945249557495174],[82.23335266113287,19.995870590209904],[82.18418121337896,19.981161117553825],[82.1316986083985,20.01268959045416],[82.08304595947266,20.03273963928234],[82.03102874755865,20.02288055419922],[81.98660278320324,20.052072525024414],[81.95477294921903,20.09148025512718],[81.91027069091803,20.067050933837947],[81.86653900146501,20.03603935241705],[81.85031890869158,19.98260116577154],[81.84567260742216,19.92295265197754],[81.8980560302735,19.87851905822754],[81.96037292480486,19.85473823547386],[81.98014831542997,19.795780181884766],[82.0349426269533,19.792659759521598],[82.04659271240251,19.743021011352653],[82.03848266601574,19.692779541015682],[82.04728698730497,19.638280868530273],[82.03489685058622,19.583272933960075],[82.04257202148455,19.531568527221793],[82.08822631835943,19.51044273376459],[82.09689331054716,19.46108055114746],[82.13410186767572,19.424827575683707],[82.18348693847685,19.41246032714838],[82.15080261230474,19.370340347290153],[82.18316650390642,19.31970024108898],[82.15487670898466,19.274778366088924],[82.1516494750976,19.22356986999523],[82.16940307617188,19.176700592041072],[82.15978240966803,19.12648010253912],[82.19853210449247,19.09416961669922],[82.22248077392584,19.02111053466797],[82.23956298828153,18.910459518432617],[82.18538665771513,18.896980285644588],[82.15802764892584,18.851970672607536],[82.1561126708985,18.799940109253043],[82.12906646728521,18.75765037536621],[82.08489990234375,18.73269081115734],[82.03373718261747,18.718799591064567],[81.97603607177751,18.695148468017692],[81.94592285156256,18.646379470825195],[81.8948364257813,18.651960372924748],[81.92623138427751,18.603229522705192],[81.94352722167997,18.555419921875057],[81.89682769775385,18.528392791748104],[81.84896087646484,18.500600814819393],[81.7975692749024,18.439760208129826],[81.76036834716803,18.39982986450201],[81.746078491211,18.351741790771484],[81.6807861328125,18.34103012084961],[81.63214111328142,18.308010101318303],[81.58178710937517,18.288160324096737],[81.52796173095703,18.259080886840934],[81.51113891601591,18.20194053649908],[81.52173614501959,18.148309707641545],[81.50865936279325,18.092411041259822],[81.48149871826178,18.049922943115348],[81.47767639160162,17.993511199951172],[81.4547958374024,17.946559906005803],[81.4437026977539,17.893230438232422],[81.39382934570341,17.885139465332088],[81.38442993164068,17.825790405273438],[81.33537292480474,17.81125068664562],[81.26336669921903,17.81046295166027],[81.21349334716803,17.833049774170036],[81.15956878662115,17.852630615234318],[81.10903167724621,17.8231201171875],[81.07360076904325,17.78629112243658],[81.01257324218744,17.81666946411127],[80.99723815917974,17.895160675048885],[80.98013305664091,17.943260192871094],[80.972640991211,17.993179321289176],[80.96595764160162,18.04346847534174],[80.94835662841814,18.091270446777344],[80.96753692626982,18.13799285888672],[80.91198730468756,18.13850975036621],[80.8620223999024,18.132669448852482],[80.85222625732439,18.183481216430664],[80.83423614501947,18.233280181884766],[80.81067657470709,18.183259963989258],[80.76239776611328,18.1629695892334],[80.73226165771484,18.20545005798334],[80.78428649902344,18.243270874023438],[80.75290679931646,18.291271209716797],[80.73478698730474,18.338680267334098],[80.71594238281278,18.385522842407283],[80.69525909423828,18.434570312499943],[80.65077972412126,18.47228050231928],[80.6269760131836,18.518161773681754],[80.5814666748048,18.55745124816889],[80.53199768066412,18.5860595703125],[80.48838806152355,18.62672042846674],[80.41755676269537,18.610719680786133],[80.36695098876953,18.604650497436467],[80.31931304931658,18.62173271179222],[80.29946136474626,18.679210662841797],[80.26753997802763,18.71796989440918],[80.24900054931646,18.765251159668082],[80.29415893554693,18.790590286254883],[80.34622192382818,18.81108093261713],[80.32565307617193,18.86996078491211],[80.29138946533232,18.907590866088867],[80.26747894287115,18.952571868896484],[80.28811645507824,19.01393127441429],[80.31577301025402,19.0645809173584],[80.32235717773455,19.120220184326172],[80.36235809326166,19.169321060180607],[80.37702178955107,19.217369079589844],[80.41916656494169,19.250280380248967],[80.45680236816423,19.29915809631359],[80.50038909912115,19.341299057006836],[80.55934143066418,19.39755249023449],[80.58558654785156,19.35301971435547],[80.61015319824236,19.307140350341797],[80.65788269042974,19.324279785156307],[80.68860626220709,19.283489227294922],[80.74340820312528,19.28597068786621],[80.78246307373053,19.321741104125977],[80.82641601562494,19.34803962707514],[80.80854797363298,19.397039413452205],[80.83508300781256,19.442380905151367],[80.88562774658209,19.45650291442871],[80.88553619384794,19.509250640869084],[80.84082794189459,19.533571243286246],[80.78515625000006,19.560409545898494],[80.72099304199236,19.60839080810547],[80.66203308105486,19.608730316162337],[80.66220092773432,19.66258049011236],[80.64029693603533,19.712459564208984],[80.59033203125017,19.734430313110465],[80.55021667480497,19.76455116271984],[80.54242706298828,19.819271087646484],[80.49070739746122,19.825361251830998],[80.47808837890636,19.772409439087028],[80.42900848388678,19.795110702514705],[80.46363067626982,19.835832595825252],[80.4969100952149,19.87718009948742],[80.44444274902344,19.893550872802848],[80.40577697753912,19.925451278686637],[80.45300292968767,19.945238113403263],[80.50173950195324,19.924751281738395],[80.5323715209961,19.967060089111328],[80.5415878295899,20.03722190856945],[80.53523254394531,20.092180252075252],[80.49803161621111,20.138919830322266],[80.4478759765625,20.141571044921932],[80.3938369750976,20.144020080566463],[80.41398620605474,20.1902313232423],[80.38295745849604,20.241720199584904],[80.437309265137,20.25847816467285],[80.49447631835943,20.274799346923885],[80.53930664062511,20.3003902435305],[80.60542297363281,20.3201904296875],[80.60072326660168,20.37260055541998],[80.59987640380876,20.426921844482422],[80.60494232177763,20.481151580810774],[80.61003112792974,20.53198051452648],[80.6146087646485,20.58527183532715],[80.56730651855474,20.61240768432623],[80.51950836181669,20.584680557251204],[80.48095703125028,20.62355041503912],[80.51891326904325,20.661760330200252],[80.57279205322283,20.67428970336914],[80.5558700561524,20.722570419311467],[80.54545593261747,20.78227806091303],[80.55036926269543,20.8456707000733],[80.54618835449247,20.903079986572322],[80.50067901611345,20.928911209106445],[80.44879150390642,20.945301055908146],[80.43334197998064,20.999750137329215],[80.44850158691412,21.049610137939567],[80.43419647216803,21.0980224609375],[80.45009613037104,21.14691925048851],[80.49230957031267,21.17994117736822],[80.53888702392584,21.199289321899528],[80.58447265625006,21.22306060791027],[80.63224029541044,21.24729919433605],[80.6608963012697,21.289779663086165],[80.66494750976568,21.34093284606928],[80.69165039062506,21.38818168640148],[80.70818328857422,21.43621063232422],[80.72583770751959,21.484371185302734],[80.73081970214872,21.535430908203182],[80.71253204345732,21.582160949707088],[80.72025299072271,21.63422012329113],[80.71877288818365,21.684810638427734],[80.72891235351591,21.735160827636776],[80.78272247314482,21.739570617675895],[80.8182373046875,21.77601051330589],[80.83558654785156,21.82454109191889],[80.83959197998047,21.875400543212947],[80.83452606201178,21.926019668579045],[80.85169219970709,21.975120544433707],[80.86894989013666,22.03359031677269],[80.89475250244158,22.07650947570795],[80.92479705810575,22.120670318603516],[80.9655380249024,22.081979751587028],[80.98670196533203,22.13087081909191],[81.0171508789062,22.171039581298885],[81.0194473266601,22.229190826416016],[81.0692367553711,22.246259689331282],[81.1138458251956,22.29438018798851],[81.11054992675787,22.353000640869197],[81.10465240478527,22.410802841186523],[81.13404083251982,22.451999664306697],[81.17066192626982,22.488000869751033],[81.209770202637,22.453849792480526],[81.25623321533209,22.48806953430187],[81.31591033935547,22.489709854126033],[81.36177825927763,22.515390396118107],[81.38305664062506,22.462602615356445],[81.43177795410185,22.480491638183594],[81.48574829101591,22.50334930419922],[81.52797698974626,22.539791107177848],[81.58316040039068,22.544530868530273],[81.63250732421892,22.561998367309627],[81.64353942871094,22.614400863647518],[81.68839263916033,22.646631240844727],[81.73693847656261,22.669050216674805],[81.74833679199224,22.719539642333984],[81.78427886962919,22.76662063598627],[81.76159667968744,22.829330444335938],[81.78592681884771,22.877080917358512],[81.83558654785185,22.886470794677734],[81.8802795410158,22.919860839843864],[81.9234466552735,22.95117950439453],[81.93853759765636,23.00081062316889],[81.92394256591814,23.05829811096197],[81.96930694580072,23.07937049865734],[82.02408599853533,23.08012008666998],[82.06137084960949,23.115940093994197],[82.11588287353521,23.103799819946232],[82.15107727050776,23.14174079895031],[82.14057159423857,23.19807052612299],[82.15953063964844,23.249151229858626],[82.18698120117205,23.294990539550838],[82.15553283691412,23.335489273071403],[82.10788726806646,23.35847091674799],[82.06929779052751,23.395029067993278],[82.02039337158232,23.384300231933707],[81.9761199951173,23.413110733032283],[81.95674133300798,23.463369369506893],[81.92829895019526,23.51324081420904],[81.86968994140636,23.514570236206055],[81.81653594970703,23.5148601531983],[81.76299285888672,23.550769805908203],[81.71306610107428,23.542669296264705],[81.66203308105463,23.532438278198356],[81.63109588623075,23.49174118041998],[81.6066513061524,23.544969558715763],[81.57042694091808,23.57981109619152],[81.60437774658214,23.621370315551985],[81.64312744140653,23.66033172607422],[81.68464660644537,23.713640213012695],[81.66178131103527,23.759910583496094],[81.63601684570318,23.81635093688965],[81.59844207763678,23.853679656982422],[81.60756683349615,23.903270721435547],[81.65740966796903,23.924568176269588],[81.69738769531256,23.885961532592773],[81.71906280517572,23.8404293060305],[81.77262878417997,23.81419944763178],[81.82411956787138,23.81641006469738],[81.87843322753912,23.837900161743278],[81.91644287109403,23.872989654541243],[81.97154998779325,23.858350753784407],[82.02849578857422,23.84770011901861],[82.07202148437506,23.81978034973156],[82.1257629394533,23.819669723510856],[82.1724929809572,23.837909698486385],[82.22107696533197,23.810060501098746],[82.27121734619169,23.818691253662223],[82.3209686279298,23.80874061584484],[82.37985229492193,23.807041168213004],[82.43644714355486,23.80470848083496],[82.48507690429705,23.788379669189567],[82.53578948974604,23.792100906372127],[82.57849121093778,23.822441101074162],[82.62951660156256,23.839000701904297],[82.64611816406256,23.888732910156477],[82.6873397827149,23.9177703857423],[82.74333190917986,23.920640945434627],[82.79028320312517,23.95061111450201],[82.84133911132807,23.95014953613304],[82.88118743896513,23.910280227661133],[82.93058776855497,23.881969451904354],[82.98396301269543,23.87955284118658],[83.03643798828153,23.88305091857933],[83.0866012573245,23.878171920776424],[83.1343765258789,23.894550323486555],[83.18312835693388,23.919481277466048],[83.21063995361345,23.965410232543945],[83.23697662353533,24.009958267212028],[83.27680206298828,24.045669555664062],[83.31107330322277,24.092760086059513],[83.3275985717774,24.09964942932129]]]}},{"type":"Feature","properties":{"name":"Dadra and Nagar Haveli"},"geometry":{"type":"Polygon","coordinates":[[[72.99046325683588,20.292089462280217],[73.04197692871094,20.290229797363224],[73.0752563476563,20.32962989807129],[73.12912750244135,20.3057804107666],[73.1795425415039,20.28986167907715],[73.13684844970709,20.26046943664562],[73.08754730224604,20.23397254943859],[73.07422637939453,20.17728042602539],[73.12259674072277,20.157751083374137],[73.14218139648443,20.204389572143555],[73.1958694458009,20.197521209716854],[73.19597625732428,20.139940261840934],[73.21393585205084,20.090641021728516],[73.18144226074219,20.05162048339838],[73.13954162597662,20.084270477295036],[73.08831787109375,20.094469070434627],[73.03852844238276,20.07809829711914],[73.01499176025396,20.124860763549805],[72.98668670654297,20.171310424804744],[72.9744873046875,20.225839614868164],[72.92375183105469,20.26819992065424],[72.9744873046875,20.271780014038143],[72.99046325683588,20.292089462280217]]]}},{"type":"Feature","properties":{"name":"Daman and Diu"},"geometry":{"type":"MultiPolygon","coordinates":[[[[72.86013793945324,20.470960617065543],[72.83705902099621,20.422330856323356],[72.87552642822271,20.38105010986328],[72.821533203125,20.371080398559627],[72.82930755615234,20.421247482299805],[72.85375213623064,20.46487045288086],[72.86013793945324,20.470960617065543]]],[[[70.88852691650419,20.709762573242244]]],[[[70.9485473632813,20.733741760253906],[70.99709320068354,20.716249465942383],[70.94763946533214,20.705141067504883],[70.89791870117188,20.699859619140682],[70.93403625488287,20.73595046997076],[70.9485473632813,20.733741760253906]]],[[[70.76802825927734,20.9619598388673],[70.82154083251959,20.959730148315657],[70.88020324707048,20.955379486084098],[70.90161132812506,20.903329849243164],[70.8651962280274,20.865381240844727],[70.81696319580084,20.851200103759822],[70.87303924560553,20.834970474243278],[70.8628997802735,20.781761169433764],[70.84007263183622,20.730260848999023],[70.79514312744158,20.70819091796875],[70.74652862548828,20.720140457153605],[70.70069122314447,20.740690231323185],[70.6847763061524,20.79179954528803],[70.67903137207037,20.844039916992244],[70.70273590087919,20.895009994507006],[70.72187805175798,20.944158554077433],[70.74166107177763,20.990100860595817],[70.76802825927734,20.9619598388673]]]]}},{"type":"Feature","properties":{"name":"Delhi"},"geometry":{"type":"Polygon","coordinates":[[[77.21732330322277,28.835279464721793],[77.22206878662121,28.783740997314396],[77.25617218017584,28.73991966247553],[77.30146026611328,28.716730117797965],[77.3154296875,28.66327095031744],[77.33753204345703,28.617492675781364],[77.29490661621105,28.58242988586437],[77.3215103149414,28.535850524902457],[77.30094909667974,28.49011993408203],[77.24265289306652,28.48460006713873],[77.24318695068365,28.43367958068859],[77.19522094726562,28.412530899047795],[77.1424331665039,28.435710906982422],[77.10273742675781,28.470449447631836],[77.07247924804693,28.52028083801281],[77.0196380615235,28.53327178955078],[76.96846771240234,28.527580261230526],[76.90847778320324,28.51490974426281],[76.85920715332037,28.541919708251953],[76.83502960205084,28.591400146484375],[76.87793731689459,28.637630462646598],[76.93390655517572,28.63764953613287],[76.94838714599621,28.687990188598633],[76.9491958618164,28.741502761840934],[76.9430923461914,28.795120239257812],[76.97955322265625,28.836700439453125],[77.0315399169923,28.83679008483898],[77.07013702392578,28.880010604858455],[77.12854003906256,28.86539077758789],[77.18363952636719,28.862300872802848],[77.21732330322277,28.835279464721793]]]}},{"type":"Feature","properties":{"name":"Goa"},"geometry":{"type":"MultiPolygon","coordinates":[[[[73.78180694580107,15.355693817138672]]],[[[73.79651641845703,15.379030227661076]]],[[[73.86429595947271,15.408480644226074]]],[[[73.87986755371094,15.779211997985897],[73.91793823242193,15.745401382446403],[73.9588699340822,15.7112913131715],[73.97570037841803,15.659781455993652],[73.99870300292969,15.611129760742188],[74.05680084228527,15.622721672058162],[74.10804748535162,15.63887023925804],[74.16323089599621,15.648590087890682],[74.21324920654325,15.649029731750488],[74.25942993164062,15.624461174011287],[74.25441741943388,15.57250118255621],[74.28727722167969,15.526000022888297],[74.27255249023466,15.465239524841309],[74.27735900878906,15.41486930847168],[74.31282806396479,15.374881744384709],[74.32797241210943,15.313269615173567],[74.28914642334013,15.279071807861385],[74.30213165283232,15.228141784667969],[74.31813049316435,15.17533016204834],[74.28971099853544,15.129969596862736],[74.28721618652355,15.069360733032283],[74.28186035156256,15.015571594238338],[74.2701187133789,14.966641426086483],[74.22471618652344,14.941340446472168],[74.17215728759771,14.951009750366268],[74.13342285156256,14.915947914123535],[74.08625030517578,14.899029731750431],[74.04486083984375,14.927083969116154],[74.04264068603521,14.977084159851131],[74.00903320312517,15.014320373535156],[73.97458648681646,15.050695419311467],[73.93235778808611,15.078194618225211],[73.94040679931646,15.127640724182129],[73.94013977050781,15.178750991821403],[73.92763519287115,15.227359771728743],[73.9134826660158,15.275420188903809],[73.89736175537138,15.32319641113287],[73.8754196166995,15.368194580078352],[73.82514190673845,15.369860649109171],[73.78708648681646,15.402350425720272],[73.83735656738298,15.410140037536848],[73.8868026733399,15.402639389038086],[73.85652923583996,15.442915916442871],[73.80708312988287,15.453750610351506],[73.77179718017584,15.48985958099371],[73.7565307617188,15.538471221923885],[73.73652648925787,15.5843124389649],[73.72264099121105,15.63236045837408],[73.70458221435547,15.679027557373274],[73.6793060302735,15.722360610961857],[73.73226165771501,15.720581054687614],[73.78649139404303,15.723250389099064],[73.83846282958979,15.748830795288086],[73.86158752441423,15.793880462646598],[73.87986755371094,15.779211997985897]]]]}},{"type":"Feature","properties":{"name":"Gujarat"},"geometry":{"type":"MultiPolygon","coordinates":[[[[70.86096954345703,20.752918243408203]]],[[[72.84597015380865,20.763200759887923]]],[[[71.38847351074213,20.867084503173942]]],[[[71.51625061035185,20.914304733276367]]],[[[71.64901733398432,20.97792053222679]]],[[[71.68653106689459,20.996528625488452]]],[[[71.70375061035185,20.999582290649528]]],[[[71.71041870117216,20.999582290649528]]],[[[72.64763641357428,21.076248168945256]]],[[[72.6793060302735,21.09875106811546]]],[[[72.67208099365263,21.115140914916992]]],[[[72.70207977294922,21.1223602294923]]],[[[72.67652893066406,21.155700683593807],[72.69819641113293,21.11042022705078],[72.66486358642607,21.148473739623967],[72.67652893066406,21.155700683593807]]],[[[72.10291290283214,21.27431106567377]]],[[[72.58790588378912,21.339309692382812]]],[[[72.58319091796903,21.365419387817496]]],[[[72.60041809082031,21.387081146240234]]],[[[72.62819671630871,21.417360305786133]]],[[[72.635971069336,21.41764068603527]]],[[[72.67597198486345,21.446809768676815]]],[[[69.7242965698245,21.56402969360363]]],[[[69.7284698486331,21.612083435058594]]],[[[72.35319519042997,21.613470077514762]]],[[[72.58458709716797,21.629030227661076]]],[[[72.60930633544928,21.62874984741211]]],[[[72.61180877685575,21.632085800170955]]],[[[72.61708068847662,21.638471603393498]]],[[[72.595703125,21.639030456543026]]],[[[72.61958312988287,21.639583587646428]]],[[[72.60236358642595,21.640970230102766]]],[[[72.72264099121122,21.665971755981502]]],[[[72.27430725097673,21.749582290649357]]],[[[72.35485839843756,21.943199157714844]]],[[[72.21402740478533,22.005420684814624]]],[[[72.47264099121111,22.208194732666016]]],[[[72.38430786132807,22.21569442749046]]],[[[72.37069702148443,22.23513984680187]]],[[[69.31041717529291,22.30625152587902]]],[[[69.45263671875006,22.358194351196403]]],[[[69.18402862548828,22.367639541626204]]],[[[69.19541931152344,22.374584197998274]]],[[[69.21318817138689,22.384859085083065]]],[[[69.2009582519533,22.386251449585018]]],[[[69.33541870117188,22.389030456543082]]],[[[69.48319244384794,22.39874839782709]]],[[[69.28013610839861,22.417921066284407]]],[[[69.27931213378935,22.420141220092773]]],[[[69.14208221435553,22.45763969421415]]],[[[69.62763977050798,22.459583282470703],[69.63986206054705,22.410690307617188],[69.5926361083985,22.427642822265625],[69.62763977050798,22.459583282470703]]],[[[69.30208587646501,22.474029541015852]]],[[[69.13680267334013,22.477638244628906],[69.10708618164091,22.437084197998047],[69.13680267334013,22.477638244628906]]],[[[69.08902740478533,22.490694046020735]]],[[[69.3242874145509,22.52763938903837]]],[[[69.94486236572283,22.53236007690458]]],[[[69.4051361083985,22.532640457153377]]],[[[69.95735931396513,22.535972595214844]]],[[[69.96041870117216,22.54375076293951]]],[[[69.95207977294939,22.551250457763786]]],[[[69.91874694824224,22.553195953369084],[69.88041687011724,22.520416259765682],[69.91874694824224,22.553195953369084]]],[[[70.02430725097685,22.553195953369084]]],[[[70.01125335693365,22.55375099182129]]],[[[70.02347564697271,22.5584716796875]]],[[[70.03958129882841,22.567920684814453]]],[[[70.0445861816408,22.572359085083292]]],[[[70.18180847167974,22.58374977111822]]],[[[70.00903320312528,22.59320068359375],[69.98874664306646,22.54735946655296],[70.00903320312528,22.59320068359375]]],[[[70.19040679931646,22.599859237670955]]],[[[69.94847106933611,22.606250762939453]]],[[[70.21597290039074,22.64681053161644]]],[[[70.2356948852539,22.684583663940487]]],[[[70.2426376342774,22.684583663940487]]],[[[70.2468032836914,22.6918048858642]]],[[[70.24402618408232,22.7201385498048]]],[[[69.64263916015653,22.764862060546875]]],[[[69.63652801513683,22.779861450195426]]],[[[70.4551391601563,22.995700836181584]]],[[[70.44152832031267,23.049583435058537]]],[[[70.448471069336,23.05208396911621],[70.42930603027361,23.005416870117415],[70.44819641113298,23.051805496216048],[70.448471069336,23.05208396911621]]],[[[70.45236206054688,23.052360534668196]]],[[[70.45903015136713,23.057640075683594]]],[[[70.45207977294928,23.060695648193644]]],[[[70.4695816040039,23.06125068664562]]],[[[70.48236083984375,23.06541824340843],[70.45096588134794,23.026250839233512],[70.48236083984375,23.06541824340843]]],[[[68.60901641845709,23.23125267028837]]],[[[68.59430694580084,23.262083053588867]]],[[[68.65847015380888,23.271249771118278]]],[[[68.62874603271484,23.290140151977482]]],[[[68.7051391601563,23.311809539794922]]],[[[68.55819702148455,23.313751220703068],[68.60620880126982,23.298469543457145],[68.5729064941408,23.260971069335938],[68.55458068847673,23.308748245239485],[68.55819702148455,23.313751220703068]]],[[[68.64263916015653,23.31402969360346]]],[[[68.63263702392584,23.317640304565487]]],[[[68.63986206054688,23.31847190856928]]],[[[68.58847045898466,23.319030761718807]]],[[[68.63181304931658,23.321250915527344]]],[[[68.62708282470703,23.321811676025675]]],[[[68.62680816650419,23.325971603393555]]],[[[68.5420761108399,23.341529846191463]]],[[[68.55014038085966,23.341529846191463]]],[[[68.55680847167997,23.34181022644043]]],[[[68.50597381591803,23.342361450195256]]],[[[68.52513885498075,23.344030380248967]]],[[[68.5637512207033,23.34486198425293]]],[[[68.6315307617188,23.35180473327665]]],[[[68.47319793701178,23.35680961608881]]],[[[68.57347106933611,23.360418319702262]]],[[[68.59791564941412,23.360971450805664]]],[[[68.58902740478544,23.37431144714384],[68.62040710449219,23.332918167114258],[68.57875061035185,23.360971450805664],[68.58902740478544,23.37431144714384]]],[[[68.54070281982428,23.377639770507756]]],[[[68.50291442871094,23.383472442626896]]],[[[68.50458526611345,23.38458251953125]]],[[[68.53624725341814,23.385419845580998]]],[[[68.57930755615263,23.385419845580998]]],[[[68.53514099121111,23.38763809204113]]],[[[68.55401611328142,23.40403175354021]]],[[[68.53736114501982,23.40486145019537]]],[[[68.46098327636724,23.405141830444563]]],[[[68.52347564697283,23.404581069946232]]],[[[68.47097015380888,23.40570068359392]]],[[[68.42986297607422,23.407085418701286]]],[[[68.46319580078142,23.409030914306584]]],[[[68.40902709960955,23.409309387206974]]],[[[68.55764007568376,23.408750534057617]]],[[[68.4145812988283,23.40986061096197]]],[[[68.46069335937494,23.412639617919865]]],[[[68.549575805664,23.41374969482422]]],[[[68.40042114257807,23.421249389648494]]],[[[68.40208435058605,23.423196792602766]]],[[[68.39986419677734,23.428472518921183]]],[[[68.50180816650396,23.432081222534237]]],[[[68.51680755615251,23.43292045593256]]],[[[68.50068664550787,23.43625068664545]]],[[[68.50125122070318,23.443750381469727]]],[[[68.50125122070318,23.453479766845874]]],[[[68.50681304931669,23.45654106140148]]],[[[68.40791320800798,23.45792007446289]]],[[[68.49903106689447,23.475973129272745]]],[[[68.47286224365263,23.480419158935547],[68.4895858764649,23.432640075683594],[68.44097137451178,23.444583892822493],[68.47286224365263,23.480419158935547]]],[[[68.49846649169916,23.48903083801298]]],[[[68.50653076171892,23.492649078369368]]],[[[68.510971069336,23.492649078369368]]],[[[68.48680877685575,23.495418548583928]]],[[[68.46652984619146,23.49792289733898]]],[[[68.4373626708985,23.500419616699276]]],[[[68.48069763183622,23.501251220703068]]],[[[68.46791839599638,23.524032592773494]]],[[[68.47513580322277,23.528760910034407]]],[[[68.47347259521479,23.537082672119368]]],[[[68.4823608398438,23.550422668457145]]],[[[68.4793090820313,23.555419921874943]]],[[[68.22347259521501,23.586250305175838]]],[[[68.25514221191423,23.590139389038086]]],[[[68.2162475585938,23.59124946594244]]],[[[68.4820861816408,23.596809387206974],[68.46097564697271,23.55125045776373],[68.43264007568388,23.507650375366325],[68.436820983887,23.55764007568365],[68.47207641601568,23.59320068359392],[68.4820861816408,23.596809387206974]]],[[[68.4584732055664,23.600418090820256]]],[[[68.4820861816408,23.60653114318876]]],[[[68.45625305175793,23.624860763549805]]],[[[68.48458099365251,23.62791824340826]]],[[[68.4779129028322,23.722360610961857]]],[[[68.44957733154308,23.73233985900879]]],[[[68.4673614501956,23.739860534667912]]],[[[68.48680877685575,23.74597167968767]]],[[[68.21652984619169,23.7793102264406]]],[[[68.34931182861322,23.800140380859546]]],[[[68.35846710205072,23.80513954162592],[68.40541839599626,23.78652954101591],[68.41652679443365,23.737640380859602],[68.40458679199247,23.68902969360346],[68.38153076171903,23.64458274841337],[68.35097503662138,23.604860305786076],[68.3020858764649,23.59375],[68.25235748291027,23.601804733276424],[68.20236206054693,23.594585418701286],[68.2012481689456,23.64486122131376],[68.25235748291027,23.64458274841337],[68.30432128906267,23.647920608520792],[68.25180816650419,23.64569473266613],[68.29096984863298,23.677080154419002],[68.31903076171892,23.718471527099837],[68.33902740478533,23.764312744140625],[68.35846710205072,23.80513954162592]]],[[[68.60514068603533,23.80958557128912]]],[[[68.59652709960955,23.812641143799]]],[[[68.30790710449247,23.823749542236328],[68.31458282470732,23.770420074463175],[68.2881927490235,23.72792053222679],[68.26875305175787,23.774030685425032],[68.29264068603544,23.818201065063704],[68.30790710449247,23.823749542236328]]],[[[68.49652862548857,23.830972671508846],[68.5131912231447,23.783750534057845],[68.49153137207037,23.73736190795921],[68.44069671630876,23.740419387817667],[68.45124816894537,23.789304733276595],[68.4843063354495,23.826818466186523],[68.49652862548857,23.830972671508846]]],[[[68.70707702636747,23.851249694824162]]],[[[68.69930267333979,23.853200912475813]]],[[[68.53320312500017,23.873750686645792]]],[[[68.39569091796892,23.878196716308594],[68.43264007568388,23.844305038452262],[68.4126358032226,23.798471450805835],[68.38180541992193,23.83791542053234],[68.40180206298845,23.79097175598173],[68.35514068603521,23.810972213745288],[68.37236022949247,23.85791969299345],[68.39569091796892,23.878196716308594]]],[[[68.24819183349638,23.88042068481451]]],[[[68.44930267334001,23.938472747802848],[68.4498596191408,23.887920379638786],[68.4006958007813,23.87736129760765],[68.3579177856447,23.851249694824162],[68.35402679443388,23.901250839233626],[68.40513610839855,23.91236114501976],[68.44930267334001,23.938472747802848]]],[[[68.53541564941435,23.945972442626953],[68.58097076416021,23.923194885253906],[68.55374908447294,23.881250381469897],[68.5056915283206,23.864307403564396],[68.52348327636736,23.9112491607666],[68.53541564941435,23.945972442626953]]],[[[68.52569580078153,23.949529647827376]]],[[[68.4820861816408,23.992639541626147],[68.50208282470697,23.94680976867687],[68.48596954345709,23.89930534362793],[68.45930480957043,23.856527328491154],[68.45291900634783,23.90791893005394],[68.43541717529303,23.954860687256144],[68.46930694580095,23.99180603027338],[68.4820861816408,23.992639541626147]]],[[[68.43013763427763,23.995420455932617],[68.42292022705107,23.945415496826172],[68.37708282470709,23.915140151977823],[68.3484725952149,23.873750686645792],[68.33708190917997,23.824861526489485],[68.2918090820313,23.80291938781761],[68.26264190673834,23.760690689086857],[68.25514221191423,23.711250305175724],[68.20513916015642,23.712081909179915],[68.21125030517595,23.76208305358898],[68.20929718017607,23.812641143799],[68.24208068847685,23.850419998169173],[68.28791809082048,23.87152862548828],[68.28763580322271,23.921529769897745],[68.33763885498075,23.92014122009283],[68.3515243530274,23.96819305419922],[68.40152740478544,23.969030380249137],[68.43013763427763,23.995420455932617]]],[[[72.10186004638689,24.643339157104492],[72.15357971191406,24.63110923767084],[72.2014465332033,24.61614990234375],[72.25421905517572,24.62138938903803],[72.30619812011724,24.61497116088873],[72.2509994506836,24.580160140991325],[72.29191589355474,24.5504608154298],[72.34327697753935,24.554969787597884],[72.38632202148443,24.500511169433537],[72.44248962402344,24.504249572753963],[72.4461669921875,24.448261260986385],[72.48744201660168,24.405420303344727],[72.51387786865234,24.464559555053825],[72.54457855224626,24.506851196289062],[72.58850097656256,24.4725017547608],[72.6393203735351,24.461460113525504],[72.69301605224615,24.460161209106445],[72.70664215087885,24.391332626342887],[72.7487182617188,24.357521057128906],[72.81534576416044,24.358190536499023],[72.86811828613287,24.36581039428711],[72.91557312011724,24.3328094482423],[72.96537017822271,24.35110855102539],[72.97245025634771,24.401929855346737],[72.98912048339838,24.45700073242199],[73.05104064941412,24.465259552002067],[73.09438323974638,24.49472808837902],[73.10659790039091,24.44536972045904],[73.08442687988287,24.39764976501459],[73.12738800048857,24.36882972717291],[73.18017578125006,24.3506698608399],[73.23147583007818,24.364660263061467],[73.18701171875006,24.33494949340843],[73.1449584960937,24.30785751342779],[73.11606597900396,24.262590408325252],[73.08722686767578,24.20079994201666],[73.11303710937506,24.157791137695312],[73.15547180175798,24.121868133544922],[73.21227264404325,24.104141235351676],[73.19893646240229,24.051460266113395],[73.24032592773432,24.018318176269474],[73.29103088378935,24.02740287780773],[73.33249664306658,24.073682785034237],[73.37346649169922,24.12813949584961],[73.39659118652361,24.072530746460018],[73.40925598144543,24.0158500671389],[73.4191284179688,23.95379829406744],[73.38649749755865,23.90577125549322],[73.36207580566406,23.861869812011832],[73.36283111572283,23.797750473022575],[73.41349792480497,23.781101226806754],[73.45493316650408,23.739719390869254],[73.50192260742193,23.70664978027355],[73.50052642822283,23.65073013305664],[73.55297851562517,23.631349563598746],[73.60853576660162,23.65430831909174],[73.65039825439447,23.626880645751953],[73.64978790283232,23.57534027099615],[73.65219879150396,23.521402359008846],[73.6327514648438,23.452392578125114],[73.69394683837908,23.4589004516601],[73.72030639648443,23.41484069824213],[73.75659179687511,23.449569702148438],[73.82688903808611,23.44684028625511],[73.85743713378912,23.40479278564453],[73.89118194580084,23.358600616455135],[73.93889617919928,23.34141921997093],[73.99077606201178,23.33762931823736],[74.03592681884783,23.31261062622093],[74.08973693847662,23.297992706298942],[74.13378143310564,23.269451141357422],[74.13391113281244,23.215179443359375],[74.15516662597662,23.157751083374023],[74.20008087158232,23.183740615844727],[74.25242614746094,23.176168441772575],[74.27954101562506,23.129970550537053],[74.30391693115251,23.08389282226574],[74.33191680908203,23.039190292358512],[74.36546325683588,22.989810943603516],[74.36202239990263,22.933090209960938],[74.40038299560547,22.899379730224553],[74.45147705078153,22.923999786376953],[74.47380065917963,22.87479972839367],[74.46881866455107,22.823511123657283],[74.43534851074224,22.77922248840332],[74.40307617187517,22.73070907592779],[74.38994598388672,22.678012847900447],[74.35224914550793,22.6393203735351],[74.298881530762,22.640670776367188],[74.24986267089872,22.62302017211914],[74.218490600586,22.581510543823242],[74.17887115478527,22.54840087890625],[74.13347625732433,22.5187797546389],[74.08428955078153,22.549551010131893],[74.04358673095709,22.516820907592717],[74.08963775634794,22.488870620727482],[74.10270690917974,22.43973159790039],[74.15122985839872,22.456718444824276],[74.19785308837908,22.475099563598746],[74.2372589111331,22.439340591430664],[74.27471160888689,22.403579711914062],[74.22543334960966,22.378200531006087],[74.19644165039091,22.33390045166027],[74.14362335205107,22.330261230468807],[74.11196136474638,22.371612548828182],[74.07405853271501,22.336381912231673],[74.05915069580072,22.285749435425032],[74.09158325195312,22.243700027465877],[74.12245941162138,22.19812965393072],[74.13355255126953,22.146192550659293],[74.15856170654314,22.102001190185604],[74.13783264160162,22.05350112915039],[74.10118865966803,22.018280029296818],[74.14959716796892,21.98880958557129],[74.11364746093761,21.944700241088924],[74.06162261962885,21.928050994873104],[74.01168823242205,21.90053939819336],[73.96080780029303,21.875991821289006],[73.90666961669928,21.853630065918082],[73.84152221679682,21.838500976562557],[73.84413909912121,21.787111282348746],[73.85633087158209,21.73464012145996],[73.89636230468756,21.700281143188704],[73.8856277465822,21.645059585571232],[73.82903289794928,21.639789581298828],[73.82905578613287,21.572950363159237],[73.8450317382813,21.521568298339957],[73.89707183837908,21.506042480468807],[73.95358276367193,21.515800476074446],[74.00534057617216,21.54076957702648],[74.05429840087896,21.552169799804688],[74.10463714599615,21.557741165161133],[74.15473937988298,21.551719665527457],[74.20030975341797,21.530338287353516],[74.24857330322283,21.543912887573242],[74.29633331298834,21.559120178222713],[74.3333587646485,21.51980972290039],[74.304008483887,21.47887039184576],[74.25563812255876,21.463331222534293],[74.20485687255888,21.459590911865234],[74.15450286865263,21.45334053039562],[74.10372924804699,21.45388984680187],[74.05432128906261,21.44485092163086],[74.01251983642584,21.415840148925838],[73.9619369506836,21.393110275268782],[73.95195770263666,21.33060073852539],[73.92354583740234,21.281019210815543],[73.87174224853521,21.267379760742188],[73.8274765014649,21.23314094543457],[73.82917785644548,21.18234062194847],[73.77966308593761,21.164552688598746],[73.73668670654303,21.1382808685305],[73.68131256103516,21.15212059020996],[73.61969757080072,21.157949447631893],[73.6553726196289,21.12179946899414],[73.71058654785162,21.11902236938488],[73.74413299560553,21.081670761108512],[73.77564239501959,21.02760124206543],[73.81640625,20.996051788330078],[73.87268829345709,20.990730285644588],[73.89501953125006,20.94013977050787],[73.9273223876956,20.899110794067383],[73.93106079101568,20.848390579223633],[73.93811798095709,20.78967094421398],[73.93596649169939,20.73150062561035],[73.88556671142607,20.729610443115234],[73.842758178711,20.702119827270508],[73.84349060058594,20.650329589843693],[73.80596160888678,20.601520538330135],[73.74820709228544,20.56735992431635],[73.69243621826178,20.575349807739315],[73.63949584960966,20.57790946960472],[73.6221923828125,20.62529945373558],[73.57419586181646,20.651050567626953],[73.52697753906278,20.670129776001204],[73.48873901367193,20.70660018920921],[73.44357299804693,20.67799949645996],[73.40158081054693,20.649209976196403],[73.4390869140625,20.601261138916016],[73.48372650146501,20.578430175781193],[73.48474121093756,20.525709152221793],[73.46109008789068,20.47813034057623],[73.43080902099621,20.428819656372127],[73.39134979248075,20.390199661254996],[73.42373657226568,20.341810226440543],[73.4369430541995,20.282121658325195],[73.42237854003912,20.23176193237299],[73.37632751464844,20.205320358276367],[73.32047271728533,20.204332351684627],[73.29321289062517,20.1621608734132],[73.25946807861334,20.1246395111084],[73.2006912231447,20.129699707031307],[73.2267303466798,20.176361083984318],[73.18113708496105,20.20240020751976],[73.13947296142595,20.17312049865734],[73.08790588378935,20.16575813293457],[73.070365905762,20.22145080566412],[73.12458038330095,20.256719589233455],[73.16129302978521,20.29179191589361],[73.1128692626956,20.304941177368278],[73.11138153076166,20.356098175048942],[73.06668090820318,20.326080322265568],[73.0297927856447,20.292261123657454],[72.9840927124024,20.271680831909123],[72.93033599853544,20.283979415893782],[72.95778656005871,20.24115180969244],[72.90538024902372,20.226232528686637],[72.85508728027361,20.209110260009766],[72.828842163086,20.156570434570312],[72.77452850341825,20.130800247192496],[72.74236297607439,20.169309616088867],[72.74597167968767,20.22180938720703],[72.75402832031256,20.274030685424805],[72.77485656738287,20.31986045837408],[72.81069183349615,20.354858398437614],[72.84253692626959,20.399200439453125],[72.84873962402338,20.45325279235834],[72.8765258789063,20.49485015869152],[72.88513946533232,20.546249389648438],[72.89541625976574,20.595420837402344],[72.88597106933611,20.644861221313477],[72.86458587646484,20.690141677856502],[72.85235595703153,20.74041748046875],[72.83597564697266,20.788194656372298],[72.819580078125,20.8356990814209],[72.79958343505876,20.88152694702154],[72.78652954101591,20.929859161376896],[72.74680328369146,20.960420608520735],[72.73264312744158,21.00903129577648],[72.76069641113287,21.051805496215877],[72.71125030517595,21.07319450378418],[72.70597076416021,21.122920989990234],[72.6670761108399,21.155418395996094],[72.65958404541033,21.10597038269043],[72.62236022949219,21.140140533447493],[72.6181945800783,21.190971374511946],[72.65319824218778,21.226804733276424],[72.60402679443354,21.237079620361612],[72.58875274658232,21.28569412231451],[72.60958099365251,21.331249237060604],[72.63735961914091,21.37292289733915],[72.65902709960938,21.418472290039062],[72.69013977050787,21.45763969421398],[72.6456909179688,21.434583663940373],[72.66541290283232,21.480693817138615],[72.68458557128906,21.527082443237248],[72.73374938964861,21.53708076477062],[72.68402862548834,21.542919158935547],[72.64541625976557,21.510971069335938],[72.60346984863281,21.538471221923942],[72.61152648925798,21.587921142578182],[72.64985656738298,21.62014007568365],[72.69374847412115,21.644309997558594],[72.74402618408197,21.642082214355526],[72.79402923584001,21.646806716918945],[72.752914428711,21.67541885375988],[72.70263671874994,21.68042182922369],[72.65235900878912,21.677640914916992],[72.60236358642595,21.680971145629883],[72.55652618408232,21.659309387206974],[72.51403045654314,21.69041824340843],[72.53736114501959,21.73485183715843],[72.55069732666021,21.78319358825695],[72.55652618408232,21.832920074462947],[72.5187530517581,21.868471145629883],[72.5062484741211,21.921527862548828],[72.50459289550787,21.972919464111385],[72.51541900634771,22.02236175537115],[72.52569580078142,22.072639465331974],[72.53874969482433,22.120971679687557],[72.5559692382812,22.16791534423851],[72.58902740478516,22.205694198608512],[72.63957977294928,22.217920303344783],[72.68514251709001,22.196250915527344],[72.73208618164068,22.17875099182129],[72.77764129638689,22.19986152648937],[72.80430603027338,22.242361068725586],[72.8534698486331,22.233194351196516],[72.90347290039091,22.236249923705998],[72.85819244384771,22.257640838623104],[72.80847167968778,22.26320075988781],[72.76652526855497,22.235696792602596],[72.71457672119146,22.236249923705998],[72.66902923584013,22.257080078124943],[72.62652587890653,22.283472061157397],[72.58152770996088,22.261249542236328],[72.53320312500006,22.246250152588175],[72.49597167968756,22.212358474731445],[72.46485900878906,22.251808166503906],[72.43985748291033,22.295141220092887],[72.3915328979495,22.308750152588118],[72.41263580322271,22.35625076293968],[72.3684692382812,22.380420684814453],[72.37623596191418,22.330680847168082],[72.41374969482428,22.29708480834961],[72.41374969482428,22.246250152588175],[72.36680603027361,22.264589309692553],[72.36096954345709,22.212358474731445],[72.38986206054705,22.170972824096793],[72.3523559570313,22.136529922485636],[72.3190994262697,22.17403030395525],[72.32153320312528,22.123470306396428],[72.3068084716798,22.071809768676985],[72.29458618164068,22.022640228271484],[72.28235626220709,21.97318840026867],[72.2606964111331,22.01930999755882],[72.27486419677751,22.06736183166521],[72.23014068603544,22.04486083984375],[72.18596649169939,22.019580841064453],[72.23041534423845,21.996250152587834],[72.20569610595709,21.952640533447266],[72.15819549560553,21.96847152709961],[72.19985961914057,21.93958282470726],[72.2431945800783,21.914304733276538],[72.25569152832043,21.864860534668026],[72.2590408325197,21.81431007385254],[72.26653289794928,21.764579772949332],[72.22791290283203,21.796806335449332],[72.18708038330072,21.82792282104498],[72.22513580322271,21.79541778564476],[72.24791717529325,21.750415802002124],[72.26985931396479,21.705419540405217],[72.28985595703153,21.65958976745611],[72.29347229003935,21.609579086303768],[72.26791381835966,21.565971374511776],[72.25763702392607,21.51680564880388],[72.2401428222658,21.469860076904297],[72.21402740478533,21.427080154418945],[72.17569732666033,21.394870758056584],[72.14708709716814,21.353750228881836],[72.11569213867199,21.314582824707088],[72.09764099121094,21.266250610351562],[72.10541534423857,21.216249465942496],[72.07180786132818,21.17902946472168],[72.0279159545899,21.154859542846907],[71.98097229003912,21.137083053588867],[71.93569183349604,21.115417480468977],[71.88791656494146,21.100139617920036],[71.84263610839861,21.077922821044922],[71.7968063354495,21.057920455932617],[71.76208496093778,21.02097129821783],[71.71180725097673,21.019029617309684],[71.6649932861331,20.999305725097713],[71.62513732910185,20.969028472900447],[71.57624816894537,20.954029083252067],[71.52680206298845,20.945417404174805],[71.48764038085966,20.914028167724553],[71.448471069336,20.88153076171875],[71.40041351318365,20.865970611572436],[71.35180664062528,20.85125160217285],[71.30346679687517,20.83764266967796],[71.2579193115235,20.815971374511946],[71.20986175537115,20.802080154418945],[71.16346740722673,20.78181076049816],[71.12014007568376,20.754028320312557],[71.07068634033232,20.735420227050952],[71.0204162597658,20.738195419311637],[70.96958160400419,20.73847007751465],[70.90487670898443,20.726528167724553],[70.8631973266601,20.754861831665153],[70.893852233887,20.794700622558707],[70.85028076171892,20.83150291442888],[70.88434600830107,20.87323951721214],[70.89241790771501,20.92998123168951],[70.851303100586,20.96313095092779],[70.7935333251956,20.959449768066463],[70.7464904785158,20.988969802856445],[70.72187805175781,20.944158554077262],[70.70273590087902,20.895009994506836],[70.67903137207037,20.844039916992244],[70.6847763061524,20.79179954528803],[70.64291381835938,20.76430511474632],[70.59513854980474,20.779582977294922],[70.55097198486328,20.80402946472168],[70.50402832031278,20.822641372680664],[70.45903015136713,20.84458351135254],[70.41708374023438,20.871805191040153],[70.3765258789063,20.901258468628043],[70.33097076416021,20.92319679260254],[70.28930664062517,20.95153045654297],[70.2498626708985,20.982360839843864],[70.20958709716814,21.012359619140625],[70.17180633544939,21.045141220092773],[70.14069366455072,21.08430671691889],[70.09652709960943,21.108470916748104],[70.06014251708996,21.14291763305664],[70.027084350586,21.180694580078182],[69.99124908447271,21.215692520141715],[69.95791625976591,21.253194808959904],[69.92430877685553,21.29041862487793],[69.89152526855474,21.328193664550724],[69.85874938964872,21.3659725189209],[69.82597351074213,21.403749465942496],[69.79235839843778,21.440969467163143],[69.75902557373041,21.478471755981502],[69.7254180908206,21.515693664550724],[69.7434692382813,21.56236076354992],[69.75069427490251,21.612083435058594],[69.70958709716825,21.64069366455078],[69.66097259521513,21.62457847595232],[69.69790649414068,21.589860916137752],[69.71958160400408,21.544580459594727],[69.67375183105497,21.564859390259016],[69.63874816894537,21.600694656372298],[69.60291290283209,21.63597297668457],[69.55819702148438,21.65847015380882],[69.5206909179688,21.69180488586443],[69.48486328125006,21.726806640625114],[69.44541931152372,21.75764083862299],[69.40791320800798,21.790969848632812],[69.37403106689459,21.82792282104498],[69.33180236816423,21.854860305786076],[69.29347229003923,21.887083053589095],[69.25597381591803,21.9204158782959],[69.22013854980474,21.955417633056754],[69.18541717529303,21.991809844970987],[69.15097045898432,22.02819442749029],[69.11708068847656,22.06513977050787],[69.08429718017584,22.102920532226847],[69.04765319824219,22.137081146240234],[69.01513671875028,22.175140380859602],[68.98097229003935,22.211809158325423],[68.9556961059572,22.2551403045656],[68.93763732910162,22.301811218261946],[68.95708465576178,22.34791755676264],[68.97291564941412,22.395416259765625],[69.00485992431635,22.43403053283697],[69.0468063354495,22.46125030517601],[69.05430603027361,22.411809921264705],[69.10597229003923,22.409305572509822],[69.15598297119158,22.411809921264705],[69.18041992187506,22.366804122925032],[69.16207885742205,22.320140838623217],[69.1887512207033,22.277637481689453],[69.2351379394533,22.258462905883732],[69.28375244140642,22.272083282470703],[69.32569122314453,22.299579620361328],[69.37291717529303,22.318195343017692],[69.42346954345714,22.31680488586437],[69.47347259521513,22.332916259765682],[69.50819396972685,22.369304656982536],[69.50986480712896,22.419582366943416],[69.55152893066423,22.391530990600586],[69.59124755859375,22.360969543457088],[69.64125061035162,22.358747482299805],[69.67652893066412,22.394582748413086],[69.698471069336,22.439582824707145],[69.74764251709001,22.42930603027338],[69.79125213623075,22.40458488464361],[69.8268051147461,22.439859390258732],[69.84069824218767,22.48958396911621],[69.86736297607416,22.44708251953125],[69.9109725952149,22.47236061096214],[69.93958282470709,22.513750076294173],[69.98180389404291,22.541250228882006],[70.03069305419939,22.55181121826172],[70.08069610595709,22.548194885253906],[70.13764190673822,22.548194885253906],[70.18041992187517,22.574592590332088],[70.20180511474615,22.61986160278343],[70.23596954345709,22.657083511352653],[70.24514007568365,22.706531524658317],[70.28236389160185,22.74013900756836],[70.30764007568376,22.783472061157454],[70.33735656738281,22.824581146240348],[70.35597229003918,22.871250152588118],[70.38846588134766,22.909580230712947],[70.42595672607428,22.942920684814453],[70.45375061035156,22.98458290100092],[70.47791290283197,23.028472900390625],[70.44319152832026,23.064582824707088],[70.40484619140653,23.032091140747013],[70.39458465576189,22.973472595214787],[70.36235809326189,22.935142517089787],[70.31153106689464,22.942083358764705],[70.26569366455084,22.962083816528263],[70.21679687499994,22.974031448364315],[70.17263793945318,22.950141906738338],[70.12319183349626,22.960695266723746],[70.14152526855474,23.007360458374137],[70.11125183105474,22.966249465942496],[70.11791992187506,22.916530609130973],[70.06930541992199,22.904582977294922],[70.01902770996111,22.89930534362793],[69.96875,22.896530151367415],[69.92236328125,22.876810073852653],[69.87124633789062,22.87181091308588],[69.82347106933622,22.85542106628418],[69.777084350586,22.835971832275618],[69.74624633789057,22.79652976989769],[69.71763610839838,22.7554168701173],[69.66764068603544,22.75625038146984],[69.63430786132812,22.7943058013916],[69.59735870361334,22.75958061218273],[69.55403137207048,22.784584045410213],[69.50096893310541,22.78764152526867],[69.45097351074247,22.77958488464361],[69.40791320800798,22.805139541625977],[69.36068725585943,22.82263946533203],[69.31153106689482,22.83263969421398],[69.26152801513678,22.826530456543196],[69.21047210693354,22.836805343627987],[69.16486358642607,22.85763931274414],[69.12040710449247,22.88069915771507],[69.07847595214872,22.908470153808594],[69.03485870361345,22.933195114135685],[68.98986053466797,22.95514106750494],[68.94596862792986,22.979579925537166],[68.90374755859403,23.007080078125],[68.85958099365251,23.030693054199162],[68.81680297851557,23.056804656982422],[68.77041625976591,23.07708358764654],[68.72985839843767,23.10652923584007],[68.68818664550793,23.134311676025675],[68.64653015136736,23.162080764770735],[68.61180877685564,23.198471069335994],[68.63041687011747,23.245140075683594],[68.62959289550787,23.295139312744254],[68.67930603027361,23.300695419311637],[68.72930908203142,23.297916412353572],[68.6801376342774,23.30708122253418],[68.63263702392584,23.32347106933588],[68.61125183105469,23.36874961853033],[68.56318664550781,23.382640838623104],[68.53430938720732,23.42346954345703],[68.51902770996122,23.47125053405756],[68.49624633789068,23.515972137451456],[68.49346923828153,23.566530227661076],[68.49096679687511,23.61763954162592],[68.5173645019533,23.660692214966105],[68.54763793945341,23.700700759887752],[68.58875274658209,23.73041534423851],[68.63069152832048,23.759029388427678],[68.65763854980474,23.8012504577639],[68.70319366455084,23.824026107788313],[68.73792266845709,23.860139846801985],[68.6873626708985,23.86124992370634],[68.64263916015653,23.837360382080362],[68.59263610839872,23.83847236633312],[68.56402587890653,23.797359466552678],[68.53457641601562,23.756811141967773],[68.53514099121111,23.807920455932788],[68.5559692382813,23.85403060913103],[68.59152984619169,23.889303207397575],[68.6406860351563,23.899860382080305],[68.60624694824236,23.936250686645735],[68.55568695068354,23.932920455932674],[68.68630981445341,23.96240043640131],[68.74924468994169,23.96204566955572],[68.75955963134794,24.03582191467291],[68.76139831542974,24.10002326965349],[68.76181030273449,24.16122245788597],[68.76417541503923,24.235988616943416],[68.76750183105474,24.289686203002873],[68.82635498046892,24.3083953857423],[68.83585357666044,24.2498836517334],[68.86403656005865,24.205223083496207],[68.91278839111345,24.24113082885748],[68.97056579589861,24.237529754638956],[69.0394515991211,24.24210166931158],[69.08544158935553,24.268278121948526],[69.13696289062506,24.25326538085966],[69.1900177001956,24.235740661621207],[69.24340057373053,24.255327224731445],[69.2925643920899,24.27391433715843],[69.36193847656267,24.266174316406477],[69.41162872314459,24.273851394653548],[69.46820068359392,24.2643852233889],[69.52818298339855,24.259040832519474],[69.57974243164057,24.27038955688471],[69.66956329345732,24.216646194458235],[69.71652984619158,24.179592132568303],[69.766586303711,24.171657562256087],[69.82532501220709,24.1674613952639],[69.8987655639649,24.165216445922965],[69.97868347167974,24.16505050659208],[70.03203582763672,24.173091888427848],[70.07730865478527,24.215642929077433],[70.10400390625006,24.269721984863224],[70.15045166015642,24.300573348998967],[70.23081207275396,24.316535949707088],[70.29689025878935,24.339914321899528],[70.3575668334961,24.351995468139705],[70.45963287353533,24.386976242065373],[70.53155517578142,24.41004371643072],[70.59319305419928,24.411731719970874],[70.59204864501959,24.35863113403326],[70.58560943603521,24.308589935302734],[70.5722045898438,24.259199142456225],[70.6335754394533,24.23265647888178],[70.68983459472673,24.223255157470817],[70.76379394531278,24.220760345459098],[70.81624603271513,24.22504615783714],[70.86563873291044,24.25084304809593],[70.89041900634794,24.296369552612248],[70.93289184570318,24.326179504394474],[70.98179626464872,24.352050781250057],[71.03369140625028,24.34539985656761],[71.07710266113287,24.37228012084961],[71.12502288818388,24.39293289184593],[71.09309387207031,24.435934066772745],[71.02857971191423,24.433378219604492],[71.0116577148438,24.49151039123541],[70.99826812744158,24.541339874267635],[71.00055694580095,24.599212646484602],[71.0460968017581,24.63881111145031],[71.09224700927763,24.667749404907283],[71.14673614501959,24.65801048278803],[71.19709777832037,24.64292907714872],[71.25298309326178,24.623630523681584],[71.30745697021501,24.619871139526367],[71.35103607177746,24.653219223022575],[71.394515991211,24.627010345459098],[71.44531249999994,24.65397071838379],[71.50353240966814,24.673809051513672],[71.5684432983399,24.673521041870117],[71.61833190917969,24.668361663818587],[71.66156005859386,24.63326072692871],[71.71631622314482,24.654329299926758],[71.78450775146484,24.668859481811637],[71.81153106689447,24.62593078613287],[71.85839080810558,24.60416984558117],[71.86276245117193,24.654752731323185],[71.91210174560564,24.66959953308117],[71.93952178955078,24.627601623535156],[71.990776062012,24.65139961242687],[72.03161621093778,24.6918106079101],[72.08525085449219,24.697008132934513],[72.10186004638689,24.643339157104492]]]]}},{"type":"Feature","properties":{"name":"Haryana"},"geometry":{"type":"Polygon","coordinates":[[[76.83715057373058,30.878871917724837],[76.88655090332043,30.8882999420166],[76.92661285400419,30.85444068908697],[76.95375061035156,30.81121063232439],[77.00003051757824,30.789020538330135],[77.01805114746111,30.74044990539545],[77.06971740722656,30.746982574462834],[77.11744689941423,30.717910766601562],[77.15386199951189,30.676942825317383],[77.15863037109392,30.61380958557129],[77.12587738037115,30.57369041442871],[77.16368865966808,30.534120559692553],[77.19957733154325,30.499139785766715],[77.25177764892584,30.484411239624023],[77.30069732666016,30.456598281860465],[77.35349273681669,30.44856071472168],[77.3954620361331,30.42094039916998],[77.43559265136736,30.451009750366154],[77.46098327636724,30.405380249023665],[77.50115203857416,30.443679809570312],[77.53874206542969,30.401912689209098],[77.58444213867199,30.381361007690543],[77.57009887695318,30.331550598144588],[77.54042053222685,30.290969848632926],[77.50550842285185,30.24224090576172],[77.47677612304705,30.195011138916016],[77.43061065673845,30.166429519653548],[77.40326690673857,30.121059417724666],[77.35697937011736,30.08415031433111],[77.30290985107428,30.06058120727539],[77.26759338378912,30.022109985351562],[77.2354812622072,29.981172561645508],[77.20256805419928,29.931089401245117],[77.18229675292986,29.881589889526424],[77.16903686523466,29.82958030700695],[77.13743591308594,29.782201766968],[77.14021301269537,29.717271804809627],[77.13114166259766,29.666349411010742],[77.10160064697283,29.624919891357422],[77.10675811767595,29.56636047363287],[77.09761047363298,29.512012481689453],[77.11429595947294,29.461860656738395],[77.12586975097662,29.410640716552848],[77.11752319335949,29.35715103149414],[77.15360260009794,29.32225990295416],[77.12948608398443,29.272790908813647],[77.12770080566406,29.218420028686637],[77.12734222412126,29.162910461425838],[77.12204742431646,29.10576820373558],[77.16232299804693,29.065372467041243],[77.19159698486328,29.021291732788086],[77.19095611572277,28.961650848388786],[77.21602630615251,28.911430358886832],[77.18318939208979,28.87177085876482],[77.14237976074213,28.842470169067383],[77.09945678710932,28.87244033813471],[77.03766632080072,28.8527774810791],[76.98349761962885,28.839080810546932],[76.93736267089861,28.809150695800895],[76.94744110107416,28.75113105773943],[76.95421600341803,28.7005290985108],[76.91748809814482,28.65727043151861],[76.86090087890642,28.602510452270508],[76.83761596679705,28.55698966980009],[76.87946319580084,28.523998260498047],[76.93321990966803,28.51604080200201],[76.99027252197271,28.519781112671012],[77.04165649414091,28.518960952758732],[77.09031677246094,28.505451202392692],[77.10874938964855,28.457351684570483],[77.15186309814464,28.428319931030273],[77.2059097290039,28.41340065002464],[77.24327850341791,28.447490692138672],[77.27111053466825,28.49703025817894],[77.32170104980486,28.499389648437557],[77.3693618774414,28.480688095092887],[77.41813659667997,28.455789566040153],[77.45610046386747,28.420988082885856],[77.48589324951166,28.379701614380167],[77.47355651855469,28.327880859375057],[77.49273681640653,28.28063011169428],[77.53878021240251,28.254409790039233],[77.51911926269548,28.201780319214095],[77.49529266357439,28.145811080932617],[77.4901428222658,28.095291137695256],[77.4791107177735,28.044162750244197],[77.52011108398443,28.00654983520525],[77.53733825683605,27.95776939392107],[77.49225616455084,27.93180847167997],[77.45848846435547,27.885299682617188],[77.40709686279325,27.889129638671875],[77.36483001709001,27.860591888427678],[77.31719207763678,27.83324050903326],[77.26748657226591,27.811960220336914],[77.21684265136724,27.79549980163597],[77.16400909423834,27.786911010742188],[77.10748291015625,27.78665924072294],[77.05625152587896,27.811460494995117],[77.05010223388689,27.76104164123535],[77.00502014160185,27.739139556884936],[76.9760818481447,27.692850112915153],[76.93028259277338,27.67170906066889],[76.88311767578136,27.695499420166072],[76.89140319824236,27.761190414428768],[76.90524291992199,27.81255912780773],[76.92829895019537,27.867130279541016],[76.93881988525419,27.919029235840128],[76.92492675781278,27.978361129760742],[76.93074035644537,28.030500411987532],[76.94806671142595,28.07867050170904],[76.96176147460938,28.144010543823356],[76.9120483398438,28.171859741210994],[76.8792572021485,28.210380554199276],[76.82724761962919,28.217491149902457],[76.79228973388678,28.175661087036133],[76.73912811279325,28.129039764404354],[76.6902465820313,28.114789962768782],[76.64697265625006,28.08510971069336],[76.65962219238276,28.033670425415153],[76.60389709472685,28.01079177856468],[76.55979156494146,27.981782913208065],[76.53553009033209,28.025711059570312],[76.48307037353516,28.04632949829113],[76.45343017578153,28.087789535522575],[76.49729156494169,28.11597824096674],[76.46517944335943,28.15561103820795],[76.4122467041015,28.147478103637752],[76.35983276367205,28.1433811187747],[76.30871582031267,28.183361053466967],[76.33759307861334,28.134847640991268],[76.29740142822294,28.10104942321783],[76.3443679809572,28.073869705200252],[76.32995605468756,28.02487945556652],[76.28202819824236,28.058929443359432],[76.22593688964861,28.055189132690373],[76.17545318603521,28.054250717163086],[76.15872192382841,28.004550933838004],[76.17693328857439,27.955060958862305],[76.1826171875,27.905071258544922],[76.20507049560575,27.855520248413086],[76.17292022705095,27.807460784912166],[76.1277694702149,27.83320045471197],[76.08806610107428,27.868448257446346],[76.03839874267572,27.852500915527344],[75.98427581787126,27.86286926269537],[75.96753692626959,27.91537094116211],[75.97384643554693,27.969938278198242],[75.97083282470714,28.023750305175895],[76.01667022705078,28.056110382080078],[75.958969116211,28.084060668945312],[75.9911117553711,28.128179550171012],[76.02774810791033,28.172721862792912],[76.0749130249024,28.14195060730009],[76.06929779052729,28.194250106811523],[76.02577972412138,28.235919952392692],[75.99124145507824,28.29519081115734],[75.951431274414,28.333499908447322],[75.90467071533232,28.376060485839844],[75.84120178222656,28.397279739379883],[75.78759002685541,28.404441833496207],[75.77822875976591,28.457611083984432],[75.73654937744146,28.487201690674],[75.67109680175798,28.5169296264649],[75.62909698486328,28.545970916748104],[75.62001800537115,28.599229812622184],[75.55570983886736,28.614591598511026],[75.53980255126982,28.67601966857916],[75.53093719482428,28.73282051086443],[75.50502777099615,28.78279113769554],[75.51336669921892,28.836589813232422],[75.48842620849615,28.89831924438488],[75.50354766845732,28.95182037353527],[75.51113891601568,29.003320693969783],[75.4586791992188,29.020151138305778],[75.4302597045899,29.06472015380865],[75.3821868896485,29.083599090576172],[75.38508605957043,29.134160995483512],[75.40065002441406,29.18890953063959],[75.39936828613287,29.240270614624194],[75.34719848632812,29.230119705200423],[75.32537078857428,29.27831077575695],[75.27172851562506,29.254369735717773],[75.22345733642578,29.234951019287166],[75.1799926757813,29.268619537353516],[75.12467193603521,29.24496078491211],[75.0627059936524,29.238920211791992],[75.0399169921875,29.287149429321516],[74.9910430908206,29.27174949645996],[74.9425659179688,29.295181274414347],[74.92714691162138,29.364639282226562],[74.87058258056658,29.385112762451456],[74.80954742431658,29.398479461669865],[74.77591705322294,29.36015129089367],[74.72255706787126,29.360849380493278],[74.65851593017584,29.369979858398438],[74.60603332519548,29.327579498291186],[74.57978057861334,29.378730773925895],[74.55216979980497,29.42240142822294],[74.58553314209013,29.46898269653326],[74.61168670654325,29.520008087158203],[74.57174682617193,29.555580139160156],[74.57467651367216,29.614410400390852],[74.58513641357433,29.675029754638956],[74.60161590576172,29.74066925048851],[74.549331665039,29.754800796508846],[74.49680328369146,29.741821289062727],[74.46526336669939,29.787549972534407],[74.5058898925783,29.832580566406307],[74.55356597900408,29.865640640259016],[74.51091003417974,29.9042911529541],[74.56183624267584,29.929309844970703],[74.62201690673828,29.907779693603516],[74.66570281982422,29.94169044494629],[74.72400665283232,29.96186065673828],[74.77599334716797,29.974399566650447],[74.8289871215822,29.96947097778326],[74.88149261474615,29.968349456787223],[74.92408752441435,29.94153022766119],[74.95786285400419,29.897739410400618],[74.9899291992187,29.85646057128912],[75.03749847412115,29.881780624389705],[75.0777359008789,29.912309646606445],[75.08468627929716,29.85859107971214],[75.09017944335943,29.806661605835075],[75.13545989990229,29.78038024902355],[75.16699981689453,29.824951171875057],[75.20536041259771,29.790000915527344],[75.22136688232428,29.73307037353527],[75.19528198242193,29.687759399414062],[75.17244720459013,29.638629913330078],[75.2212371826173,29.60655021667486],[75.22432708740263,29.5500297546389],[75.27503204345714,29.561109542846737],[75.287857055664,29.619768142700252],[75.31772613525396,29.6707000732423],[75.35855865478521,29.70576095581049],[75.39679718017595,29.748670578003043],[75.4437866210938,29.786180496216105],[75.49839019775419,29.777750015258903],[75.55639648437528,29.765832901000977],[75.61322784423857,29.746458053588867],[75.65638732910173,29.776060104370117],[75.70593261718778,29.80862045288086],[75.76059722900396,29.818660736084098],[75.81997680664091,29.81538009643566],[75.85459136962908,29.76966094970726],[75.90313720703153,29.74628257751465],[75.95748901367216,29.732120513916016],[76.0038299560548,29.750930786132812],[76.05842590332026,29.773149490356673],[76.09438323974615,29.811561584472656],[76.15312957763678,29.81627273559576],[76.19418334960949,29.844970703125057],[76.24201202392584,29.869028091430835],[76.1846389770509,29.888580322265568],[76.16961669921903,29.936559677124137],[76.1974868774414,29.979810714721907],[76.21543884277361,30.027130126953182],[76.22749328613287,30.07713127136242],[76.20791625976574,30.12495994567894],[76.26551055908214,30.11769294738764],[76.32289886474615,30.108221054077262],[76.37471771240251,30.123729705810604],[76.38861846923845,30.174100875854492],[76.43135070800798,30.140710830688533],[76.46157073974615,30.099000930786076],[76.50894165039057,30.079530715942667],[76.55916595459001,30.098049163818473],[76.60896301269537,30.087459564208984],[76.62940216064459,30.134769439697436],[76.63925170898455,30.185211181640625],[76.61199951171892,30.230968475341854],[76.5476684570312,30.234441757202376],[76.60449981689447,30.27226066589367],[76.65128326416033,30.299341201782227],[76.69767761230474,30.32485771179205],[76.73853302001964,30.35964965820324],[76.70014953613287,30.393611907958984],[76.74887084960966,30.42663192749029],[76.80845642089861,30.411859512329272],[76.86473083496094,30.408790588378963],[76.88022613525396,30.35970115661621],[76.92729949951178,30.388639450073185],[76.88993072509771,30.4366912841798],[76.89385986328125,30.489641189575195],[76.88504028320341,30.54042053222679],[76.90721130371094,30.591409683227596],[76.87709045410173,30.63702011108421],[76.83499908447271,30.664110183715934],[76.83629608154314,30.714269638061694],[76.82818603515636,30.763790130615234],[76.83335876464872,30.81589126586914],[76.78494262695307,30.861270904541016],[76.7987670898438,30.924640655517635],[76.83715057373058,30.878871917724837]]]}},{"type":"Feature","properties":{"name":"Himachal Pradesh"},"geometry":{"type":"Polygon","coordinates":[[[76.80275726318365,33.23666000366211],[76.80661010742193,33.184730529785156],[76.82917022705107,33.137722015380916],[76.87719726562511,33.11423873901384],[76.90011596679716,33.06414031982422],[76.9483261108399,33.018489837646655],[76.99147033691435,32.99285888671881],[77.0523757934572,32.99089050292969],[77.10315704345709,32.98720169067383],[77.14612579345709,32.956390380859375],[77.18180084228527,32.915451049804915],[77.22825622558611,32.89556884765625],[77.27009582519537,32.86640167236334],[77.31651306152338,32.829750061035156],[77.35968017578142,32.8595809936524],[77.41013336181669,32.87821960449219],[77.47318267822271,32.87879180908203],[77.52320098876959,32.889781951904354],[77.56964874267595,32.921661376953125],[77.6172561645509,32.944000244140625],[77.66307830810541,32.97592926025396],[77.72313690185575,32.96435928344732],[77.75956726074247,32.927410125732536],[77.76142883300787,32.864830017089844],[77.80821228027372,32.836040496826286],[77.86126708984375,32.81616210937494],[77.8908767700197,32.77450942993164],[77.918472290039,32.73078918457037],[77.92021179199219,32.67951202392601],[77.95265960693376,32.64039993286127],[77.97669982910173,32.59194183349615],[78.02744293212908,32.588649749755916],[78.06533050537138,32.624279022216854],[78.11615753173834,32.642410278320256],[78.15254211425798,32.67901992797857],[78.20163726806646,32.665199279785384],[78.25911712646513,32.70291900634783],[78.313949584961,32.74898147583025],[78.36428070068376,32.76298141479498],[78.36756896972662,32.6995201110841],[78.37092590332048,32.63816070556652],[78.34062194824236,32.593059539795036],[78.29917144775419,32.52927017211914],[78.30623626708979,32.47774887084961],[78.35636138916044,32.51266098022478],[78.40892028808594,32.512710571289006],[78.43733215332048,32.471061706543026],[78.47299957275408,32.432918548583984],[78.49397277832048,32.37731170654297],[78.46069335937528,32.337219238281364],[78.46615600585943,32.28401947021479],[78.5015411376956,32.24571990966797],[78.56223297119158,32.23731994628906],[78.59420013427746,32.18848037719732],[78.59420776367216,32.13566970825207],[78.63961029052763,32.112121582031364],[78.67437744140625,32.06927871704107],[78.711929321289,32.029270172119425],[78.76055908203153,32.00123214721708],[78.75608062744146,31.950288772583008],[78.7294464111331,31.906589508056754],[78.72339630126953,31.846981048583984],[78.69081115722673,31.806720733642578],[78.72183227539091,31.76506805419922],[78.72860717773443,31.702360153198356],[78.77964782714838,31.68984031677246],[78.80890655517584,31.639911651611555],[78.8109970092774,31.589048385620174],[78.76374053955084,31.562139511108626],[78.71916198730497,31.53675079345703],[78.71658325195318,31.484882354736442],[78.76557159423845,31.472431182861385],[78.79563903808622,31.430639266967773],[78.82103729248041,31.384189605713004],[78.82871246337908,31.332460403442496],[78.8700561523437,31.291368484497127],[78.90585327148449,31.25018119812006],[78.9358520507812,31.205680847168026],[78.97747802734392,31.170160293579215],[78.99669647216791,31.117589950561637],[78.94211578369169,31.105028152465877],[78.89074707031256,31.1060791015625],[78.84432983398455,31.128040313720817],[78.81170654296875,31.169410705566577],[78.76460266113298,31.195909500122184],[78.71302795410168,31.19666290283203],[78.65983581542997,31.203250885009766],[78.61329650878935,31.22743988037132],[78.56189727783209,31.229600906372298],[78.51413726806635,31.203920364379996],[78.46656799316412,31.220939636230526],[78.4270629882813,31.255979537963924],[78.38136291503935,31.28147125244152],[78.32663726806669,31.2882404327392],[78.27815246582043,31.266660690307674],[78.23258972167997,31.235019683838004],[78.17648315429699,31.23003005981468],[78.11915588378923,31.214040756225813],[78.07110595703142,31.192760467529297],[78.0162200927735,31.17151260375988],[77.95475769042986,31.178779602050838],[77.90941619873053,31.155500411987532],[77.85787200927751,31.116239547729606],[77.82472991943365,31.07443046569847],[77.82106018066423,31.02108001709007],[77.79872131347673,30.976118087768555],[77.74196624755865,30.967641830444393],[77.76317596435575,30.920150756835994],[77.78350067138672,30.872060775757063],[77.73573303222685,30.8570499420166],[77.7194213867188,30.80830955505371],[77.68828582763689,30.76866912841797],[77.72219085693388,30.730619430541935],[77.74275207519543,30.680561065673942],[77.77497863769537,30.64112091064476],[77.73478698730497,30.608160018921012],[77.76184844970732,30.562988281250114],[77.8099594116211,30.544019699096737],[77.76761627197266,30.504360198974553],[77.72144317626947,30.477769851684684],[77.66160583496111,30.44878005981468],[77.61200714111345,30.438400268554744],[77.56288146972662,30.417079925537166],[77.51436614990251,30.439422607421818],[77.46797180175781,30.411779403686523],[77.41644287109403,30.408391952514876],[77.45429992675787,30.446060180664176],[77.4076385498048,30.427881240844897],[77.35679626464861,30.442060470581055],[77.30069732666016,30.456598281860465],[77.25659179687528,30.48142051696783],[77.20260620117216,30.4803409576416],[77.17455291748058,30.53051948547369],[77.12233734130888,30.548231124878043],[77.15122222900396,30.592830657959098],[77.1604461669923,30.642400741577205],[77.14743804931646,30.693479537964038],[77.10317230224615,30.720449447631893],[77.05497741699247,30.74674034118675],[77.00470733642595,30.75248908996582],[76.99974060058611,30.804901123046875],[76.94764709472656,30.82316970825201],[76.91584014892595,30.86932945251465],[76.86178588867216,30.873550415039062],[76.8157577514649,30.89600944519043],[76.7538375854495,30.91781806945812],[76.71260070800793,30.963420867920036],[76.66263580322294,30.971130371093864],[76.61241912841803,31.002050399780273],[76.59896850585932,31.053550720214957],[76.62573242187517,31.11024284362793],[76.59467315673834,31.151340484619084],[76.61221313476568,31.20264053344721],[76.5705032348634,31.280149459838867],[76.51811218261719,31.262310028076286],[76.4756469726563,31.29220008850109],[76.42801666259777,31.32518005371105],[76.39105224609403,31.378631591796875],[76.3691711425783,31.428140640259016],[76.31584167480474,31.40237808227539],[76.33666229248058,31.353019714355753],[76.29609680175781,31.31920051574707],[76.24414062500006,31.313711166381836],[76.1856994628908,31.304660797119254],[76.1580657958985,31.34694099426281],[76.15303802490229,31.39725112915039],[76.12824249267572,31.44375991821289],[76.10816192626964,31.495109558105582],[76.07681274414068,31.545959472656307],[76.04315948486357,31.5919704437257],[76.00274658203125,31.64657020568859],[75.97579193115246,31.695329666137695],[75.95974731445318,31.74430274963379],[75.9358215332033,31.78974914550787],[75.95358276367205,31.83995056152355],[75.92617034912115,31.889791488647518],[75.89595794677751,31.940259933471623],[75.85130310058594,31.97253036499029],[75.79512023925787,31.988580703735465],[75.75380706787138,32.01988220214844],[75.70040893554716,32.04359054565424],[75.64936065673845,32.07717132568382],[75.59852600097685,32.06600952148432],[75.6312026977539,32.119499206543026],[75.6618270874024,32.16466903686535],[75.61833190917974,32.197021484375284],[75.63407897949236,32.24473953247093],[75.68489074707037,32.26501846313505],[75.73639678955084,32.27376174926769],[75.78314208984386,32.3222007751466],[75.83740234375017,32.37302017211914],[75.91110992431646,32.40919113159191],[75.89541625976562,32.46186065673834],[75.855278015137,32.49958038330078],[75.8703002929688,32.558769226074446],[75.90458679199224,32.615219116210994],[75.91475677490246,32.665931701660156],[75.90983581542997,32.72093963623058],[75.88568115234392,32.79547882080101],[75.83738708496094,32.83676910400385],[75.79537200927763,32.86925888061535],[75.79830932617205,32.91942214965832],[75.85006713867193,32.931159973144815],[75.90011596679682,32.91569900512695],[75.93955230712902,32.884220123291016],[75.98741912841808,32.90058135986351],[76.02807617187528,32.937438964843864],[76.07834625244146,32.966072082519645],[76.1073226928711,33.00788879394531],[76.18830108642607,33.027580261230526],[76.25524139404325,33.05228042602545],[76.27584075927763,33.098030090332145],[76.31553649902338,33.13019943237316],[76.35885620117188,33.15750122070335],[76.40067291259766,33.18656158447277],[76.45555114746094,33.18331909179699],[76.50576019287126,33.195781707763786],[76.55589294433611,33.20685195922863],[76.5984725952149,33.17650985717785],[76.65110778808594,33.171829223632926],[76.7084732055664,33.18130111694347],[76.7505569458009,33.210128784179915],[76.77826690673822,33.255710601806584],[76.80275726318365,33.23666000366211]]]}},{"type":"Feature","properties":{"name":"Jammu and Kashmir"},"geometry":{"type":"Polygon","coordinates":[[[77.89956665039091,35.4278945922851],[77.94377899169928,35.462955474853516],[77.99064636230474,35.48711013793957],[78.04535675048845,35.4910888671875],[78.103988647461,35.48445892334007],[78.07019042968756,35.444641113281364],[78.0245971679688,35.417171478271655],[77.99028778076178,35.379032135009766],[78.00151062011719,35.297969818115234],[78.01774597167974,35.24975204467796],[78.04276275634771,35.20233154296881],[78.11605072021513,35.14535140991211],[78.09771728515636,35.09793090820307],[78.1148300170899,35.01475906372076],[78.16731262207037,34.91213989257824],[78.18833923339872,34.86278152465826],[78.20732116699224,34.76610946655285],[78.23156738281256,34.716800689697266],[78.26570129394537,34.67938995361334],[78.31733703613298,34.659278869628906],[78.38717651367188,34.651630401611385],[78.41812896728521,34.60540008544933],[78.48223114013683,34.603340148925895],[78.53711700439459,34.61415100097662],[78.6110916137697,34.583061218261776],[78.6524887084961,34.53815460205078],[78.6963195800783,34.50759124755871],[78.74935913085955,34.47698974609398],[78.78847503662126,34.441421508789006],[78.8372573852539,34.40701675415039],[78.89155578613293,34.389640808105696],[78.93989562988298,34.362079620361555],[78.98146057128906,34.33285140991211],[78.98499298095709,34.26779174804699],[78.95619964599615,34.217830657959155],[78.91036224365234,34.180500030517805],[78.85883331298845,34.15180206298851],[78.77426147460966,34.11450958251953],[78.72443389892584,34.0914039611817],[78.75953674316412,34.036338806152344],[78.7428970336914,33.98728179931635],[78.71665954589872,33.93909072875988],[78.72566986083979,33.87112045288109],[78.76132202148466,33.817340850830305],[78.783988952637,33.77043151855469],[78.75756072998064,33.72645950317383],[78.70929718017595,33.6796112060548],[78.727279663086,33.6227760314942],[78.75811004638672,33.57139205932617],[78.79115295410156,33.525188446045036],[78.82325744628912,33.48348999023449],[78.87039947509794,33.43970108032232],[78.92125701904303,33.398700714111385],[78.97268676757812,33.3673210144043],[79.01954650878935,33.33079910278326],[79.06659698486334,33.29589080810547],[79.0714721679687,33.23816299438471],[79.12773132324213,33.20473861694347],[79.18049621582037,33.194610595703125],[79.31517028808605,33.18880081176758],[79.37725830078142,33.1899108886721],[79.4175415039063,33.15523910522461],[79.39726257324219,33.109432220458984],[79.36760711669928,33.06161117553711],[79.35002899169928,32.99618148803711],[79.38111114501959,32.93956756591791],[79.43206024169928,32.90510940551769],[79.4645233154298,32.81674194335932],[79.51523590087896,32.7752799987793],[79.5473937988283,32.73065185546881],[79.56259155273466,32.67816925048851],[79.55355834960943,32.62026977539074],[79.50878906250028,32.59146118164091],[79.44801330566423,32.58607864379883],[79.40381622314459,32.55768966674805],[79.35324096679705,32.53112792968773],[79.32025146484375,32.49129867553728],[79.27011871337896,32.51778030395508],[79.2138290405274,32.51359939575195],[79.16506958007824,32.49192047119135],[79.12172698974615,32.4561119079591],[79.111801147461,32.39929199218756],[79.0597000122072,32.38557052612316],[78.9937591552735,32.36429977416998],[78.92399597167997,32.36331939697277],[78.88582611083996,32.3959770202639],[78.8360214233399,32.4252815246582],[78.7979278564456,32.46318054199219],[78.7755813598634,32.51635360717779],[78.76371002197271,32.567810058594034],[78.7705688476563,32.63552093505888],[78.74592590332048,32.696079254150675],[78.66426849365234,32.656490325927734],[78.63233947753918,32.61106109619146],[78.55927276611334,32.612339019775504],[78.50885772705095,32.59471893310541],[78.45272064208979,32.579502105713004],[78.4043273925783,32.538730621338004],[78.35636138916044,32.51266098022478],[78.31040954589872,32.475929260253906],[78.29917144775419,32.52927017211914],[78.31799316406256,32.580211639404354],[78.37706756591797,32.6148796081543],[78.36315155029303,32.67198944091797],[78.37494659423845,32.72264862060558],[78.34474182128935,32.76343154907221],[78.2876586914063,32.737831115722656],[78.23658752441435,32.69467163085932],[78.18395233154325,32.663871765136946],[78.13066101074224,32.66006088256836],[78.07900238037115,32.65279006958019],[78.0327377319336,32.6337509155274],[77.98705291748053,32.588199615478516],[77.95424652099615,32.62596130371105],[77.92021179199219,32.67951202392601],[77.918472290039,32.73078918457037],[77.8908767700197,32.77450942993164],[77.86126708984375,32.81616210937494],[77.81431579589872,32.83617019653326],[77.76772308349615,32.85847091674805],[77.7901687622072,32.90542984008812],[77.74762725830095,32.93941879272472],[77.7036895751956,32.96612930297863],[77.65331268310575,32.95940017700201],[77.60614776611334,32.942409515380916],[77.55384826660173,32.913108825683764],[77.51129150390642,32.88542938232422],[77.45522308349626,32.8617401123048],[77.40312194824219,32.881450653076286],[77.35871887207048,32.856399536132926],[77.32161712646496,32.822391510009766],[77.2812805175783,32.85565185546869],[77.22782897949213,32.87697219848633],[77.18895721435564,32.91006088256847],[77.14878082275396,32.941379547119084],[77.12007141113281,32.98271179199219],[77.06593322753923,32.98553085327154],[77.01123809814459,32.99324035644537],[76.96370697021501,33.01004028320318],[76.91751098632812,33.03367996215849],[76.89074707031261,33.08076095581066],[76.8444366455081,33.112300872802734],[76.80948638916027,33.148551940918026],[76.818588256836,33.205570220947266],[76.78543853759771,33.25358963012707],[76.7505569458009,33.210128784179915],[76.7084732055664,33.18130111694347],[76.6594467163086,33.17111206054699],[76.59958648681658,33.17375946044933],[76.55589294433611,33.20685195922863],[76.50576019287126,33.195781707763786],[76.45555114746094,33.18331909179699],[76.40067291259766,33.18656158447277],[76.35885620117188,33.15750122070335],[76.31553649902338,33.13019943237316],[76.27584075927763,33.098030090332145],[76.25524139404325,33.05228042602545],[76.18830108642607,33.027580261230526],[76.12819671630888,33.01008224487305],[76.08567047119169,32.97500991821289],[76.04260253906244,32.940238952636946],[75.99752807617199,32.90937042236334],[75.94577026367188,32.88513946533209],[75.90011596679682,32.91569900512695],[75.85006713867193,32.931159973144815],[75.79830932617205,32.91942214965832],[75.79537200927763,32.86925888061535],[75.83738708496094,32.83676910400385],[75.88568115234392,32.79547882080101],[75.91404724121088,32.74201965332048],[75.89657592773443,32.691059112549055],[75.92362213134783,32.64369964599621],[75.8862915039063,32.5919189453125],[75.83783721923834,32.5376091003418],[75.80433654785185,32.48706054687523],[75.75296020507818,32.47523880004883],[75.7197494506836,32.430320739746094],[75.66274261474615,32.39350891113281],[75.59263610839872,32.38169860839844],[75.54515075683622,32.36082077026367],[75.51582336425798,32.29798889160173],[75.46775817871111,32.31756210327154],[75.41499328613287,32.32427215576172],[75.3591918945312,32.334918975830135],[75.28906250000017,32.35757446289068],[75.23715209960955,32.395778656005916],[75.19234466552751,32.41984176635748],[75.13945007324247,32.414604187011776],[75.1067504882813,32.4550399780274],[75.0626831054688,32.48212814331055],[75.01174926757818,32.476181030273665],[74.9638671875,32.45252990722679],[74.89965820312511,32.466129302978516],[74.85642242431635,32.49267196655279],[74.7988586425783,32.48405838012695],[74.74822998046903,32.479240417480696],[74.69841766357428,32.48493957519537],[74.68051147460949,32.53818893432617],[74.64330291748053,32.59595108032238],[74.66921234130865,32.64593887329096],[74.65013885498053,32.7184104919433],[74.66752624511724,32.76659011840843],[74.69458007812506,32.809520721435604],[74.64199829101591,32.822898864746094],[74.61423492431658,32.75773239135742],[74.54310607910156,32.74544143676769],[74.479736328125,32.772670745849666],[74.45063781738287,32.81682205200207],[74.42933654785185,32.87950897216797],[74.38579559326178,32.908649444580135],[74.32721710205084,32.913311004638786],[74.34635925292997,32.965549468994254],[74.34983062744135,33.016250610351506],[74.28319549560553,33.04319000244158],[74.2203979492188,33.044815063476676],[74.17624664306669,33.10715103149414],[74.11170196533209,33.164440155029354],[74.05643463134794,33.186614990234375],[74.01125335693388,33.218750000000114],[74.03649902343767,33.26474380493164],[74.08810424804716,33.262897491455135],[74.16685485839855,33.344139099121094],[74.18421173095714,33.39104080200218],[74.18292999267572,33.441970825195256],[74.164604187012,33.495647430420036],[74.12339019775419,33.543209075927734],[74.07447052001953,33.568523406982365],[74.01468658447294,33.59836578369135],[73.97570037841803,33.69363403320318],[74.00000000000028,33.75257873535179],[74.03833007812528,33.79513931274414],[74.09001159667997,33.82627868652372],[74.14334106445318,33.83013916015625],[74.1922760009765,33.85142135620117],[74.24555969238281,33.895000457763786],[74.26358032226591,33.94261932373058],[74.24868774414074,34.013820648193416],[74.19635009765625,34.0400848388673],[74.13244628906267,34.052673339843864],[74.06107330322266,34.03470993041992],[74.00607299804699,34.022441864013786],[73.90898895263683,34.03253936767578],[73.9043807983399,34.09689331054699],[73.94477081298828,34.17018890380854],[73.97657775878906,34.211803436279354],[73.9762268066408,34.264808654785156],[73.94097137451178,34.30173873901367],[73.91334533691412,34.34792709350586],[73.84175109863298,34.33832168579096],[73.7733917236331,34.34975051879911],[73.77698516845709,34.416301727295036],[73.85481262207043,34.4733505249024],[73.88668823242216,34.51499938964855],[73.94806671142584,34.573089599609375],[73.92733001709013,34.645889282226506],[73.96022033691406,34.69668197631847],[74.01289367675787,34.70985412597662],[74.05970001220732,34.68508911132835],[74.11676788330078,34.69121170043945],[74.17473602294916,34.717350006103516],[74.22574615478521,34.74745941162132],[74.2797470092774,34.76826858520508],[74.3309478759765,34.79248046875023],[74.47396850585966,34.79063415527372],[74.53810119628906,34.77618408203125],[74.61242675781278,34.74637222290039],[74.65805816650385,34.710601806640625],[74.72807312011719,34.68858337402355],[74.78659057617216,34.68273162841797],[74.85389709472685,34.67819976806646],[74.9105072021485,34.68320846557617],[74.99780273437517,34.65108108520519],[75.05079650878906,34.643920898437614],[75.10555267334001,34.65565872192394],[75.16467285156267,34.66044998168957],[75.23575592041044,34.64829254150396],[75.2791519165039,34.601749420166016],[75.33519744873064,34.57213211059582],[75.39497375488287,34.5488090515139],[75.46463775634794,34.543388366699276],[75.51687622070324,34.53779220581066],[75.57888793945341,34.539440155029354],[75.64414978027338,34.53353881835932],[75.71383666992188,34.51840209960943],[75.76877593994146,34.52214050292969],[75.82064819335938,34.558910369873274],[75.88146209716814,34.59074020385748],[75.93221282959001,34.624431610107365],[75.98327636718744,34.62940979003912],[76.0254287719726,34.664100646972884],[76.07444000244169,34.676311492919865],[76.12193298339872,34.64665222167963],[76.19278717041021,34.65526962280285],[76.26004791259766,34.6843719482423],[76.30150604248053,34.724441528320426],[76.35073852539068,34.7347030639649],[76.40953826904325,34.752166748046875],[76.4692001342774,34.791667938232536],[76.54531860351574,34.76559066772461],[76.61804199218744,34.75606918334961],[76.67163848876947,34.75741958618181],[76.70619201660173,34.80125045776367],[76.74324035644537,34.84009933471691],[76.73886108398443,34.90192794799833],[76.79933929443365,34.93577194213867],[76.84815216064459,34.957969665527344],[76.8984680175783,34.96426010131847],[76.95034027099626,34.94094085693371],[77.01013946533214,34.95628738403349],[77.01029968261724,35.01618194580084],[77.06836700439447,35.024120330810774],[77.15682220458996,35.05469894409191],[77.28079223632824,35.13828659057617],[77.37944030761747,35.19789123535156],[77.44252014160162,35.234439849853516],[77.48542022705084,35.26654052734369],[77.5396118164063,35.29777908325195],[77.58502197265636,35.323921203613395],[77.65056610107428,35.36708068847656],[77.73551177978527,35.43384170532232],[77.81465148925787,35.48524856567383],[77.86267089843756,35.4585914611817],[77.89956665039091,35.4278945922851]]]}},{"type":"Feature","properties":{"name":"Jharkhand"},"geometry":{"type":"Polygon","coordinates":[[[87.59989166259771,25.314662933349553],[87.65178680419928,25.30724906921398],[87.69641113281256,25.278869628906364],[87.76283264160185,25.249288558959904],[87.78466796875017,25.199600219726562],[87.77120971679699,25.138731002807674],[87.77986145019531,25.08735084533714],[87.83493804931669,25.057018280029297],[87.87697601318376,25.028039932251204],[87.90648651123075,24.985811233520508],[87.94621276855486,24.94889068603527],[87.97228240966825,24.90336990356451],[87.92874145507818,24.865882873535213],[87.89391326904291,24.82917022705078],[87.86654663085943,24.782449722289982],[87.81806182861328,24.765981674194336],[87.86103820800787,24.731250762939453],[87.89778900146484,24.694971084594727],[87.90796661376964,24.64208984375],[87.9087371826173,24.5911808013916],[87.868637084961,24.56128120422369],[87.81685638427729,24.57007026672369],[87.79901885986334,24.520910263061523],[87.81372070312506,24.4727401733399],[87.79226684570312,24.426870346069336],[87.787651062012,24.371669769287053],[87.76055908203153,24.328170776367244],[87.73015594482428,24.287609100341797],[87.68866729736357,24.255609512329215],[87.63571166992205,24.242530822753963],[87.67095184326172,24.205738067626953],[87.6936416625976,24.159170150756893],[87.64067077636736,24.154930114746094],[87.59037780761724,24.160091400146598],[87.57779693603521,24.110420227050895],[87.52693939208979,24.10378074645996],[87.48890686035162,24.069660186767635],[87.48847961425787,24.019330978393782],[87.43872833251959,24.01251983642601],[87.38976287841825,24.001962661743107],[87.33728790283214,23.994951248168945],[87.29654693603516,24.030162811279524],[87.24359893798834,24.04211997985834],[87.26206207275408,23.995090484619197],[87.29048919677734,23.94745254516613],[87.29258728027344,23.890140533447322],[87.24487304687517,23.868400573730412],[87.19944763183588,23.847499847412223],[87.1475067138673,23.862682342529354],[87.15592956542997,23.80372047424322],[87.10592651367199,23.79952049255371],[87.05694580078153,23.816259384155387],[87.01345825195341,23.84694290161127],[86.96691131591825,23.865299224853516],[86.90688323974626,23.879510879516545],[86.88478851318376,23.83436965942377],[86.83500671386736,23.819259643554688],[86.81977081298834,23.761070251464844],[86.79351043701183,23.706012725830078],[86.73812866210943,23.67761039733898],[86.68334960937517,23.689741134643782],[86.63334655761713,23.67574119567871],[86.58310699462896,23.658840179443473],[86.53743743896501,23.634620666503906],[86.48129272460966,23.635038375854606],[86.43456268310575,23.60845184326172],[86.3869705200197,23.58535957336437],[86.35797119140642,23.543060302734375],[86.35859680175787,23.489589691162166],[86.33135986328136,23.447240829467773],[86.28237152099638,23.427459716796875],[86.2311096191408,23.429519653320256],[86.19180297851562,23.464420318603572],[86.14267730712896,23.477331161499137],[86.14292907714872,23.527341842651367],[86.11943817138678,23.573911666870117],[86.06530761718778,23.580730438232422],[86.01760864257841,23.563610076904354],[86.03276824951189,23.504840850830078],[85.99037933349604,23.476379394531307],[85.9439086914063,23.454620361328352],[85.89125061035173,23.475980758667106],[85.86089324951189,23.428180694580135],[85.8824768066408,23.38109970092779],[85.87159729003923,23.330158233642805],[85.84173583984386,23.284320831298828],[85.831840515137,23.21783065795904],[85.87721252441418,23.172960281372127],[85.91160583496088,23.13358116149908],[85.97048187255871,23.140029907226562],[86.02478790283209,23.143199920654297],[86.05928802490251,23.105560302734432],[86.11418151855469,23.09196090698248],[86.14833068847673,23.05266952514654],[86.17838287353527,23.011720657348633],[86.22706604003935,22.992870330810547],[86.27552032470697,23.008600234985465],[86.3258590698245,22.992420196533317],[86.38044738769531,22.990749359130803],[86.43170166015653,22.990329742431754],[86.4973526000976,22.989908218383903],[86.51835632324236,22.944330215454215],[86.46206665039057,22.944231033325252],[86.45101928710938,22.882970809936637],[86.43300628662115,22.83533287048334],[86.41263580322294,22.78643035888672],[86.46604156494169,22.74645042419428],[86.50659179687506,22.70152091979986],[86.57401275634794,22.694639205932617],[86.62236785888678,22.6663112640382],[86.63239288330072,22.609979629516545],[86.67279815673857,22.57238006591797],[86.72767639160162,22.574638366699332],[86.7712631225586,22.548311233520565],[86.79860687255865,22.498821258545036],[86.74826812744146,22.478660583496207],[86.762260437012,22.425231933593807],[86.81841278076189,22.412300109863395],[86.83634185791033,22.360870361328125],[86.86295318603544,22.303819656372184],[86.88667297363298,22.259000778198242],[86.83605194091825,22.26078987121582],[86.80011749267584,22.21363067626953],[86.747802734375,22.20798110961914],[86.69178771972662,22.217399597167912],[86.64729309082048,22.249692916870345],[86.60263061523432,22.278432846069336],[86.55206298828153,22.295289993286133],[86.5079879760745,22.32402038574213],[86.4495468139649,22.323062896728572],[86.390609741211,22.325281143188477],[86.34736633300787,22.35900115966797],[86.30979919433605,22.397260665893555],[86.27982330322271,22.44552040100109],[86.22849273681646,22.449581146240348],[86.17370605468767,22.476430892944336],[86.11992645263689,22.485559463501033],[86.07834625244158,22.530410766601506],[86.03849029541033,22.563589096069336],[86.0086822509765,22.518550872802734],[85.9656066894533,22.49016189575218],[85.9821319580081,22.428989410400504],[86.0180206298831,22.393241882324332],[85.99288177490251,22.33815956115734],[86.0323028564456,22.30523109436035],[85.99304199218744,22.273281097412166],[85.98513031005865,22.22384262084961],[86.02556610107428,22.189210891723746],[85.99923706054693,22.14492988586437],[85.98919677734403,22.09345054626465],[85.95797729492205,22.042510986328068],[85.9195404052735,22.009790420532227],[85.88175201416021,21.974830627441406],[85.82859802246122,21.972940444946232],[85.77140045166044,21.983711242675895],[85.77893829345709,22.036260604858626],[85.83075714111345,22.07697105407709],[85.78425598144531,22.09898757934576],[85.7338180541995,22.06452941894537],[85.6815032958985,22.04878044128418],[85.64805603027361,22.086811065673942],[85.59664916992199,22.07472038269043],[85.53954315185547,22.08658981323248],[85.4858016967774,22.116489410400447],[85.43578338623047,22.1441707611084],[85.38536834716791,22.152341842651367],[85.33850097656267,22.12471961975109],[85.28742218017584,22.093179702758846],[85.25609588623064,22.042459487915266],[85.22212982177751,22.003448486328125],[85.19232177734403,22.05115127563488],[85.14083862304682,22.073551177978516],[85.09543609619169,22.099451065063477],[85.04389953613293,22.11070060729992],[85.00231933593761,22.079942703247013],[85.03115081787138,22.137359619140625],[85.04692077636724,22.185792922973576],[85.06948089599638,22.230649948120174],[85.0985717773438,22.287919998169002],[85.09295654296903,22.341091156005803],[85.08068084716803,22.395460128784293],[85.05703735351568,22.444709777832145],[85.0004959106447,22.458360671997013],[84.95243835449236,22.43944931030279],[84.89379882812528,22.418010711669922],[84.84136962890653,22.434869766235465],[84.79128265380876,22.44281959533714],[84.74385070800787,22.414751052856502],[84.69149017333984,22.412511825561523],[84.63210296630871,22.428649902343977],[84.57215881347662,22.4230117797851],[84.52101135253923,22.414890289306754],[84.47572326660185,22.390188217163086],[84.42694091796875,22.364650726318416],[84.3775863647461,22.345909118652457],[84.32396697998064,22.33892059326172],[84.27324676513689,22.345092773437557],[84.22612762451189,22.374120712280387],[84.17516326904297,22.388940811157227],[84.13587951660156,22.420682907104435],[84.13492584228516,22.470949172973576],[84.07920837402338,22.488851547241268],[84.03306579589844,22.51206970214855],[84.00417327880865,22.554861068725643],[84.0419311523438,22.592180252075252],[84.08039093017595,22.63655090332054],[84.13210296630876,22.635780334472713],[84.18035125732439,22.649839401245174],[84.22775268554716,22.676990509033146],[84.22471618652372,22.72735023498535],[84.26010131835943,22.764940261840877],[84.30181884765625,22.79507064819336],[84.3183975219726,22.84375190734869],[84.369888305664,22.86450004577648],[84.38629913330072,22.916839599609318],[84.3763809204101,22.9663028717041],[84.3251571655274,22.979330062866325],[84.27192687988287,22.970939636230526],[84.21705627441418,22.976472854614315],[84.189926147461,23.023719787597713],[84.17135620117188,22.977079391479492],[84.13169860839861,23.018262863159123],[84.13092041015625,23.0774898529055],[84.08786773681646,23.10948944091797],[84.03997802734392,23.132110595703182],[84.04399108886719,23.18460083007824],[84.054008483887,23.234180450439453],[84.06005859375006,23.286289215088118],[84.06051635742182,23.343179702758732],[84.020736694336,23.375459671020508],[83.97025299072277,23.369398117065373],[83.9781570434572,23.420930862426815],[83.98462677001953,23.475591659546012],[84.01274871826178,23.52081108093273],[84.02291107177763,23.574590682983512],[84.00186920166021,23.620439529419002],[83.9486160278322,23.624319076538313],[83.93525695800798,23.563039779663086],[83.88292694091825,23.57277107238781],[83.82122039794928,23.58485031127941],[83.76776885986345,23.60908126831066],[83.74404144287121,23.65913963317871],[83.73471832275419,23.71355056762701],[83.71235656738287,23.77233123779297],[83.69538879394537,23.82066917419428],[83.64955139160156,23.848060607910156],[83.59044647216803,23.856491088867415],[83.54936981201172,23.89283943176281],[83.53373718261736,23.941740036010856],[83.50654602050787,23.99134063720726],[83.47895050048857,24.038549423217773],[83.43132019042986,24.05793190002447],[83.39240264892595,24.094951629638672],[83.3275985717774,24.09964942932129],[83.35607147216803,24.147739410400334],[83.37834167480474,24.200790405273494],[83.39338684082048,24.252660751342887],[83.38027191162115,24.30479049682623],[83.42352294921892,24.338701248169002],[83.43995666503912,24.386980056762923],[83.40067291259771,24.43713951110834],[83.39360809326178,24.488910675048942],[83.45308685302751,24.51711082458496],[83.50950622558594,24.527540206909123],[83.57121276855474,24.517009735107365],[83.6448364257813,24.516180038452205],[83.69567871093767,24.510610580444336],[83.74865722656278,24.510530471801758],[83.79901123046903,24.529880523681868],[83.85768890380865,24.537559509277344],[83.9179306030274,24.545789718627987],[83.95758056640642,24.576328277587834],[83.99221038818388,24.63803291320812],[84.04673767089855,24.612289428710938],[84.07467651367205,24.564750671386832],[84.08658599853521,24.514631271362305],[84.13654327392584,24.502540588378963],[84.18641662597656,24.522499084472656],[84.23500823974638,24.553180694580135],[84.29297637939464,24.56599044799816],[84.31910705566418,24.522310256958008],[84.28526306152361,24.465919494628963],[84.3303985595706,24.431190490722713],[84.36136627197283,24.386632919311523],[84.42253875732416,24.359149932861385],[84.46196746826183,24.3175506591798],[84.51419067382818,24.323608398437727],[84.5215225219726,24.37626075744629],[84.56539154052729,24.407470703125],[84.61929321289068,24.40205955505371],[84.66838836669916,24.42629051208496],[84.70652770996122,24.472358703613338],[84.76297760009794,24.50176811218273],[84.81949615478533,24.52482032775879],[84.82718658447271,24.47011947631836],[84.88017272949219,24.462800979614258],[84.89190673828153,24.398530960083008],[84.9479370117188,24.37177085876465],[84.99040222167986,24.412229537963924],[85.03954315185575,24.42412757873535],[85.08068084716803,24.380750656127987],[85.1269302368164,24.41151046752941],[85.15872955322294,24.451250076294173],[85.21578216552763,24.47254943847662],[85.26956176757841,24.498371124267578],[85.3125305175783,24.52658081054699],[85.37026977539091,24.52958106994629],[85.42753601074219,24.537290573120117],[85.48094940185564,24.548120498657283],[85.5341873168947,24.53219032287609],[85.56575775146513,24.5716609954834],[85.61544799804705,24.58292961120611],[85.67031097412138,24.588092803955192],[85.66432952880865,24.641040802001953],[85.67965698242216,24.693767547607536],[85.70533752441412,24.740051269531364],[85.72296905517572,24.79890823364252],[85.77723693847662,24.798950195312614],[85.82721710205084,24.809642791748047],[85.87777709960943,24.80029106140131],[85.91050720214861,24.75366973876953],[85.96064758300798,24.731700897216854],[86.00611114501959,24.765680313110295],[86.05503845214838,24.746349334716854],[86.10553741455107,24.73596954345726],[86.12909698486345,24.690031051635856],[86.12185668945312,24.630050659179688],[86.156967163086,24.589239120483455],[86.21570587158209,24.591171264648438],[86.26413726806658,24.57583808898937],[86.32286071777361,24.584091186523438],[86.30133819580078,24.53197860717796],[86.29387664794939,24.47643089294428],[86.33273315429716,24.44019126892084],[86.3812332153322,24.412349700927734],[86.42514801025396,24.378118515014705],[86.46568298339838,24.413789749145508],[86.48974609375017,24.46760177612299],[86.50572204589872,24.5177001953125],[86.55133819580078,24.54342079162609],[86.58389282226574,24.585319519043026],[86.63420104980474,24.576679229736442],[86.68663787841803,24.570440292358512],[86.73950958251959,24.58649253845215],[86.77712249755888,24.619760513305607],[86.80761718750011,24.57685089111328],[86.85463714599626,24.5504608154298],[86.90583038330084,24.54097175598156],[86.90123748779303,24.591569900512695],[86.9360580444336,24.630371093750114],[86.98549652099626,24.621629714965934],[87.03497314453136,24.61010932922369],[87.05475616455084,24.6606903076173],[87.07264709472673,24.710910797119197],[87.0848693847658,24.761499404907227],[87.07713317871105,24.81182098388672],[87.10949707031256,24.85078811645502],[87.15453338623053,24.876470565795955],[87.15461730957026,24.92651748657221],[87.15299224853521,24.98312950134283],[87.16497039794939,25.042819976806754],[87.19986724853533,25.079441070556754],[87.24923706054688,25.1053791046142],[87.29791259765642,25.134660720825423],[87.31601715087908,25.186300277710075],[87.36846160888689,25.20689964294445],[87.45511627197271,25.197500228882063],[87.48755645751959,25.26199913024908],[87.535629272461,25.280109405517692],[87.5474472045899,25.330940246582145],[87.59989166259771,25.314662933349553]]]}},{"type":"Feature","properties":{"name":"Karnataka"},"geometry":{"type":"MultiPolygon","coordinates":[[[[74.6709747314456,13.199861526489371]]],[[[74.72846984863298,13.282921791076888]]],[[[74.70041656494158,13.284310340881632]]],[[[74.72374725341803,13.289590835571289]]],[[[74.69069671630876,13.334030151367415]]],[[[74.6890258789063,13.340971946716252]]],[[[74.68264007568388,13.348472595214844]]],[[[74.67152404785162,13.383193016052473]]],[[[74.48291778564482,14.011249542236385]]],[[[74.32624816894537,14.020694732666186]]],[[[74.40319824218778,14.315401077270565]]],[[[74.3651428222658,14.55263996124279]]],[[[74.25375366210955,14.705973625183276]]],[[[74.24069213867216,14.711250305175952]]],[[[74.15541839599638,14.741810798645304]]],[[[74.11125183105486,14.761541366577092]]],[[[74.08791351318388,14.79597187042242]]],[[[74.0565261840822,14.817084312439135]]],[[[74.0640258789063,14.82124996185297]]],[[[74.05930328369169,14.821528434753532]]],[[[74.09402465820341,14.838471412658635]]],[[[74.09847259521501,14.845972061157227]]],[[[74.09708404541044,14.87847232818632]]],[[[77.33731079101557,18.43544006347662],[77.39263916015625,18.397029876709098],[77.39594268798834,18.344640731811637],[77.3588104248048,18.310649871826286],[77.40780639648443,18.299560546875],[77.45079040527338,18.265960693359318],[77.51020812988287,18.27844047546398],[77.5609817504884,18.283109664916992],[77.5767669677735,18.233100891113395],[77.57247161865263,18.17894935607916],[77.59350585937517,18.127861022949162],[77.57744598388666,18.07686996459961],[77.58496856689459,18.024789810180664],[77.62879943847673,17.992519378662223],[77.6167984008789,17.938100814819336],[77.58307647705084,17.898380279541016],[77.56604003906267,17.849559783935604],[77.52607727050793,17.81168937683111],[77.55445098876959,17.761259078979492],[77.50946807861334,17.719961166381893],[77.4578628540039,17.69896125793457],[77.4450073242188,17.64842033386236],[77.44207000732439,17.59581184387207],[77.48999786376959,17.566270828247127],[77.54395294189459,17.554599761962834],[77.5917282104495,17.532680511474553],[77.645317077637,17.518791198730582],[77.68467712402361,17.485229492187614],[77.63403320312511,17.472230911254883],[77.57319641113293,17.454200744628906],[77.5233764648438,17.436689376831282],[77.52133178710966,17.386331558227482],[77.48261260986357,17.3544597625733],[77.4496383666995,17.314899444580078],[77.4373626708985,17.26136970520031],[77.39585113525419,17.232851028442383],[77.36753082275396,17.183200836181754],[77.39890289306669,17.1319198608399],[77.44841766357428,17.111499786377067],[77.47805786132841,17.06098937988304],[77.49819946289068,17.015199661254883],[77.47918701171903,16.968032836914062],[77.46774291992216,16.91711044311529],[77.46031188964872,16.854530334472656],[77.46272277832037,16.804519653320426],[77.4353408813476,16.749549865722713],[77.46877288818376,16.708709716797102],[77.43715667724615,16.66658020019537],[77.45556640624994,16.62001037597679],[77.4209594726563,16.56517028808588],[77.41197967529303,16.513811111450252],[77.367172241211,16.486930847168082],[77.31362152099638,16.487550735473746],[77.25151062011736,16.4679012298584],[77.2747573852539,16.417739868164006],[77.33273315429682,16.38829994201666],[77.38813781738287,16.371799468994197],[77.43811035156256,16.374429702758903],[77.49449157714844,16.37578964233404],[77.54432678222662,16.34975814819336],[77.58663940429705,16.320449829101506],[77.54321289062506,16.287059783935604],[77.50020599365234,16.260681152343807],[77.49369812011747,16.20617103576683],[77.48680877685575,16.153078079223633],[77.50939941406267,16.10353088378912],[77.49952697753912,16.05426025390625],[77.51010894775385,16.002250671386776],[77.51457977294928,15.943429946899357],[77.46697998046903,15.927580833435059],[77.41644287109403,15.937960624694824],[77.3598709106447,15.941550254822005],[77.30021667480474,15.95049953460699],[77.24891662597662,15.957740783691406],[77.18782806396501,15.950710296630803],[77.13677215576178,15.936219215393066],[77.09005737304699,15.917869567871094],[77.0524520874024,15.876282691955566],[77.02227020263689,15.831780433654899],[77.06151580810547,15.797921180725098],[77.04322814941423,15.734481811523551],[77.0816497802735,15.695330619812012],[77.11905670166027,15.66208934783947],[77.06887054443365,15.640909194946232],[77.02839660644537,15.606849670410213],[77.028861999512,15.52512168884283],[76.98165130615234,15.504770278930664],[77.00203704834001,15.45538139343273],[77.02686309814459,15.407752037048454],[77.03803253173857,15.358781814575309],[77.06909179687528,15.31947135925293],[77.1154174804688,15.289850234985408],[77.15766906738298,15.260379791259822],[77.12090301513678,15.22124099731451],[77.16153717041021,15.182210922241438],[77.13536071777361,15.136010169982853],[77.12552642822271,15.068209648132324],[77.0907821655274,15.027722358703727],[77.04100799560553,15.005481719970703],[76.98351287841797,15.020421981811523],[76.9316711425783,15.026310920715332],[76.87670135498047,15.028678894042969],[76.84320831298834,15.06615924835205],[76.79693603515653,15.09076023101818],[76.77501678466791,15.043959617614803],[76.76622009277372,14.990811347961426],[76.81545257568354,14.96380996704113],[76.86547851562517,14.937600135803336],[76.84613800048857,14.890331268310774],[76.84938812255888,14.838699340820312],[76.83377075195307,14.784909248352108],[76.7803497314456,14.779261589050293],[76.78553771972673,14.70709133148199],[76.7695083618164,14.65631103515625],[76.76017761230486,14.602010726928768],[76.78617095947271,14.553059577941895],[76.82758331298834,14.523058891296387],[76.86380767822271,14.474671363830623],[76.9454116821289,14.482151031494197],[76.944320678711,14.425231933593977],[76.90116119384766,14.398320198059196],[76.87861633300798,14.351392745971737],[76.9168090820313,14.31225967407238],[76.93363189697271,14.253500938415527],[76.98248291015636,14.238151550293082],[77.03304290771513,14.240489959716854],[77.07534027099615,14.209349632263297],[77.11157989501959,14.248461723327694],[77.12577056884794,14.301531791687069],[77.17188262939464,14.330230712890682],[77.22292327880876,14.314981460571289],[77.27330780029303,14.331750869750977],[77.27958679199224,14.276089668273869],[77.34336853027372,14.270520210266227],[77.36431121826178,14.223310470581055],[77.41487884521496,14.2032213211059],[77.4010162353515,14.260410308838004],[77.3738632202149,14.305109977722225],[77.42587280273438,14.320811271667594],[77.4546966552735,14.272190093994197],[77.4962768554688,14.240409851074446],[77.50414276123058,14.180660247802848],[77.45392608642584,14.162981033325195],[77.39745330810547,14.166500091552962],[77.36501312255876,14.127109527587834],[77.37238311767607,14.07185173034668],[77.33126068115251,14.039841651916618],[77.37507629394526,14.01210021972679],[77.42050170898455,13.976870536804256],[77.40843963623075,13.92161083221447],[77.35884857177763,13.895561218261946],[77.36200714111334,13.945468902588004],[77.33347320556669,13.988051414489803],[77.28518676757824,14.011529922485352],[77.2272720336914,14.007951736450423],[77.17138671875,14.008599281311035],[77.12468719482439,14.03474140167242],[77.06952667236328,14.039441108703613],[77.02024078369146,14.061441421508732],[77.01703643798857,14.11195087432867],[77.02105712890653,14.16432952880865],[76.9656829833985,14.174320220947493],[76.91718292236328,14.157670974731673],[76.94291687011736,14.111901283264217],[76.97225189208984,14.068401336669922],[76.93109893798845,14.022731781005973],[76.9751815795899,13.996589660644531],[76.99942016601568,13.950440406799316],[77.04128265380854,13.89739990234375],[77.00711822509794,13.854171752929915],[76.97155761718756,13.818861007690487],[76.98634338378935,13.76652145385765],[77.04734802246122,13.756079673767147],[77.11094665527361,13.754620552062931],[77.1665802001956,13.754669189453239],[77.15632629394548,13.80375957489025],[77.12526702880876,13.843010902404899],[77.16171264648443,13.882431030273551],[77.20812225341808,13.860401153564567],[77.25595092773443,13.839450836181754],[77.3069305419923,13.857239723205794],[77.35946655273455,13.845670700073242],[77.41873931884794,13.833530426025504],[77.4574508666995,13.797050476074219],[77.46261596679682,13.743578910827637],[77.44481658935553,13.695760726928711],[77.5027694702149,13.704409599304142],[77.53951263427751,13.743720054626522],[77.59559631347673,13.743578910827637],[77.64908599853521,13.77583980560297],[77.7021865844726,13.73099136352539],[77.71512603759794,13.783271789550895],[77.76921081542974,13.808541297912598],[77.80784606933588,13.846671104431152],[77.80737304687506,13.903229713439998],[77.85407257080078,13.927079200744686],[77.9004516601563,13.902340888977108],[77.94602203369146,13.928430557251033],[77.94184112548834,13.871050834655819],[77.94458007812528,13.81997108459467],[77.98226928710943,13.856801986694393],[78.03782653808605,13.852849960327262],[78.08837890625028,13.854919433593807],[78.10765838623075,13.80360031127941],[78.10119628906244,13.752989768981934],[78.10721588134771,13.698351860046387],[78.06092071533232,13.671770095825138],[78.10736083984392,13.64709186553955],[78.1589965820312,13.645171165466422],[78.19536590576183,13.601550102234],[78.24967956542974,13.574300765991268],[78.31247711181652,13.583501815796012],[78.36709594726562,13.58030033111595],[78.38546752929693,13.531669616699332],[78.36744689941435,13.48197078704834],[78.36702728271496,13.431270599365348],[78.3687133789063,13.379811286926383],[78.39253234863287,13.335540771484432],[78.43598175048845,13.29835033416748],[78.49521636962919,13.27921199798584],[78.54717254638689,13.27267074584961],[78.5571975708009,13.212020874023551],[78.56907653808588,13.156482696533203],[78.52143096923845,13.129051208496207],[78.50192260742216,13.081661224365348],[78.46704864501953,13.041371345520247],[78.45542144775408,12.990090370178223],[78.42057800292974,12.947649955749569],[78.44905090332043,12.89665889740013],[78.38839721679699,12.905520439148177],[78.34076690673822,12.924920082092342],[78.31240844726562,12.883300781250057],[78.275688171387,12.849160194396973],[78.24186706542974,12.812331199646053],[78.22949981689459,12.762009620666504],[78.17871856689459,12.759920120239258],[78.12711334228544,12.770159721374625],[78.086479187012,12.803339958191032],[78.0506057739259,12.838582038879395],[78.00382232666021,12.817949295044173],[77.95522308349615,12.838709831237793],[77.91774749755876,12.878371238708553],[77.86689758300787,12.85861968994135],[77.8170471191408,12.848981857299918],[77.7913665771485,12.796319961547852],[77.7782974243164,12.747870445251522],[77.7559814453125,12.697050094604492],[77.7183990478515,12.661980628967399],[77.66780853271513,12.650639533996525],[77.60943603515636,12.663351058960018],[77.5853958129884,12.611930847168026],[77.5711975097658,12.563541412353572],[77.57982635498053,12.511481285095215],[77.6252059936524,12.477261543273869],[77.616943359375,12.424640655517578],[77.60987854003906,12.373649597167969],[77.57530975341825,12.326251029968319],[77.54270935058622,12.283711433410645],[77.49318695068376,12.272790908813477],[77.47366333007841,12.22494125366211],[77.51130676269548,12.183971405029354],[77.56533813476568,12.190450668334961],[77.61582183837908,12.189781188964844],[77.66813659667974,12.183719635009766],[77.71951293945341,12.171520233154297],[77.74421691894537,12.126691818237418],[77.7461013793947,12.069320678711051],[77.70722961425787,12.033281326294002],[77.67719268798822,11.984271049499739],[77.65482330322277,11.937358856201229],[77.60372161865263,11.930269241333235],[77.54799652099615,11.93074989318842],[77.4904327392581,11.929739952087402],[77.47690582275419,11.876011848449764],[77.45159149169939,11.82341194152832],[77.4302825927735,11.77667140960699],[77.36223602294933,11.775800704956055],[77.30623626708984,11.778701782226562],[77.24848175048845,11.800860404968375],[77.18966674804716,11.782819747924748],[77.13723754882812,11.771971702575627],[77.10540008544939,11.73158073425293],[77.05010986328142,11.757749557495345],[77.01857757568388,11.797320365905762],[76.96539306640625,11.77647972106945],[76.91348266601591,11.780369758605957],[76.88172912597662,11.7300901412965],[76.849105834961,11.687219619750977],[76.82775115966803,11.63842964172369],[76.84733581542986,11.588640213012752],[76.790756225586,11.599700927734432],[76.7410430908206,11.6058092117309],[76.67904663085966,11.604141235351676],[76.62565612792997,11.603818893432674],[76.57482910156256,11.605719566345215],[76.54521942138689,11.648250579834041],[76.51307678222662,11.694191932678336],[76.46660614013666,11.672321319580192],[76.41020965576172,11.664569854736328],[76.41889190673857,11.717081069946403],[76.37233734130888,11.736201286316032],[76.31758117675793,11.740371704101562],[76.28365325927763,11.784869194030762],[76.23210906982428,11.796469688415584],[76.20510864257807,11.838659286499137],[76.14942169189453,11.861010551452637],[76.1086502075197,11.928090095520133],[76.06674957275396,11.958271026611328],[76.01843261718767,11.935021400451888],[75.96791839599615,11.926971435546932],[75.9154357910158,11.934029579162598],[75.86589813232428,11.94563007354742],[75.82697296142584,11.977971076965332],[75.79995727539091,12.030290603637809],[75.76788330078136,12.077520370483342],[75.71705627441423,12.062089920044002],[75.68419647216825,12.102240562439192],[75.64250946044928,12.130771636962947],[75.59317779541027,12.142959594726676],[75.5552520751956,12.176330566406364],[75.5253295898437,12.2196302413941],[75.50200653076183,12.264041900634766],[75.45836639404325,12.288552284240723],[75.41633605957037,12.321471214294547],[75.41146087646479,12.374570846557674],[75.36560058593756,12.407040596008414],[75.40349578857439,12.447568893432617],[75.41448974609403,12.496711730957259],[75.37206268310553,12.468781471252385],[75.32064056396513,12.491250991821346],[75.2796173095706,12.52338027954113],[75.29139709472662,12.57488155365013],[75.24003601074236,12.573969841003418],[75.19870758056646,12.606160163879508],[75.14766693115229,12.628650665283317],[75.12078857421875,12.67356967926031],[75.07026672363298,12.65802001953125],[75.05285644531278,12.709821701049805],[75.00023651123041,12.727400779724121],[75.00527954101568,12.785491943359432],[74.95420074462896,12.779280662536621],[74.90509796142595,12.759930610656681],[74.85764312744146,12.776251792907715],[74.83653259277355,12.822921752929801],[74.81846618652338,12.87014102935791],[74.80735778808622,12.919031143188533],[74.79819488525402,12.968471527099666],[74.78708648681646,13.017640113830623],[74.77680206298834,13.06764030456543],[74.76513671875006,13.11681175231945],[74.75374603271496,13.166259765625114],[74.7395858764649,13.214860916137752],[74.72819519042997,13.264584541320914],[74.71624755859392,13.313760757446232],[74.69875335693365,13.360971450805891],[74.69652557373058,13.41208267211914],[74.69040679931646,13.462860107421818],[74.68541717529303,13.513472557068098],[74.67903137207026,13.563195228576774],[74.6709671020509,13.612640380859375],[74.65652465820307,13.66069412231451],[74.64153289794928,13.709309577941951],[74.6326370239259,13.759380340576172],[74.62180328369169,13.808195114135856],[74.60986328125,13.856810569763411],[74.59179687500006,13.904311180114973],[74.56791687011724,13.94847106933588],[74.52513885498064,13.97458267211914],[74.50319671630876,14.01986026763933],[74.49430847167974,14.07042121887224],[74.48402404785162,14.11985969543457],[74.4740295410158,14.16930961608881],[74.44902801513689,14.212919235229549],[74.43235778808605,14.260141372680948],[74.41680908203142,14.307920455932901],[74.40513610839838,14.356809616089038],[74.39624786376959,14.406261444091854],[74.37847137451189,14.45319461822504],[74.36042022705084,14.499861717224064],[74.3851394653322,14.543471336364803],[74.34097290039068,14.56736087799078],[74.34375000000017,14.517361640930119],[74.30986022949224,14.554583549499512],[74.29319763183611,14.60181045532238],[74.2793045043947,14.649861335754451],[74.27069091796892,14.699583053588867],[74.244857788086,14.742639541626204],[74.19902801513678,14.722639083862475],[74.16513824462902,14.760140419006348],[74.12041473388689,14.782917022705078],[74.12458038330078,14.837361335754451],[74.09929656982428,14.881251335143986],[74.13622283935564,14.919660568237248],[74.18036651611334,14.953049659729288],[74.24167633056635,14.946450233459643],[74.26644134521513,14.992951393127555],[74.30233764648432,15.039859771728572],[74.28379058837919,15.094010353088493],[74.29258728027372,15.147679328918514],[74.31577301025396,15.196311950683594],[74.27867126464872,15.237190246582259],[74.30230712890653,15.285861015319824],[74.32840728759777,15.343400001525879],[74.28996276855486,15.381219863891658],[74.28267669677763,15.4332914352417],[74.25633239746122,15.489520072937012],[74.28559875488298,15.534171104431266],[74.25741577148443,15.57549953460699],[74.25451660156267,15.629611968994197],[74.20986175537126,15.654130935668945],[74.15497589111334,15.64977073669445],[74.10453033447294,15.659201622009277],[74.14042663574236,15.694560050964355],[74.16226959228521,15.742071151733512],[74.21132659912138,15.758589744567871],[74.2660675048831,15.74702072143549],[74.31864929199224,15.753410339355412],[74.36485290527372,15.773651123046875],[74.37336730957037,15.82583236694336],[74.37061309814447,15.88000202178955],[74.41226959228521,15.925200462341422],[74.44229125976591,15.965478897094783],[74.46391296386736,16.022560119628906],[74.42291259765642,16.053190231323185],[74.37075042724621,16.0510196685791],[74.40406036376953,16.090978622436523],[74.4549102783206,16.102670669555778],[74.49095153808622,16.142000198364258],[74.51287841796903,16.18826293945324],[74.49507141113287,16.235969543456974],[74.44277954101562,16.249559402465763],[74.3912658691408,16.27560043334961],[74.3404159545899,16.267570495605582],[74.33727264404314,16.32339286804205],[74.32546234130876,16.379249572753906],[74.34052276611345,16.43297958374029],[74.29631805419928,16.459011077880973],[74.25315856933611,16.494880676269588],[74.27636718750028,16.54453277587902],[74.31157684326178,16.506927490234432],[74.3321533203125,16.553699493408203],[74.38543701171886,16.527402877807617],[74.4021606445313,16.574729919433594],[74.4469833374024,16.600339889526424],[74.4647979736331,16.652950286865348],[74.51029205322283,16.631450653076115],[74.5498504638673,16.592180252075195],[74.58152008056652,16.55183982849121],[74.62393951416033,16.581920623779297],[74.67529296875006,16.60598945617687],[74.67173767089855,16.663530349731502],[74.69593811035162,16.710540771484375],[74.74820709228521,16.72212028503418],[74.79110717773443,16.748149871826286],[74.85034179687517,16.760320663452205],[74.9070129394533,16.769790649414176],[74.91306304931635,16.830749511718807],[74.93966674804693,16.87652015686035],[74.9270324707033,16.925622940063704],[74.98142242431646,16.930610656738224],[75.03029632568365,16.941530227661076],[75.0829467773438,16.946598052978516],[75.1187591552735,16.90997123718256],[75.1505279541015,16.86940956115734],[75.21585845947271,16.840339660644588],[75.26830291748053,16.86086082458519],[75.28557586669916,16.909431457519645],[75.33796691894543,16.95354080200201],[75.394760131836,16.97639274597168],[75.45353698730474,16.98265075683605],[75.49301147460943,16.945180892944393],[75.54281616210949,16.963140487671012],[75.56991577148466,17.00617027282715],[75.6106567382813,16.96961975097662],[75.66374969482433,16.95788192749029],[75.67310333251982,17.026170730590934],[75.6801376342774,17.07826805114746],[75.65273284912104,17.132730484008846],[75.62851715087885,17.180749893188477],[75.66281890869169,17.22793960571289],[75.63231658935575,17.272220611572322],[75.61374664306646,17.31944084167492],[75.57853698730463,17.382930755615348],[75.61543273925787,17.422029495239258],[75.6328887939456,17.469640731811523],[75.6808166503908,17.453971862793082],[75.70806121826172,17.4083194732666],[75.75875854492216,17.40841102600109],[75.80233764648438,17.370101928710938],[75.82199096679693,17.419679641723746],[75.86196899414057,17.385850906372127],[75.89808654785156,17.35075950622553],[75.94174957275408,17.324859619140568],[76.0002670288086,17.337749481201115],[76.0545272827149,17.354299545288313],[76.11667633056646,17.36622047424339],[76.1631469726562,17.340909957885742],[76.22899627685564,17.363229751587028],[76.27587890625,17.330530166626033],[76.33473968505865,17.34984970092779],[76.38170623779325,17.311809539794865],[76.41050720214872,17.354139328003043],[76.3619995117188,17.375080108642692],[76.3731765747072,17.434419631958008],[76.3308410644533,17.461620330810604],[76.37503814697294,17.493520736694393],[76.34583282470732,17.54021072387718],[76.33167266845709,17.594869613647575],[76.38207244873075,17.600780487060547],[76.42579650878906,17.62832069396984],[76.4892959594726,17.660669326782227],[76.48636627197271,17.713520050048828],[76.52369689941406,17.75889015197754],[76.56942749023438,17.703741073608455],[76.60405731201178,17.755830764770508],[76.6508331298831,17.7208309173584],[76.6882629394533,17.678510665893555],[76.70347595214872,17.7291202545166],[76.71570587158197,17.781919479370345],[76.76632690429693,17.79664993286127],[76.76573944091797,17.850799560546932],[76.7406768798831,17.898010253906364],[76.7974472045899,17.869340896606445],[76.84691619873075,17.896400451660213],[76.89659881591803,17.908020019531307],[76.91726684570341,17.960479736328182],[76.91767120361357,18.01234054565441],[76.95060729980474,18.05826950073248],[76.95339202880876,18.110111236572322],[76.9333572387697,18.15790939331049],[76.97985076904325,18.187400817871094],[77.02398681640642,18.162679672241325],[77.08618164062506,18.150270462036133],[77.10659027099615,18.201810836791935],[77.14776611328142,18.23764991760254],[77.17784118652372,18.281850814819393],[77.21691131591825,18.324890136718693],[77.24503326416033,18.37058830261242],[77.26455688476568,18.418380737304688],[77.3132705688476,18.439380645752067],[77.33731079101557,18.43544006347662]]]]}},{"type":"Feature","properties":{"name":"Kerala"},"geometry":{"type":"MultiPolygon","coordinates":[[[[76.46736145019526,9.540970802307243]]],[[[76.404296875,9.54152965545677]]],[[[76.43458557128923,9.551527976989973]]],[[[76.43680572509794,9.551527976989973]]],[[[76.41430664062528,9.56319522857666]]],[[[76.38541412353516,9.620693206787337]]],[[[76.38124847412115,9.714582443237532]]],[[[76.37152862548834,9.758472442627067]]],[[[76.32402801513678,9.825695037841797]]],[[[76.37236022949247,9.825695037841797]]],[[[76.3684692382813,9.826811790466593]]],[[[76.378471374512,9.839584350586165]]],[[[76.37763977050787,9.84152984619169]]],[[[76.28930664062506,9.847361564636174]]],[[[76.34958648681646,9.874582290649528]]],[[[76.30847167968778,9.921529769897688]]],[[[76.26069641113287,9.970696449279899],[76.29208374023432,9.93152904510498],[76.25791931152372,9.968193054199332],[76.26069641113287,9.970696449279899]]],[[[76.27236175537115,9.97291469574003]]],[[[76.24430847167974,9.980972290039176]]],[[[76.26819610595732,10.002920150756836]]],[[[76.2418060302735,10.014310836792106]]],[[[76.252914428711,10.017083168029728]]],[[[76.26180267334001,10.029862403869572]]],[[[76.26597595214861,10.030694007873763]]],[[[76.23986053466814,10.102370262146223]]],[[[76.05208587646513,10.535420417785815]]],[[[76.05097198486357,10.539030075073356]]],[[[75.83819580078125,11.134310722351074]]],[[[75.81124877929688,11.16180610656761]]],[[[75.3662490844726,11.942084312439079]]],[[[75.36791992187528,11.943471908569336]]],[[[75.30069732666033,11.963472366333065]]],[[[75.29652404785162,11.968471527099837]]],[[[75.28541564941423,11.98708343505865]]],[[[75.29792022705107,12.01736164093046]]],[[[75.2976379394533,12.023750305175895]]],[[[75.15763854980486,12.109311103820914],[75.17736053466803,12.063191413879338],[75.15737152099638,12.109030723571948],[75.15763854980486,12.109311103820914]]],[[[75.16346740722685,12.115419387817383]]],[[[75.19403076171875,12.116250991821346]]],[[[75.1540298461914,12.142641067504826]]],[[[75.13541412353544,12.185972213745174]]],[[[75.13181304931669,12.19153118133545]]],[[[75.13014221191423,12.198195457458553]]],[[[75.12652587890642,12.205142021179427],[75.14180755615251,12.15596961975109],[75.12403106689453,12.202919960022143],[75.12652587890642,12.205142021179427]]],[[[74.99600219726591,12.787981033325252],[74.98986053466803,12.737280845642033],[75.03811645507818,12.718589782714957],[75.0447616577149,12.663301467895621],[75.08609771728533,12.697781562805176],[75.13188934326189,12.6708402633667],[75.15487670898466,12.619580268859863],[75.20244598388689,12.60272121429449],[75.23129272460943,12.560821533203182],[75.26785278320312,12.605680465698242],[75.31852722167997,12.585140228271541],[75.27258300781278,12.55886173248291],[75.30004882812528,12.516890525817928],[75.3389892578125,12.482940673828125],[75.39187622070312,12.492541313171387],[75.36589050292986,12.449080467224064],[75.37219238281267,12.395730018615666],[75.41886901855497,12.369520187377873],[75.41985321044916,12.319460868835563],[75.46720886230486,12.295379638671818],[75.5038681030274,12.2597017288208],[75.53793334960955,12.211051940918082],[75.56384277343778,12.166831970214787],[75.61131286621122,12.145861625671671],[75.64807891845709,12.10558032989502],[75.70159912109392,12.100331306457804],[75.74294281005888,12.071781158447266],[75.79534912109386,12.074231147766227],[75.81019592285162,12.024060249328727],[75.83058929443365,11.974630355835018],[75.87674713134771,11.940711975097884],[75.93112182617193,11.931110382080135],[75.98336791992193,11.925441741943303],[76.0385131835938,11.93900012969982],[76.09127044677751,11.961588859558162],[76.10743713378935,11.876339912414608],[76.16259002685547,11.860031127929915],[76.20720672607416,11.831760406494254],[76.24439239501947,11.795310020446777],[76.29469299316418,11.778071403503475],[76.33497619628935,11.730629920959416],[76.38376617431652,11.745040893554744],[76.4021987915039,11.683119773864746],[76.43461608886736,11.641610145568848],[76.38006591796892,11.622419357299748],[76.34034729003906,11.580560684204045],[76.28588867187506,11.582951545715332],[76.22574615478533,11.564439773559798],[76.24151611328153,11.504791259765568],[76.28578948974604,11.468570709228572],[76.33905792236345,11.454179763794002],[76.39057922363287,11.427961349487362],[76.43934631347656,11.390669822692985],[76.51007843017607,11.361150741577148],[76.53524017334013,11.316341400146712],[76.51309204101574,11.26466083526617],[76.44638824462885,11.230461120605582],[76.45272064209001,11.180210113525504],[76.50231170654314,11.2028617858889],[76.57778167724638,11.1968412399292],[76.62966918945341,11.190800666809082],[76.67816925048845,11.218830108642578],[76.7211532592774,11.18451118469244],[76.69505310058605,11.140230178833065],[76.73889160156256,11.114859580993766],[76.73449707031256,11.06389045715332],[76.77543640136736,11.03428173065197],[76.71205139160185,11.032450675964355],[76.68081665039062,10.992659568786621],[76.65495300292974,10.94219112396263],[76.69300079345697,10.90227031707775],[76.74395751953142,10.884921073913688],[76.81755828857416,10.861801147461051],[76.83712768554693,10.81553936004633],[76.88829803466825,10.799881935119629],[76.89035034179693,10.747490882873592],[76.8651123046875,10.692939758300838],[76.87460327148438,10.639229774475211],[76.82244110107428,10.62738132476818],[76.82932281494152,10.576451301574707],[76.83143615722685,10.524571418762207],[76.81745147705084,10.438489913940543],[76.81566619873047,10.386530876159782],[76.82756042480474,10.337581634521428],[76.83194732666021,10.283770561218205],[76.87705993652338,10.25631046295166],[76.92030334472668,10.225440979004134],[76.9707870483399,10.208650588989258],[77.01522064208984,10.237591743469295],[77.0533218383789,10.279890060424805],[77.10072326660162,10.304450035095329],[77.14823150634777,10.334059715270996],[77.19946289062517,10.341951370239258],[77.22093200683622,10.296039581298828],[77.25054931640642,10.253750801086426],[77.2804489135745,10.20725154876709],[77.25914764404314,10.155350685119572],[77.22511291503935,10.118450164794922],[77.19072723388678,10.081151962280273],[77.23065948486357,10.039521217346248],[77.24772644042969,9.991160392761344],[77.23661041259766,9.941381454468],[77.20443725585943,9.894319534301758],[77.2237396240235,9.842961311340389],[77.23398590087908,9.788519859313908],[77.20603942871122,9.737489700317326],[77.19168853759771,9.68618202209467],[77.16588592529314,9.63795089721691],[77.19657897949236,9.59570026397705],[77.24198913574236,9.571540832519531],[77.30430603027338,9.593041419983024],[77.33743286132818,9.55486011505127],[77.37071990966814,9.508691787719783],[77.37737274169922,9.458660125732536],[77.33425140380854,9.431051254272575],[77.32608795166033,9.380460739135799],[77.31134033203153,9.327901840209961],[77.27345275878923,9.294191360473746],[77.26566314697271,9.24368095397972],[77.25329589843756,9.193360328674316],[77.25177764892584,9.1430406570434],[77.2117309570313,9.106361389160156],[77.1886672973634,9.056480407714957],[77.14533233642584,9.027219772338924],[77.15844726562517,8.978191375732536],[77.18164825439482,8.93256092071556],[77.21473693847662,8.892120361328125],[77.24562072753923,8.845081329345646],[77.22396850585966,8.79833126068138],[77.1914367675783,8.758391380310059],[77.1617279052735,8.715161323547477],[77.19046783447283,8.67118930816656],[77.21869659423845,8.618379592895565],[77.25152587890642,8.570989608764762],[77.25248718261736,8.517081260681096],[77.19857788085943,8.503939628601302],[77.2090682983399,8.45068073272705],[77.17977905273438,8.409090995788574],[77.13481903076178,8.378529548645133],[77.1510620117188,8.330940246582145],[77.10085296630876,8.311651229858342],[77.0529174804687,8.326805114746094],[77.01235961914062,8.35624885559082],[76.9742965698245,8.389030456543026],[76.95041656494146,8.433472633361816],[76.91792297363298,8.471529960632381],[76.88541412353544,8.509583473205623],[76.85402679443376,8.549030303955192],[76.82208251953136,8.587921142578125],[76.79069519042986,8.627083778381404],[76.75986480712896,8.666804313659725],[76.72791290283197,8.705693244934082],[76.69680786132841,8.745141029357967],[76.66902923584001,8.786809921264648],[76.63903045654291,8.827084541321028],[76.60485839843778,8.863751411438102],[76.56069183349626,8.887360572814885],[76.53819274902344,8.93208217620861],[76.52485656738287,8.98181056976324],[76.510971069336,9.03042030334467],[76.49096679687511,9.076251029968262],[76.46958160400396,9.121527671813908],[76.48902893066412,9.167639732360954],[76.44568634033203,9.192640304565373],[76.42680358886719,9.239583015441895],[76.43985748291044,9.190971374511662],[76.46569061279314,9.147920608520451],[76.43791961669928,9.189580917358512],[76.41764068603533,9.235694885253963],[76.39679718017572,9.28125],[76.37596893310575,9.326811790466309],[76.3545761108399,9.372080802917651],[76.33735656738287,9.419031143188704],[76.32402801513678,9.467639923095646],[76.31236267089844,9.5176420211792],[76.30347442626982,9.568470954895247],[76.2968063354495,9.618750572204704],[76.2918090820313,9.669860839844034],[76.28652954101591,9.720420837402457],[76.2801361083985,9.77097320556652],[76.2709732055664,9.820137977600154],[76.26319122314459,9.869859695434513],[76.25096893310553,9.918749809265137],[76.24041748046892,9.967641830444336],[76.27263641357422,9.929308891296444],[76.26513671875011,9.879583358764876],[76.28458404541027,9.833471298218058],[76.29569244384794,9.882638931274357],[76.31986236572271,9.838472366333065],[76.32736206054682,9.789030075073526],[76.34124755859403,9.736810684204158],[76.3373641967774,9.787083625793514],[76.3226394653322,9.835139274597282],[76.37041473388683,9.820137977600154],[76.36902618408209,9.76763820648199],[76.3670730590822,9.717361450195597],[76.39597320556652,9.676531791687012],[76.3793029785158,9.629310607910327],[76.36596679687506,9.580690383911076],[76.35430908203142,9.530970573425293],[76.41402435302734,9.526806831360034],[76.46430206298857,9.52819538116455],[76.42318725585943,9.557360649109114],[76.4293060302735,9.608195304870549],[76.40291595459001,9.65069580078125],[76.39708709716803,9.70041656494152],[76.38903045654314,9.750970840454386],[76.378471374512,9.799860954284782],[76.37236022949247,9.849584579467773],[76.3609695434572,9.898750305176065],[76.31346893310564,9.91458129882841],[76.28569793701178,9.95625019073492],[76.27513885498064,10.00542068481468],[76.25125122070341,10.049860954284725],[76.24736022949224,10.099861145019531],[76.21069335937517,10.134584426879826],[76.21263885498053,10.084028244018782],[76.23236083984403,10.037640571594238],[76.24014282226574,9.988189697265682],[76.21013641357428,10.028194427490348],[76.19596862792986,10.076811790466536],[76.18347167968756,10.125970840454215],[76.16652679443388,10.173473358154354],[76.14902496337885,10.22097206115734],[76.13430786132841,10.269583702087402],[76.12097167968778,10.31791973114008],[76.1040267944336,10.365694999695052],[76.08541870117193,10.412640571594466],[76.06485748291027,10.458472251892317],[76.04180908203153,10.502919197082804],[76.06680297851591,10.546250343322981],[76.01708221435564,10.551528930664062],[75.99708557128912,10.597361564636401],[75.9765243530274,10.64347362518322],[75.95486450195307,10.688751220703182],[75.93458557128918,10.734581947326774],[75.9154129028322,10.781251907348633],[75.90180206298857,10.830699920654297],[75.89097595214844,10.880970954895133],[75.88014221191423,10.930150032043514],[75.86791992187517,10.979030609130803],[75.8540267944336,11.029029846191463],[75.84179687500017,11.077919960022086],[75.83651733398443,11.127641677856502],[75.82041931152361,11.175141334533748],[75.7848587036134,11.210417747497672],[75.76902770996105,11.258193016052246],[75.75208282470732,11.305694580078125],[75.73569488525419,11.353194236755371],[75.71151733398455,11.39708137512207],[75.68708038330078,11.440973281860352],[75.64402770996094,11.466809272766113],[75.6115264892581,11.504861831665039],[75.5940246582033,11.552360534668026],[75.57736206054716,11.599584579467773],[75.55847167968778,11.646530151367188],[75.53679656982439,11.691809654235897],[75.50736236572294,11.732362747192496],[75.47846984863281,11.773193359375],[75.43763732910173,11.802358627319563],[75.40291595459001,11.838472366333008],[75.35541534423845,11.859583854675407],[75.32707977294928,11.901250839233512],[75.29930877685541,11.94292068481451],[75.34792327880888,11.930141448974666],[75.3962478637697,11.916529655456543],[75.34847259521513,11.934305191040096],[75.31041717529314,11.9673624038698],[75.2762527465822,12.00403118133562],[75.32596588134794,12.00958061218273],[75.3006668090822,12.058020591735897],[75.31962585449224,12.106651306152571],[75.36853790283197,12.121260643005371],[75.32064056396513,12.143521308898926],[75.28198242187517,12.109140396118164],[75.22306060791033,12.104840278625716],[75.22367095947271,12.054471015930176],[75.20707702636724,12.007081031799316],[75.18486022949213,12.052921295166016],[75.19291687011736,12.102361679077148],[75.16041564941435,12.140417098999137],[75.1381912231447,12.185420989990178],[75.1101379394533,12.226810455322209],[75.09152984619146,12.274030685424805],[75.0718078613283,12.32014274597185],[75.05124664306646,12.365970611572322],[75.02347564697294,12.407638549804915],[74.99791717529325,12.450694084167594],[74.97597503662138,12.495972633362044],[74.95929718017584,12.543202400207576],[74.93846893310564,12.588751792907715],[74.91902923584001,12.634861946105957],[74.89930725097685,12.68125057220459],[74.87790679931646,12.726531028747615],[74.92935180664068,12.771331787109375],[74.98192596435541,12.775239944458065],[74.99600219726591,12.787981033325252]]]]}},{"type":"Feature","properties":{"name":"Lakshadweep"},"geometry":{"type":"MultiPolygon","coordinates":[[[[73.0101394653322,8.28042030334484]]],[[[73.08097076416021,8.327642440796012],[73.06236267089838,8.280969619751033],[73.08039855957037,8.32792186737089],[73.08097076416021,8.327642440796012]]],[[[72.29013824462908,10.049583435058821]]],[[[73.63346862792986,10.070419311523551]]],[[[73.62902832031278,10.075141906738509]]],[[[73.65152740478544,10.104310035705566]]],[[[72.32791900634771,10.136529922485352]]],[[[73.6609725952149,10.155973434448299]]],[[[72.64208221435553,10.577361106872672]]],[[[72.16874694824247,10.814862251281738]]],[[[72.1726379394533,10.81986141204834]]],[[[73.67846679687517,10.82153129577631]]],[[[72.1726379394533,10.81986141204834],[72.19235992431646,10.865971565246582],[72.1726379394533,10.81986141204834]]],[[[72.29125213623064,10.945972442627237]]],[[[72.32653045654314,10.95319461822504]]],[[[72.33374786376982,10.95847320556669]]],[[[72.73153686523443,11.136249542236328]]],[[[72.10569763183611,11.21291637420677]]],[[[72.10291290283214,11.21514034271263]]],[[[72.79013824462919,11.259860992431868],[72.77541351318365,11.211806297302417],[72.78958129882841,11.259860992431868],[72.79013824462919,11.259860992431868]]],[[[73.00096893310564,11.488194465637434]]],[[[72.99986267089861,11.497921943664778]]],[[[72.18624877929693,11.601260185241927]]],[[[72.71402740478527,11.706251144409407]]]]}},{"type":"Feature","properties":{"name":"Madhya Pradesh"},"geometry":{"type":"Polygon","coordinates":[[[78.36464691162126,26.86884117126465],[78.38973999023466,26.824899673462085],[78.44557952880865,26.80343055725109],[78.51557159423834,26.785110473633097],[78.56009674072294,26.7622127532959],[78.61178588867216,26.76711273193382],[78.6675033569336,26.77424049377447],[78.71534729003935,26.80021286010765],[78.76214599609392,26.766830444335938],[78.84068298339838,26.726070404052848],[78.90394592285168,26.71338081359886],[78.95015716552729,26.694040298461914],[79.00041198730474,26.676710128784293],[79.00308990478521,26.626659393310604],[78.97952270507841,26.58156967163086],[79.0205459594726,26.55166053771984],[79.04975128173845,26.506660461425724],[79.04846191406256,26.456050872802734],[79.0998916625976,26.456029891967887],[79.08072662353521,26.40550041198742],[79.09644317626982,26.355609893798885],[79.09178924560553,26.30404281616211],[79.04679870605474,26.270591735839844],[79.01690673828153,26.228000640869368],[78.97737884521496,26.195499420166016],[78.9523010253908,26.142601013183594],[78.99011993408209,26.095899581909293],[78.96144866943376,26.050819396972656],[78.94610595703136,26.001550674438704],[78.93009948730497,25.951580047607422],[78.87638092041033,25.91566085815424],[78.85051727294928,25.865610122680778],[78.86396026611328,25.81627082824707],[78.81582641601574,25.831140518188477],[78.77996826171886,25.77511978149414],[78.74579620361334,25.73801994323736],[78.79123687744169,25.710540771484375],[78.81124877929699,25.645450592041016],[78.76597595214844,25.61314964294445],[78.71116638183588,25.606590270996094],[78.66535186767607,25.584840774536246],[78.608627319336,25.589080810546875],[78.55974578857422,25.56780052185053],[78.49149322509783,25.581880569458008],[78.44915008544939,25.55274009704584],[78.41433715820324,25.5153102874757],[78.39189910888672,25.46884918212902],[78.34378814697294,25.446178436279524],[78.3215103149414,25.395219802856502],[78.33129119873047,25.33671951293951],[78.34506988525396,25.28297042846691],[78.3707580566408,25.233360290527344],[78.40355682373064,25.18894004821783],[78.44284820556658,25.15788078308117],[78.39531707763666,25.130527496337947],[78.3478164672851,25.09996986389166],[78.33078002929693,25.045370101928825],[78.3096160888673,24.99124908447277],[78.26271057128935,24.95260047912592],[78.21391296386747,24.91557121276861],[78.17044830322266,24.885269165039062],[78.1915817260745,24.839670181274357],[78.21836853027361,24.791919708251953],[78.22631835937494,24.736249923706055],[78.25460815429705,24.692489624023665],[78.25847625732428,24.637800216674805],[78.26375579834001,24.578720092773438],[78.22418212890653,24.541339874267635],[78.23963165283232,24.489459991455135],[78.26687622070318,24.44737052917486],[78.31150054931646,24.417440414428825],[78.35885620117216,24.387189865112305],[78.33112335205084,24.34255027770996],[78.36168670654308,24.296100616455192],[78.4113082885745,24.28758049011242],[78.4508285522461,24.329879760742244],[78.48430633544928,24.377628326416016],[78.55258178710943,24.360628128051815],[78.59900665283232,24.32318115234375],[78.6392364501956,24.286199569702205],[78.66912078857428,24.245019912719727],[78.72110748291016,24.241220474243164],[78.76774597167974,24.21777915954584],[78.80570983886724,24.184299468994197],[78.84654235839855,24.21693038940441],[78.8855819702149,24.25928115844738],[78.9241333007813,24.314218521118164],[78.96488189697283,24.350442886352482],[78.97621154785162,24.402891159057674],[78.94439697265653,24.44325828552246],[78.902641296387,24.47837066650385],[78.95455932617188,24.488559722900504],[78.9403686523438,24.54314994812023],[78.90850067138678,24.588809967041072],[78.8817214965822,24.63969993591303],[78.83345031738281,24.62079048156744],[78.77690124511724,24.59309005737316],[78.74797821044916,24.637050628662166],[78.75998687744169,24.693569183349723],[78.7674865722658,24.743410110473633],[78.76454925537138,24.794992446899528],[78.76740264892607,24.84891128540039],[78.72254180908209,24.880718231201286],[78.67543029785162,24.898540496826172],[78.65371704101591,24.944219589233455],[78.63510894775408,25.004329681396428],[78.64192962646479,25.0614910125733],[78.59716796875017,25.097871780395565],[78.59597778320312,25.148580551147404],[78.5697631835938,25.20195960998541],[78.56816864013689,25.254051208496207],[78.52516937255888,25.285499572753963],[78.4540328979495,25.270601272583008],[78.48324584960932,25.3141899108889],[78.53356170654325,25.318700790405217],[78.57621765136724,25.35193061828619],[78.59461212158232,25.40911293029791],[78.63883972167997,25.440429687500114],[78.68924713134766,25.44535064697277],[78.65666961669939,25.40053939819336],[78.70903015136747,25.378749847412053],[78.7562866210938,25.357509613037166],[78.74050140380888,25.406541824340763],[78.78823852539062,25.423580169677734],[78.74366760253912,25.45210075378418],[78.73606109619146,25.50432968139654],[78.78952789306669,25.483512878418082],[78.83590698242182,25.459989547729606],[78.82832336425798,25.509981155395508],[78.87837219238287,25.528659820556584],[78.92263793945324,25.556829452514705],[78.93315124511747,25.498260498046875],[78.91340637207048,25.452060699462947],[78.9624862670899,25.436359405517578],[78.97840881347656,25.382860183715934],[78.92862701416016,25.351800918579045],[78.9512329101563,25.39645957946783],[78.90107727050787,25.389259338378963],[78.84535980224615,25.360910415649528],[78.81667327880876,25.316570281982365],[78.81128692626982,25.266000747680664],[78.86228942871111,25.283130645752067],[78.87560272216797,25.334011077880916],[78.92546081542974,25.33843994140625],[78.9702758789063,25.291091918945256],[78.92581176757812,25.267820358276367],[78.87587738037115,25.255769729614485],[78.88011932373075,25.205898284912223],[78.9423599243164,25.218362808227596],[78.98774719238281,25.196779251098633],[78.97116851806658,25.244920730590877],[79.01235961914062,25.274040222168196],[79.04506683349615,25.230630874633903],[79.02572631835955,25.182590484619197],[79.08429718017595,25.19252967834467],[79.10781097412115,25.143699645996094],[79.15661621093756,25.1119003295899],[79.1967163085938,25.142930984497184],[79.24584197998064,25.161960601806697],[79.27654266357439,25.12026023864769],[79.31060028076183,25.16090011596691],[79.27777862548834,25.203510284423828],[79.32433319091808,25.222570419311467],[79.340087890625,25.27276039123541],[79.28775024414091,25.29024124145502],[79.29473114013678,25.340219497680664],[79.34458923339872,25.334449768066406],[79.351615905762,25.27799034118675],[79.40188598632812,25.279251098632926],[79.45157623291044,25.273609161377067],[79.42701721191406,25.22503852844244],[79.39150238037138,25.1796493530274],[79.3892898559572,25.120580673217773],[79.44478607177751,25.113090515136832],[79.48987579345709,25.082750320434627],[79.51795959472685,25.131229400634766],[79.55033874511724,25.169401168823242],[79.60003662109392,25.15497970581066],[79.65419006347673,25.130451202392578],[79.70728302001959,25.133319854736328],[79.75772094726591,25.13452911376953],[79.80516815185558,25.110979080200252],[79.8558959960938,25.098501205444393],[79.87217712402338,25.148511886596737],[79.85478210449247,25.199092864990234],[79.87245941162115,25.253791809082088],[79.9241027832033,25.251550674438533],[79.97727966308594,25.264940261840877],[80.01264953613287,25.3017196655274],[80.0444412231447,25.34185028076172],[80.09337615966808,25.35383033752447],[80.14496612548845,25.36010932922386],[80.1891632080081,25.389221191406307],[80.24518585205084,25.40489006042492],[80.29532623291021,25.407760620117244],[80.30262756347685,25.35828018188488],[80.30912017822294,25.30585098266613],[80.3492660522461,25.269550323486555],[80.39906311035162,25.242969512939453],[80.41812896728521,25.191921234131087],[80.3734359741211,25.155178070068473],[80.32283782959013,25.10664939880371],[80.28763580322283,25.066890716552678],[80.29897308349615,25.016031265258846],[80.35257720947277,25.019880294799805],[80.38347625732433,25.06167030334484],[80.43292236328153,25.078390121459904],[80.47017669677751,25.04469108581543],[80.49997711181646,25.089559555053768],[80.54676818847685,25.067970275878906],[80.59594726562506,25.07818031311041],[80.5907592773438,25.131580352783203],[80.62004089355463,25.089580535888615],[80.6792602539063,25.081819534301985],[80.72921752929693,25.065532684326286],[80.78137969970732,25.069561004638615],[80.73343658447271,25.101329803467024],[80.76605987548834,25.14088821411127],[80.81864166259783,25.130550384521598],[80.84111022949213,25.175252914428825],[80.89597320556646,25.171260833740234],[80.86900329589861,25.127910614013786],[80.87065124511747,25.071050643921126],[80.82668304443365,25.039190292358626],[80.8364028930664,24.9860897064209],[80.78994750976591,24.967180252075252],[80.83490753173834,24.93452835083002],[80.88482666015642,24.94889068603527],[80.93374633789074,24.97010993957531],[80.97928619384771,24.938079833984375],[81.02667236328153,24.954969406127873],[81.08120727539091,24.950210571289176],[81.11292266845703,24.90552139282221],[81.15548706054705,24.93197059631359],[81.20729827880888,24.931102752685547],[81.2127304077149,24.98166275024414],[81.23600769042974,25.02930068969738],[81.26222229003935,25.07283020019537],[81.25817871093756,25.123632431030273],[81.29133605957037,25.166797637939567],[81.31302642822283,25.11741065979004],[81.31964111328153,25.16806030273449],[81.36560821533232,25.14425086975109],[81.41604614257812,25.132280349731445],[81.45886230468778,25.092990875244254],[81.5075759887697,25.10680961608881],[81.52884674072277,25.16133117675787],[81.56639862060553,25.195749282837028],[81.61347198486334,25.170520782470703],[81.59102630615246,25.122989654541016],[81.60280609130865,25.071830749511776],[81.653076171875,25.075031280517635],[81.70536041259783,25.037902832031477],[81.77139282226568,25.023239135742244],[81.8293685913086,25.019332885742188],[81.88138580322266,24.99949264526373],[81.90410614013689,24.94226837158203],[81.89644622802729,24.89250946044922],[81.9317703247072,24.856491088867244],[81.99154663085943,24.846500396728743],[82.04232788085966,24.834241867065373],[82.08972930908209,24.81590080261242],[82.14657592773443,24.79730987548828],[82.19596862792974,24.82452964782715],[82.19061279296892,24.769559860229606],[82.23837280273449,24.754409790039062],[82.2430496215822,24.701761245727653],[82.28520965576189,24.670011520385685],[82.29302978515642,24.61689949035639],[82.34596252441435,24.618801116943473],[82.39359283447271,24.597499847412053],[82.40896606445312,24.649560928344727],[82.42015075683605,24.7052516937257],[82.46402740478544,24.680070877075195],[82.51843261718744,24.678340911865348],[82.57396697998064,24.663000106811523],[82.62996673584013,24.686700820922795],[82.68543243408209,24.686521530151595],[82.71460723876959,24.64212989807129],[82.7658004760745,24.641630172729492],[82.79637145996111,24.59976005554205],[82.78093719482439,24.546068191528377],[82.71611022949224,24.557140350341854],[82.73654937744146,24.499771118164062],[82.72503662109392,24.444732666015682],[82.70758056640636,24.389377593994254],[82.75688934326189,24.375940322876033],[82.7604522705081,24.32310104370123],[82.75460815429705,24.27161979675293],[82.72699737548834,24.2232608795166],[82.73613739013678,24.16835021972679],[82.68836212158232,24.144229888916072],[82.7052230834961,24.08572959899908],[82.75492095947294,24.073240280151367],[82.74199676513689,24.021400451660156],[82.78990173339861,24.006771087646598],[82.79210662841825,23.955709457397404],[82.75006866455084,23.926532745361328],[82.6898727416995,23.920429229736328],[82.64611816406256,23.888732910156477],[82.62951660156256,23.839000701904297],[82.57849121093778,23.822441101074162],[82.52735137939482,23.82407951354992],[82.49175262451189,23.785707473754883],[82.44576263427729,23.81085968017578],[82.39335632324236,23.80241012573248],[82.34291839599638,23.80389976501459],[82.2838287353515,23.812900543212947],[82.23152923584013,23.807790756225643],[82.20388793945341,23.85299110412609],[82.16525268554688,23.820751190185604],[82.10875701904314,23.81868171691889],[82.04540252685541,23.8205890655517],[82.00759887695341,23.854951858520508],[81.95070648193365,23.852890014648494],[81.89807128906256,23.84828948974632],[81.85293579101591,23.824319839477596],[81.80058288574224,23.813550949096737],[81.74518585205072,23.830921173095646],[81.70268249511736,23.863399505615234],[81.67733001709001,23.910240173339844],[81.62451171875017,23.906919479370117],[81.59834289550781,23.864219665527287],[81.63601684570318,23.81635093688965],[81.653549194336,23.76427078247093],[81.6868896484375,23.722620010376033],[81.64949798584001,23.683450698852482],[81.60951232910162,23.63298988342291],[81.57505798339838,23.59202194213873],[81.605697631836,23.550489425659237],[81.61443328857428,23.497760772705078],[81.65453338623058,23.53155136108404],[81.7063827514649,23.53358078002924],[81.74796295166021,23.56538009643566],[81.79756164550787,23.54883193969721],[81.83410644531267,23.512161254882812],[81.88448333740251,23.522480010986442],[81.93444824218767,23.505550384521484],[81.96124267578136,23.459791183471793],[81.97886657714861,23.411529541015682],[82.02323913574247,23.38376045227062],[82.07995605468767,23.397190093994084],[82.1109008789063,23.355840682983512],[82.15808105468761,23.333320617675838],[82.18698120117205,23.290239334106502],[82.15371704101591,23.24596977233898],[82.14018249511747,23.19034957885765],[82.13276672363276,23.131620407104492],[82.08590698242188,23.109252929687614],[82.02825164794922,23.08166122436529],[81.97487640380876,23.08176040649414],[81.9260864257813,23.062210083007812],[81.93721771240263,23.009492874145735],[81.9402465820313,22.957090377807617],[81.89488983154325,22.928171157836914],[81.85634613037138,22.890859603881836],[81.79582977294928,22.880250930786076],[81.76484680175781,22.840690612793082],[81.77440643310564,22.78560066223156],[81.7624969482423,22.735300064086857],[81.76597595214838,22.676120758056697],[81.714111328125,22.65563011169445],[81.6631622314456,22.632720947265682],[81.64012145996111,22.586549758911133],[81.61579132080084,22.539020538330135],[81.56305694580078,22.551008224487305],[81.51467132568365,22.534030914306868],[81.47985839843778,22.493310928344727],[81.4244384765625,22.47923851013178],[81.37873840332043,22.505300521850643],[81.32293701171892,22.524330139160156],[81.27546691894548,22.4994411468507],[81.24038696289068,22.459180831909293],[81.19264221191406,22.482479095458984],[81.14807891845709,22.455850601196403],[81.10346984863287,22.422080993652344],[81.10685729980486,22.362180709838867],[81.11470031738287,22.312589645385742],[81.09178161621111,22.267860412597884],[81.04043579101562,22.240570068359432],[81.02511596679699,22.188821792602653],[81.01579284667997,22.132709503173885],[80.99742889404303,22.080869674682674],[80.9505233764649,22.11301040649414],[80.89817047119158,22.10132980346691],[80.87735748291016,22.050712585449162],[80.8593368530274,22.000129699707145],[80.83178710937517,21.95794105529791],[80.82453155517578,21.908430099487305],[80.83994293212919,21.8588104248048],[80.8317108154298,21.808670043945256],[80.81063079834001,21.761030197143782],[80.75874328613298,21.75715065002447],[80.72387695312506,21.719707489013672],[80.70735168457043,21.67158126831066],[80.72245788574247,21.622760772705192],[80.71953582763678,21.571500778198356],[80.72477722167969,21.518259048461914],[80.72911071777372,21.468259811401595],[80.69754791259766,21.42719841003418],[80.68583679199247,21.376831054687443],[80.65653228759783,21.3307723999024],[80.60531616210966,21.324310302734432],[80.55982971191423,21.34856986999506],[80.52420043945318,21.38372039794922],[80.4747619628908,21.395750045776424],[80.43048095703142,21.37189292907715],[80.38906097412104,21.404319763183594],[80.4053573608399,21.45440101623541],[80.3748626708985,21.494831085205078],[80.34229278564482,21.53742027282715],[80.30988311767607,21.577341079711857],[80.27086639404314,21.610620498657283],[80.22058868408214,21.61963081359869],[80.16895294189447,21.623201370239315],[80.11857604980497,21.608898162841797],[80.08201599121111,21.571769714355412],[80.03199005126982,21.557558059692383],[79.985580444336,21.536779403686637],[79.9363861083985,21.556800842285384],[79.89228820800787,21.523260116577262],[79.841537475586,21.541818618774528],[79.7918167114259,21.581409454345646],[79.73262023925781,21.602529525757063],[79.68483734130888,21.58069038391136],[79.64074707031256,21.555480957031307],[79.58952331542969,21.54955863952648],[79.53662109375011,21.544218063354606],[79.50582122802751,21.590280532837028],[79.50026702880876,21.640520095825195],[79.45851135253923,21.68732261657715],[79.40772247314482,21.685560226440543],[79.34902191162126,21.678890228271484],[79.28481292724615,21.693910598754883],[79.22869110107439,21.72392845153803],[79.22840118408232,21.67139053344738],[79.1478271484375,21.660520553589095],[79.11123657226568,21.62556266784668],[79.05075073242193,21.603942871093807],[78.99999237060564,21.609798431396598],[78.9458618164063,21.59604072570795],[78.90909576416027,21.56175041198742],[78.93633270263678,21.519390106201286],[78.89048767089861,21.498239517211914],[78.82794952392595,21.489959716796875],[78.77704620361334,21.47907829284668],[78.72418975830095,21.46438026428234],[78.66417694091803,21.480730056762752],[78.60537719726562,21.488370895385685],[78.560043334961,21.514610290527344],[78.50856018066418,21.52843284606928],[78.46167755126982,21.503538131714095],[78.42550659179705,21.542270660400504],[78.4225616455081,21.601949691772518],[78.37165832519526,21.615030288696516],[78.32846069335943,21.58118057250988],[78.27107238769537,21.592960357666072],[78.22666931152372,21.55644035339367],[78.17273712158203,21.553302764892635],[78.17057037353527,21.502059936523665],[78.12722778320318,21.47340011596691],[78.07856750488281,21.44571113586437],[78.02912139892578,21.425359725952205],[77.98027801513666,21.402799606323242],[77.93176269531256,21.385818481445312],[77.88186645507812,21.377691268921012],[77.83392333984386,21.401519775390682],[77.77655029296903,21.388029098510856],[77.72489929199219,21.364152908325195],[77.67520141601568,21.378810882568473],[77.61519622802763,21.390659332275334],[77.56533050537115,21.37262916564947],[77.5105285644533,21.3767604827882],[77.47709655761747,21.420860290527457],[77.45716094970709,21.467071533203125],[77.42079925537121,21.516281127929688],[77.45195007324219,21.55561065673828],[77.50435638427763,21.554668426513786],[77.5533981323245,21.53617286682129],[77.6071166992188,21.54277038574213],[77.57219696044928,21.587671279907227],[77.56037902832037,21.645181655883846],[77.54218292236345,21.701030731201172],[77.5060501098634,21.741212844848633],[77.45868682861334,21.768180847168082],[77.40531158447271,21.756731033325252],[77.35338592529314,21.759460449218693],[77.29367065429705,21.759918212890682],[77.25802612304688,21.715829849243107],[77.21021270751959,21.697120666503906],[77.16803741455084,21.725759506225643],[77.11416625976562,21.724861145019588],[77.06205749511747,21.715049743652344],[77.01814270019537,21.690799713134993],[76.9115524291995,21.614931106567326],[76.86073303222662,21.61230278015148],[76.80387115478533,21.59683036804205],[76.78283691406244,21.551469802856445],[76.78649139404314,21.4992294311524],[76.75654602050798,21.449928283691406],[76.71909332275419,21.400650024414176],[76.66841125488281,21.369470596313477],[76.624526977539,21.33510017395031],[76.6610717773438,21.282421112060604],[76.63169097900396,21.228900909423942],[76.5867462158206,21.19868278503418],[76.52919769287126,21.189292907714957],[76.47828674316423,21.175680160522518],[76.45291900634783,21.124429702758846],[76.40943908691423,21.09408950805664],[76.36132049560541,21.0800018310548],[76.29711914062506,21.077180862426815],[76.23510742187517,21.093910217285213],[76.18386077880865,21.08995056152355],[76.142143249512,21.12107086181635],[76.11396026611345,21.164640426635856],[76.16684722900396,21.170721054077205],[76.1631469726562,21.221950531005916],[76.1498031616211,21.274209976196346],[76.12224578857428,21.32163810729992],[76.0986709594726,21.37392807006836],[76.0523757934572,21.35270118713379],[76.00023651123075,21.37481117248535],[75.94796752929716,21.392980575561637],[75.89705657959013,21.397260665893555],[75.84662628173834,21.38813972473139],[75.79220581054705,21.389211654663086],[75.73834991455107,21.393432617187443],[75.6878204345706,21.38433074951172],[75.63263702392584,21.381771087646484],[75.57655334472662,21.38552093505882],[75.52458190917969,21.387161254882812],[75.46840667724615,21.394201278686523],[75.41337585449219,21.39106750488287],[75.36138153076178,21.403230667114258],[75.31195831298828,21.395280838012752],[75.25910949707048,21.40521812438959],[75.2074584960938,21.415840148925838],[75.15737152099638,21.438272476196403],[75.10666656494135,21.469629287719727],[75.08355712890653,21.52575111389166],[75.05356597900396,21.567190170288086],[75.00477600097685,21.586042404174805],[74.9563598632812,21.601289749145735],[74.9096221923831,21.619449615478572],[74.86115264892607,21.631959915161133],[74.81536865234403,21.611640930175724],[74.76499938964855,21.615619659423885],[74.71527862548822,21.6260604858399],[74.67066192626953,21.650110244751033],[74.62106323242188,21.660470962524528],[74.57713317871105,21.684780120849553],[74.53943634033203,21.718328475952205],[74.5178604125976,21.76370811462425],[74.50932312011736,21.815879821777457],[74.51747894287104,21.874900817871094],[74.51560974121111,21.927871704101506],[74.47785949707048,21.961549758911133],[74.44107818603521,21.996440887451115],[74.39643859863287,22.023702621460018],[74.36180877685575,21.986890792846737],[74.31356811523466,21.972810745239258],[74.28092193603527,21.934640884399414],[74.23108673095709,21.929960250854492],[74.18080902099638,21.93514060974121],[74.14335632324224,21.9698810577392],[74.10034179687494,22.001592636108512],[74.14100646972673,22.0408611297608],[74.17064666748053,22.084470748901367],[74.13020324707037,22.113870620727653],[74.1318969726563,22.16444015502941],[74.1192703247072,22.216381072998047],[74.08067321777372,22.249990463256836],[74.05790710449224,22.29980087280279],[74.07164764404303,22.349010467529354],[74.12445831298834,22.358301162719783],[74.16384124755888,22.326789855957088],[74.20609283447271,22.35357093811041],[74.24951934814453,22.3831596374514],[74.25402069091808,22.43305969238287],[74.20459747314459,22.440679550171012],[74.15628814697283,22.45673179626459],[74.1163711547851,22.426420211791992],[74.08583831787138,22.4670791625976],[74.06188964843756,22.511260986328182],[74.10575103759766,22.537670135498104],[74.15332031250011,22.517419815063533],[74.1917114257812,22.553350448608626],[74.22737121582026,22.59065818786621],[74.25641632080095,22.635681152343693],[74.30941009521484,22.639280319213867],[74.36395263671875,22.636520385742188],[74.3942413330081,22.685739517211914],[74.4085159301759,22.737051010131893],[74.43923187255871,22.785551071166935],[74.47191619873047,22.83265113830572],[74.46871185302751,22.887460708618278],[74.4319458007813,22.922580718994197],[74.38160705566412,22.909908294677734],[74.34792327880854,22.953449249267635],[74.3553619384765,23.003070831298885],[74.32531738281256,23.048170089721793],[74.36112213134783,23.09031105041504],[74.40683746337919,23.111770629882756],[74.458236694336,23.087060928344727],[74.51228332519543,23.088830947876204],[74.54570007324247,23.13207054138195],[74.59723663330095,23.141992568969727],[74.64198303222668,23.172662734985295],[74.6875686645509,23.196701049804688],[74.74569702148443,23.21211051940918],[74.69500732421886,23.223079681396484],[74.68048858642584,23.275262832641545],[74.62956237792974,23.265840530395735],[74.57728576660162,23.297349929809684],[74.53366088867216,23.323030471801815],[74.5652160644533,23.375221252441406],[74.59146881103544,23.42513084411621],[74.62699127197283,23.461980819702205],[74.67446136474604,23.485681533813477],[74.7258911132813,23.49846076965332],[74.77072906494152,23.535770416259993],[74.830093383789,23.54952049255371],[74.87265014648438,23.57822036743164],[74.9060287475586,23.622951507568416],[74.90991210937506,23.67690086364746],[74.93199157714861,23.728340148925838],[74.92993164062506,23.794208526611385],[74.91581726074224,23.845670700073185],[74.91385650634783,23.903360366821232],[74.9376068115235,23.95608139038086],[74.97222900390642,24.003629684448242],[74.97940826416044,24.07201194763195],[74.93914031982433,24.121110916137752],[74.90033721923845,24.17430114746105],[74.88671112060575,24.224920272827205],[74.8754272460938,24.278020858764762],[74.81964874267595,24.276260375976562],[74.76647949218756,24.27342033386236],[74.78482055664068,24.321130752563477],[74.78698730468744,24.371650695800838],[74.82524108886724,24.408332824707145],[74.85389709472685,24.44950294494629],[74.81684112548834,24.49117088317871],[74.76619720458979,24.490650177002067],[74.71555328369146,24.508239746093977],[74.74759674072271,24.54767990112316],[74.75595092773455,24.60067939758295],[74.79138946533203,24.645429611206055],[74.77731323242205,24.69668960571289],[74.78607940673845,24.746919631958065],[74.79931640625006,24.79564094543457],[74.82929229736357,24.7459011077882],[74.84984588623053,24.698650360107422],[74.88791656494158,24.65772247314453],[74.93917846679716,24.6617107391358],[74.99043273925787,24.706348419189567],[75.02023315429716,24.752767562866325],[74.99001312255865,24.793819427490234],[74.93855285644537,24.794790267944336],[74.88468170166033,24.802431106567496],[74.85604858398438,24.847169876098633],[74.83783721923834,24.89721107482916],[74.82498931884783,24.945890426635742],[74.8772811889649,24.939390182495117],[74.91252136230486,24.89909934997553],[74.95633697509794,24.874959945678768],[75.01261138916044,24.874080657958984],[75.06314849853544,24.877468109130973],[75.11498260498053,24.88713836669922],[75.11772918701166,24.9463405609132],[75.15215301513678,24.988689422607365],[75.15912628173828,25.04547119140625],[75.2182159423831,25.041440963745117],[75.2782669067384,25.044700622558594],[75.33615875244158,25.0448894500733],[75.32203674316423,24.996129989624137],[75.32875061035162,24.945631027221623],[75.28536224365263,24.976690292358512],[75.28790283203142,24.92626190185547],[75.29411315917997,24.871379852294865],[75.35006713867205,24.884969711303654],[75.40753936767584,24.891910552978572],[75.36396026611322,24.84252166748047],[75.31981658935553,24.81779289245617],[75.2789382934572,24.853490829467887],[75.22738647460966,24.859149932861442],[75.21264648437506,24.91007041931175],[75.21848297119158,24.859479904174805],[75.20642089843744,24.809930801391545],[75.18559265136747,24.76304054260254],[75.2169494628908,24.722410202026424],[75.26724243164091,24.732719421386776],[75.35086822509766,24.71710014343273],[75.41970062255876,24.69996070861822],[75.48346710205084,24.697620391845646],[75.53507995605486,24.720018386840877],[75.60260009765642,24.701271057128963],[75.65918731689482,24.701700210571346],[75.7117767333985,24.74542999267578],[75.75968170166027,24.764799118042106],[75.8278121948245,24.736352920532227],[75.8336868286134,24.685951232910156],[75.84411621093756,24.634721755981502],[75.8758163452149,24.59078025817894],[75.90703582763689,24.5504608154298],[75.90674591064464,24.498041152954215],[75.90338897705095,24.446130752563533],[75.84725189209013,24.418970108032227],[75.8164672851563,24.458520889282283],[75.76824188232428,24.440349578857422],[75.7297973632812,24.403608322143555],[75.74180603027338,24.352968215942383],[75.77085113525408,24.30877113342308],[75.81289672851574,24.27709007263195],[75.79534912109386,24.226869583129883],[75.75891113281256,24.179611206054744],[75.77902984619158,24.124620437622013],[75.83064270019543,24.107929229736328],[75.78901672363287,24.06329917907709],[75.77127075195318,24.012210845947322],[75.73309326171892,23.97892951965332],[75.68406677246111,23.993110656738395],[75.6312026977539,24.00031280517601],[75.58036804199224,23.994302749633903],[75.5319213867188,24.031480789184684],[75.4891967773438,24.00031280517601],[75.46170043945318,23.95342063903803],[75.4995727539062,23.90052032470703],[75.55252838134771,23.86515808105463],[75.56603240966803,23.81568908691412],[75.61662292480474,23.80597114562994],[75.66747283935564,23.78819847106945],[75.70878601074247,23.81809806823736],[75.7275466918947,23.86450958251976],[75.77706146240263,23.853870391845703],[75.8304061889649,23.88475990295416],[75.88633728027355,23.888599395751953],[75.9380874633789,23.912208557128963],[75.98092651367193,23.943019866943416],[75.96353149414068,23.991659164428768],[75.99450683593778,24.031900405883903],[76.03299713134771,24.064212799072266],[76.08024597167974,24.083990097046126],[76.1346969604495,24.095289230346793],[76.13047027587902,24.15366935729992],[76.12335968017584,24.205400466919173],[76.14977264404325,24.260980606079045],[76.17257690429693,24.307220458984432],[76.20363616943376,24.250589370727596],[76.25180816650419,24.22481918334961],[76.30287170410162,24.244430541992244],[76.35299682617193,24.24891090393072],[76.40009307861345,24.222789764404354],[76.45324707031244,24.216821670532283],[76.50538635253906,24.20546913146984],[76.53578186035168,24.16421127319336],[76.56727600097685,24.20691108703619],[76.59324645996088,24.25089073181175],[76.64222717285185,24.26624107360834],[76.69296264648466,24.28504943847662],[76.68778228759771,24.232450485229606],[76.69519042968756,24.176000595092887],[76.74938201904303,24.17254066467285],[76.79093170166021,24.125759124755973],[76.84233093261747,24.132270812988338],[76.89994049072294,24.13111114501953],[76.91487121582048,24.18337059021019],[76.91117095947294,24.23761177062994],[76.86994171142584,24.27658271789562],[76.8449096679688,24.32798194885254],[76.84799957275396,24.378831863403434],[76.85109710693388,24.43539047241211],[76.84678649902361,24.487550735473746],[76.81442260742193,24.529649734497298],[76.86620330810547,24.54936027526861],[76.91568756103521,24.540380477905273],[76.9146499633789,24.487659454345703],[76.96016693115246,24.460229873657283],[77.00688934326178,24.487550735473746],[77.03904724121111,24.526630401611385],[77.06469726562511,24.569910049438533],[77.06112670898432,24.624589920043945],[77.03701019287115,24.68275070190424],[76.99214172363281,24.717397689819393],[76.96330261230486,24.75955009460455],[76.90939331054693,24.746810913085938],[76.84729766845732,24.750400543212947],[76.81571960449224,24.803670883178825],[76.85131072998041,24.840230941772518],[76.908432006836,24.845092773437557],[76.91269683837919,24.89724159240734],[76.87970733642607,24.945760726928768],[76.86871337890642,24.997510910034123],[76.90976715087896,25.03567123413086],[76.96131134033214,25.05398941040039],[77.00595092773449,25.078569412231502],[77.05494689941412,25.063262939453182],[77.11445617675787,25.069089889526367],[77.16458129882818,25.09856986999523],[77.22083282470703,25.110242843627873],[77.27556610107439,25.11213111877447],[77.32801818847673,25.093400955200195],[77.37516021728521,25.116819381714095],[77.38961029052751,25.168388366699276],[77.4064025878908,25.226291656494254],[77.36203765869146,25.255931854248047],[77.37480163574224,25.30585098266613],[77.35511016845703,25.3643798828125],[77.3543472290039,25.424022674560604],[77.30529785156267,25.43641090393072],[77.25995635986334,25.399459838867188],[77.22113037109403,25.36108016967779],[77.20514678955078,25.311429977417106],[77.15355682373053,25.31324958801281],[77.1081161499024,25.335279464721793],[77.05825805664057,25.321912765503043],[77.01010131835943,25.30154037475586],[76.95874023437517,25.297180175781364],[76.90463256835943,25.317859649658317],[76.85373687744152,25.329711914062557],[76.79527282714861,25.321821212768555],[76.74040222167974,25.34778976440441],[76.68107604980474,25.34547996520996],[76.6362915039063,25.38033103942871],[76.58896636962896,25.43148994445812],[76.55959320068365,25.473260879516715],[76.52854919433622,25.517709732055778],[76.51239776611328,25.57179260253912],[76.51473236083984,25.633678436279354],[76.489067077637,25.68340110778803],[76.51075744628912,25.73001289367687],[76.52931213378935,25.79797172546398],[76.5667800903322,25.839670181274528],[76.61653137207031,25.87125015258789],[76.65656280517607,25.910810470581055],[76.71452331542997,25.900989532470703],[76.76241302490263,25.922069549560604],[76.80631256103516,25.95297813415533],[76.83705139160173,26.002040863037223],[76.85774230957043,26.048561096191406],[76.88777923584001,26.093322753906193],[76.93871307373064,26.106079101562614],[76.98603820800781,26.132352828979606],[77.02388000488293,26.176170349121094],[77.08464050292986,26.187170028686523],[77.11364746093756,26.231359481811637],[77.16493988037126,26.2445011138916],[77.23784637451178,26.26272010803234],[77.28994750976574,26.295591354370174],[77.31804656982416,26.34638023376459],[77.36624908447277,26.37151908874523],[77.43242645263683,26.364999771118164],[77.458999633789,26.411199569702262],[77.5228805541995,26.414911270141715],[77.56912994384771,26.44310951232916],[77.61538696289091,26.466461181640625],[77.66768646240251,26.50831031799322],[77.72099304199224,26.508520126342717],[77.75801849365246,26.55064964294445],[77.81299591064447,26.554809570312557],[77.82543182373064,26.605241775512752],[77.87938690185547,26.62029075622553],[77.9036026000976,26.666179656982536],[77.95355987548857,26.66942024230957],[77.99221801757818,26.70264053344721],[78.04312133789068,26.691062927246207],[78.08650970458979,26.724451065063533],[78.0944213867188,26.783430099487305],[78.14581298828153,26.79173088073742],[78.17955780029325,26.83102035522461],[78.23680114746122,26.831699371337947],[78.28206634521501,26.86408805847168],[78.34120178222673,26.873950958251953],[78.36464691162126,26.86884117126465]]]}},{"type":"Feature","properties":{"name":"Maharashtra"},"geometry":{"type":"MultiPolygon","coordinates":[[[[73.45597076416021,15.889862060547102]]],[[[73.46263885498053,15.890419960021973]]],[[[73.4662475585938,15.895972251892147]]],[[[73.46013641357428,16.04569435119629]]],[[[73.44319152832037,16.10263824462885]]],[[[73.08429718017572,17.818750381469897]]],[[[73.03819274902361,18.052083969116154]]],[[[72.96597290039068,18.3012504577639]]],[[[73.07903289794928,18.310419082641715]]],[[[73.08208465576178,18.32208251953125]]],[[[72.86486053466803,18.635694503784464]]],[[[72.81263732910168,18.706529617309627]]],[[[72.84263610839838,18.708471298217773]]],[[[72.90152740478544,18.964311599731445]]],[[[72.93902587890625,18.972360610961914]]],[[[73.02597045898455,18.999860763549748]]],[[[72.78180694580078,19.13541984558117]]],[[[72.73124694824213,19.46847152709961]]],[[[74.43554687500006,22.030998229980526],[74.44718170166021,21.976270675659123],[74.49340057373058,21.95449066162132],[74.52398681640625,21.91306114196783],[74.51699829101568,21.8564910888673],[74.503646850586,21.80718231201172],[74.51769256591797,21.75889968872076],[74.54940032958984,21.71991920471197],[74.584701538086,21.6841201782226],[74.62784576416021,21.658821105957088],[74.67648315429693,21.646419525146598],[74.72203826904303,21.62445068359375],[74.77197265625017,21.615480422973746],[74.82227325439447,21.61049079895031],[74.86900329589838,21.630390167236442],[74.91680145263678,21.614379882812557],[74.965072631836,21.599201202392578],[75.01341247558594,21.58118820190441],[75.06018829345703,21.55933952331543],[75.08999633789068,21.514331817626953],[75.11509704589861,21.45956039428711],[75.18802642822271,21.427310943603516],[75.24347686767595,21.414939880371207],[75.2996292114259,21.41566085815424],[75.35378265380865,21.393489837646598],[75.40381622314482,21.383779525756893],[75.45443725585938,21.392051696777457],[75.5101318359375,21.387992858886776],[75.55980682373075,21.382261276245174],[75.6089172363283,21.395000457763786],[75.65882110595732,21.382749557495117],[75.713851928711,21.391611099243164],[75.77382659912138,21.386648178100643],[75.83262634277361,21.383300781250114],[75.88212585449224,21.39842987060547],[75.93234252929716,21.39151000976574],[75.98487854003912,21.377178192138672],[76.03459930419922,21.36527061462408],[76.08815002441435,21.369989395141715],[76.12224578857428,21.32163810729992],[76.1498031616211,21.274209976196346],[76.16403198242193,21.2241725921632],[76.16684722900396,21.170721054077205],[76.1143188476562,21.17045974731451],[76.142143249512,21.12107086181635],[76.17727661132812,21.085491180419865],[76.22749328613287,21.091449737548828],[76.2777633666995,21.078029632568473],[76.3348159790039,21.077180862426815],[76.39010620117216,21.08805084228527],[76.4375,21.107589721679688],[76.46897125244146,21.150569915771484],[76.49117279052763,21.197820663452205],[76.54129791259771,21.196290969848633],[76.60562896728544,21.197162628173885],[76.6372833251956,21.23911285400402],[76.64862823486328,21.30004119873047],[76.66841125488281,21.369470596313477],[76.71909332275419,21.400650024414176],[76.75654602050798,21.449928283691406],[76.79180145263666,21.489891052246207],[76.78782653808611,21.540130615234375],[76.79339599609375,21.595172882080078],[76.8477630615235,21.613300323486328],[76.90112304687517,21.600809097289982],[76.97866821289074,21.665979385376033],[77.02333831787138,21.69378089904791],[77.06903839111334,21.721809387207088],[77.12110137939459,21.72534942626953],[77.1714477539063,21.727260589599723],[77.2179794311524,21.698429107666243],[77.26277160644548,21.723630905151424],[77.30889129638666,21.7596492767334],[77.37592315673834,21.75711059570324],[77.42665863037115,21.76040077209484],[77.47547149658209,21.771440505981502],[77.51790618896513,21.72701072692871],[77.54736328125017,21.681560516357422],[77.57132720947294,21.62704086303711],[77.57022857666033,21.575668334960994],[77.53533935546892,21.53904914855957],[77.48400115966797,21.553302764892635],[77.43187713623075,21.54640007019043],[77.4392166137697,21.489322662353516],[77.46975708007818,21.448680877685547],[77.48419189453125,21.398509979248047],[77.53984069824247,21.38117027282709],[77.60148620605469,21.36527061462408],[77.64589691162138,21.393360137939453],[77.69554138183611,21.37775993347168],[77.7464904785158,21.38421058654791],[77.79522705078153,21.403778076171875],[77.84661102294939,21.394109725952262],[77.89904022216797,21.378419876098576],[77.95774841308622,21.401140213012695],[78.00707244873053,21.418411254882756],[78.06371307373053,21.43885993957531],[78.10906219482439,21.46418190002447],[78.1693420410158,21.49850082397461],[78.17273712158203,21.553302764892635],[78.22666931152372,21.55644035339367],[78.26220703125017,21.593759536743107],[78.308822631836,21.57369041442871],[78.36096191406278,21.578298568725643],[78.39904785156256,21.61108016967779],[78.42225646972673,21.563720703125114],[78.43026733398455,21.509162902832145],[78.48040008544922,21.506120681762923],[78.52835083007818,21.524620056152457],[78.57325744628935,21.49850082397461],[78.6209716796875,21.477540969848746],[78.68406677246122,21.481960296630916],[78.73512268066412,21.471410751342773],[78.78462219238281,21.489139556884766],[78.84417724609375,21.48997116088873],[78.89576721191435,21.500568389892578],[78.9044265747072,21.554840087890625],[78.94034576416021,21.593759536743107],[78.99444580078142,21.6187496185305],[79.0429306030274,21.60470962524414],[79.09809875488287,21.60284042358404],[79.13707733154291,21.636850357055607],[79.18618774414068,21.654428482055664],[79.22091674804693,21.696590423584098],[79.27175903320312,21.70903968811041],[79.31733703613281,21.685819625854492],[79.38307952880871,21.6753902435305],[79.44072723388666,21.68223953247076],[79.48963928222662,21.665800094604492],[79.49819183349626,21.612369537353516],[79.53214263916033,21.57298088073736],[79.57614898681635,21.54335975646984],[79.62534332275419,21.554861068725643],[79.68483734130888,21.58069038391136],[79.73262023925781,21.602529525757063],[79.7918167114259,21.581409454345646],[79.841537475586,21.541818618774528],[79.88976287841814,21.523880004882926],[79.93103790283209,21.55561065673828],[79.985580444336,21.536779403686637],[80.03199005126982,21.557558059692383],[80.08201599121111,21.571769714355412],[80.11857604980497,21.608898162841797],[80.16895294189447,21.623201370239315],[80.22058868408214,21.61963081359869],[80.27086639404314,21.610620498657283],[80.3076400756836,21.576740264892805],[80.33967590332031,21.537902832031307],[80.37422943115251,21.501100540161133],[80.40453338623047,21.458610534668082],[80.38990020751959,21.408889770507756],[80.42685699462908,21.373081207275504],[80.47387695312506,21.399320602416992],[80.52420043945318,21.38372039794922],[80.55982971191423,21.34856986999506],[80.60531616210966,21.324310302734432],[80.65653228759783,21.3307723999024],[80.64862060546903,21.280170440673885],[80.61572265625,21.240020751953182],[80.56842803955084,21.21388244628912],[80.51822662353533,21.201080322265852],[80.47490692138672,21.171430587768555],[80.44402313232439,21.130609512329215],[80.44201660156256,21.08060073852539],[80.44325256347656,21.029188156128157],[80.43894195556646,20.971559524536246],[80.46531677246122,20.92728805542015],[80.52641296386719,20.932109832763786],[80.54891204833984,20.868089675903377],[80.55076599121122,20.81546020507824],[80.5455322265625,20.76536941528326],[80.5601882934572,20.71177291870123],[80.53742218017607,20.664020538330078],[80.4896469116211,20.639898300171126],[80.50009918212908,20.586862564086857],[80.55140686035173,20.599079132080192],[80.60256958007818,20.607389450073242],[80.60994720458984,20.556329727172965],[80.60724639892607,20.50391006469738],[80.59468841552734,20.44642066955572],[80.5860214233399,20.395610809326115],[80.61149597167986,20.34934234619135],[80.55158233642578,20.311531066894645],[80.5108261108399,20.269611358642635],[80.45646667480474,20.268909454345817],[80.40902709960943,20.249130249023665],[80.41398620605474,20.1902313232423],[80.3938369750976,20.144020080566463],[80.4441375732423,20.130342483520735],[80.49803161621111,20.138919830322266],[80.54036712646501,20.109832763671875],[80.54522705078136,20.059570312500114],[80.53253936767595,20.003932952881087],[80.53383636474604,19.953029632568416],[80.4804763793947,19.92780113220215],[80.43100738525419,19.940940856933707],[80.46895599365263,19.903360366821346],[80.47103118896496,19.842660903930664],[80.43165588378923,19.810300827026367],[80.47808837890636,19.772409439087028],[80.46916198730497,19.824661254882812],[80.5353775024414,19.818130493164176],[80.55021667480497,19.76455116271984],[80.59033203125017,19.734430313110465],[80.64029693603533,19.712459564208984],[80.66220092773432,19.66258049011236],[80.65685272216791,19.612260818481445],[80.70777130126982,19.610458374023438],[80.7579574584961,19.590171813964957],[80.80922698974638,19.56451034545904],[80.84538269042974,19.529172897338867],[80.889701843262,19.499250411987305],[80.87599945068388,19.44795036315918],[80.825248718262,19.43912124633789],[80.81273651123064,19.38274002075201],[80.80282592773455,19.332281112671012],[80.75974273681646,19.29975128173828],[80.70918273925781,19.28330993652355],[80.67922210693376,19.324140548706055],[80.62549591064459,19.306810379028434],[80.58862304687517,19.344400405883903],[80.5728607177735,19.39842033386236],[80.52612304687506,19.367210388183707],[80.48110198974615,19.3378200531007],[80.44542694091803,19.269889831543196],[80.39684295654325,19.2462100982666],[80.38611602783209,19.195632934570312],[80.34546661376959,19.162910461425838],[80.32968139648443,19.10741996765131],[80.30224609375028,19.055549621582145],[80.27230834960966,18.997440338134822],[80.26531982421892,18.946992874145508],[80.29810333251953,18.90046119689947],[80.33573150634771,18.856119155883903],[80.33470153808588,18.806110382080135],[80.27953338623058,18.767852783203182],[80.26753997802763,18.71796989440918],[80.22000885009771,18.699190139770508],[80.17565155029297,18.675899505615348],[80.12129211425781,18.68120956420904],[80.07470703125028,18.702560424804688],[80.03285980224615,18.74644088745123],[79.98153686523443,18.77428054809576],[79.9319915771485,18.784429550171126],[79.89401245117193,18.830839157104606],[79.93900299072271,18.85889244079584],[79.9413528442384,18.915769577026367],[79.93221282959013,18.97158050537132],[79.93448638916027,19.02169990539545],[79.88111114501982,19.04138946533226],[79.86007690429693,19.090959548950195],[79.90596771240251,19.141788482666072],[79.93525695800793,19.183851242065487],[79.93190002441423,19.259321212768555],[79.96364593505865,19.306539535522575],[79.96652221679693,19.360889434814453],[79.95923614501959,19.42591094970726],[79.9328689575197,19.4691219329834],[79.87822723388683,19.500701904296932],[79.82821655273443,19.537010192871037],[79.7932968139649,19.580089569091797],[79.74032592773449,19.60313987731928],[79.68479156494146,19.57916831970215],[79.62139129638689,19.56509971618675],[79.60243988037138,19.514520645141715],[79.55249786376947,19.520042419433537],[79.49331665039074,19.505191802978572],[79.44126129150419,19.53351020812994],[79.38896942138678,19.548919677734432],[79.34088897705084,19.573770523071346],[79.29323577880871,19.59672164917015],[79.24386596679716,19.612552642822493],[79.23976898193365,19.559480667114485],[79.2157058715822,19.510580062866268],[79.18904113769537,19.458700180053768],[79.14026641845714,19.501110076904297],[79.0966110229495,19.530479431152457],[79.03881835937528,19.544990539550895],[78.98635101318371,19.557050704956055],[78.96562194824219,19.604511260986385],[78.96167755126959,19.658769607543945],[78.90379333496122,19.664558410644645],[78.86347961425787,19.696769714355526],[78.84562683105497,19.758350372314396],[78.78486633300787,19.778749465942383],[78.73184204101568,19.77285003662115],[78.64833831787115,19.801460266113338],[78.5952758789063,19.817350387573185],[78.52626800537115,19.82165908813488],[78.47618865966791,19.81636047363287],[78.40904235839838,19.829860687255973],[78.38497161865263,19.873891830444393],[78.32524108886724,19.890481948852482],[78.2941284179688,19.849550247192383],[78.34136962890642,19.83294105529785],[78.3677368164063,19.781080245971793],[78.34541320800787,19.734422683715934],[78.31606292724615,19.690551757812443],[78.26972198486334,19.66312980651861],[78.308891296387,19.611400604248274],[78.29928588867193,19.561292648315657],[78.29943084716814,19.50412940979004],[78.29733276367205,19.448829650878963],[78.24581146240251,19.42898941040039],[78.19811248779297,19.407449722290096],[78.17959594726557,19.353010177612532],[78.19317626953142,19.302940368652457],[78.18640899658214,19.24934959411621],[78.12670898437511,19.24640274047863],[78.07514190673834,19.2465496063233],[78.03288269042997,19.27411079406744],[77.98549652099615,19.308990478515852],[77.94062805175798,19.34250068664545],[77.89325714111357,19.3211612701416],[77.90570831298828,19.26721954345726],[77.862289428711,19.233961105346737],[77.85839080810541,19.180772781372013],[77.83109283447294,19.135652542114315],[77.84218597412104,19.08677101135254],[77.7935333251956,19.071210861206055],[77.75739288330084,19.028551101684513],[77.78150939941435,18.976320266723633],[77.82739257812506,18.94572067260748],[77.86926269531244,18.910320281982536],[77.89920043945341,18.86792755126953],[77.94413757324224,18.842290878296012],[77.85922241210938,18.81406021118164],[77.8231811523438,18.768501281738395],[77.80222320556646,18.716119766235465],[77.7499084472658,18.697830200195312],[77.73011016845709,18.6481227874757],[77.74716186523466,18.589080810546875],[77.68274688720703,18.5408096313476],[77.62906646728521,18.550640106201172],[77.58706665039068,18.509849548339957],[77.56040191650396,18.4674911499024],[77.5259399414062,18.42735099792486],[77.53050231933622,18.37577056884777],[77.55335998535168,18.331222534179688],[77.50950622558622,18.306730270385685],[77.4748077392581,18.262290954589957],[77.43461608886736,18.292980194091797],[77.3812866210938,18.305950164794922],[77.39824676513678,18.353530883789062],[77.3697509765625,18.400709152221793],[77.35407257080107,18.44874191284191],[77.30226135253923,18.4384708404541],[77.25836181640625,18.410419464111442],[77.23081207275396,18.36557960510254],[77.20997619628912,18.313741683960075],[77.17053222656256,18.280870437622013],[77.14768981933622,18.221401214599723],[77.0955429077149,18.195100784301758],[77.06910705566435,18.149440765380916],[77.021713256836,18.178220748901367],[76.97090148925776,18.186861038208008],[76.92536926269548,18.144819259643555],[76.95857238769531,18.106430053710994],[76.94844818115251,18.048660278320426],[76.91816711425787,18.00187110900879],[76.91322326660162,17.937208175659237],[76.8832092285158,17.89707946777338],[76.83175659179693,17.89067268371582],[76.77456665039068,17.87696075439476],[76.78816986084013,17.82647132873541],[76.74887847900419,17.786350250244084],[76.7265014648438,17.740369796752987],[76.6908721923831,17.701940536499023],[76.637435913086,17.72410964965826],[76.60951232910173,17.765979766845703],[76.59324645996088,17.71755981445324],[76.56754302978533,17.76288986206049],[76.52503967285162,17.734672546386946],[76.48562622070324,17.69269943237299],[76.45153808593744,17.651510238647575],[76.41818237304705,17.60583114624046],[76.3594818115235,17.596292495727653],[76.3400268554688,17.5425701141358],[76.34594726562506,17.491598129272518],[76.3336563110351,17.432292938232536],[76.3619995117188,17.375080108642692],[76.41050720214872,17.354139328003043],[76.38170623779325,17.311809539794865],[76.34361267089861,17.349931716918945],[76.29589843749994,17.328638076782454],[76.25,17.357900619506893],[76.19320678710943,17.35859107971214],[76.17575836181658,17.297210693359318],[76.14566802978521,17.347932815551815],[76.09596252441435,17.357812881469783],[76.03666687011747,17.348962783813477],[75.98071289062506,17.336200714111442],[75.93115234375011,17.32411003112793],[75.89198303222656,17.360799789428768],[75.89025878906267,17.413600921630973],[75.83889007568354,17.420541763305664],[75.81505584716791,17.37384986877464],[75.76976776123053,17.406841278076172],[75.71517944335943,17.408931732177734],[75.6808166503908,17.453971862793082],[75.63558959960938,17.47751045227045],[75.61543273925787,17.422029495239258],[75.58371734619158,17.38220024108898],[75.61604309082037,17.328760147094727],[75.63109588623053,17.279848098754996],[75.66281890869169,17.22793960571289],[75.6306991577149,17.186161041259766],[75.64871215820341,17.138801574707088],[75.67848968505854,17.09417152404785],[75.64787292480474,17.04657173156744],[75.67053985595703,16.9988307952882],[75.64962768554699,16.951999664306697],[75.60965728759783,16.998939514160156],[75.57034301757807,16.963621139526367],[75.51700592041021,16.951932907104435],[75.4685897827149,16.979570388794002],[75.41683197021501,16.969499588012752],[75.3643569946289,16.963609695434684],[75.30612945556669,16.954669952392635],[75.29177856445318,16.90113830566412],[75.25797271728533,16.86213111877447],[75.188285827637,16.840890884399414],[75.14112854003918,16.87354087829584],[75.09796905517584,16.913869857788143],[75.05078887939453,16.939661026000977],[74.99954223632818,16.941898345947322],[74.94834136962919,16.93581962585472],[74.964096069336,16.87788009643549],[74.91195678710955,16.85593986511242],[74.91586303710943,16.785680770874023],[74.85497283935553,16.770769119262752],[74.80410766601574,16.750762939453068],[74.75614166259783,16.729629516601562],[74.70783233642572,16.713090896606445],[74.67173767089855,16.663530349731502],[74.6943130493164,16.61519050598139],[74.64280700683594,16.60677146911621],[74.60484313964838,16.56214141845703],[74.55459594726568,16.59242057800293],[74.51029205322283,16.631450653076115],[74.4647979736331,16.652950286865348],[74.4469833374024,16.600339889526424],[74.4021606445313,16.574729919433594],[74.38543701171886,16.527402877807617],[74.34020233154303,16.550132751464844],[74.32145690917986,16.502670288085938],[74.28431701660162,16.543092727661076],[74.25570678710943,16.496770858764705],[74.29643249511719,16.466711044311467],[74.34246063232428,16.442329406738224],[74.3678207397461,16.39846992492687],[74.32762908935553,16.368110656738395],[74.34001159667974,16.316930770874137],[74.3370513916015,16.265720367431868],[74.3800659179688,16.29350090026867],[74.42082214355486,16.263879776000977],[74.47318267822277,16.2385196685791],[74.51329803466797,16.20122909545904],[74.48996734619152,16.14722251892084],[74.49263000488293,16.095539093017578],[74.43795013427729,16.1081600189209],[74.39724731445318,16.078388214111328],[74.44803619384794,16.052400588989258],[74.4496688842774,15.998531341552791],[74.41226959228521,15.925200462341422],[74.39919281005888,15.874349594116211],[74.34453582763689,15.85205078125],[74.37400817871122,15.810441017150993],[74.35093688964872,15.763360023498535],[74.29216766357433,15.739311218261719],[74.23898315429716,15.75214004516613],[74.1711502075197,15.749950408935604],[74.13062286376964,15.7179212570191],[74.10624694824247,15.670640945434684],[74.08055114746111,15.626170158386458],[74.0279312133789,15.604599952697868],[73.98142242431646,15.625031471252555],[73.9721984863283,15.676692008972225],[73.95082092285156,15.723229408264217],[73.88590240478527,15.747261047363395],[73.86548614501959,15.797529220581112],[73.83846282958979,15.748830795288086],[73.79321289062511,15.723660469055233],[73.74102020263672,15.718721389770621],[73.68530273437494,15.725871086120605],[73.6609725952149,15.769584655761832],[73.63764190673845,15.814029693603516],[73.61235809326178,15.857639312744084],[73.59097290039068,15.9037513732913],[73.5476379394533,15.929031372070426],[73.50319671630876,15.952920913696403],[73.48930358886724,16.002361297607706],[73.46819305419933,16.047920227050952],[73.46069335937506,16.097360610962085],[73.45067596435575,16.146530151367358],[73.43791961669916,16.195972442627067],[73.41986083984392,16.24402999877941],[73.4065170288086,16.292919158935547],[73.38652801513678,16.3387508392334],[73.37014007568365,16.387920379638672],[73.35847473144537,16.43708419799799],[73.33625030517607,16.48208427429205],[73.31597137451178,16.52819442749029],[73.36402893066412,16.513196945190543],[73.39402770996122,16.553750991821403],[73.34458160400396,16.565416336059513],[73.35180664062506,16.615680694580078],[73.3323593139649,16.66263961792015],[73.31652832031256,16.710700988769474],[73.30541992187517,16.76069450378418],[73.32235717773455,16.80792045593256],[73.28791809082037,16.84486389160179],[73.30874633789091,16.890420913696232],[73.28708648681658,16.93597030639671],[73.29430389404291,16.985971450805607],[73.25736236572266,17.02042007446289],[73.30680847167974,17.034030914306697],[73.28402709960955,17.07902908325201],[73.27097320556652,17.127361297607365],[73.25763702392607,17.175691604614315],[73.24375152587885,17.22430992126459],[73.22070312500017,17.268749237060547],[73.24153137207031,17.315139770507756],[73.21595764160173,17.358190536498967],[73.17597198486334,17.38847160339367],[73.19431304931669,17.435140609741268],[73.18708038330107,17.484861373901367],[73.16291809082048,17.52874946594244],[73.1668090820313,17.578750610351562],[73.13513946533209,17.618471145630053],[73.12124633789074,17.666530609130973],[73.1345825195313,17.714860916137923],[73.11875152587896,17.762920379638672],[73.0962524414063,17.80792045593273],[73.08430480957026,17.856527328491268],[73.0565185546875,17.89820289611822],[73.08625030517595,17.938751220703352],[73.03624725341797,17.936805725097656],[73.03347015380865,17.9868106842041],[73.03874969482439,18.036809921264762],[72.99153137207037,18.0534725189209],[72.98400878906267,18.102920532226562],[72.98569488525385,18.153472900390625],[72.97374725341803,18.20208358764654],[72.94040679931646,18.23986053466797],[72.99041748046903,18.244583129882756],[73.0409698486331,18.235694885253906],[73.05569458007807,18.18708419799799],[73.08039855957037,18.231252670288086],[73.0629196166995,18.27819442749029],[73.08735656738276,18.322359085083065],[73.04125213623064,18.30264091491705],[72.99708557128918,18.27819442749029],[72.95958709716814,18.311531066894474],[72.92680358886736,18.349306106567496],[72.91179656982428,18.397090911865178],[72.90291595458979,18.446529388427734],[72.90402984619169,18.497919082641715],[72.92846679687494,18.541810989379826],[72.90569305419928,18.586805343628157],[72.88484954834001,18.632642745971964],[72.86152648925776,18.67791938781744],[72.86429595947271,18.731809616088924],[72.86374664306646,18.781810760498217],[72.91430664062528,18.792079925537223],[72.96430206298857,18.794309616088867],[72.9820861816408,18.841249465942326],[72.93264007568388,18.849306106567383],[72.90847015380876,18.89708328247093],[72.9573593139649,18.908193588257063],[72.9468078613283,18.95736122131376],[72.99623870849626,18.96846961975092],[73.00180816650396,19.0181941986084],[72.97598266601562,19.06153106689453],[72.9473648071289,19.020416259765852],[72.90458679199247,18.994028091430607],[72.85624694824219,18.97846984863287],[72.8440246582033,18.92986106872553],[72.80986022949236,18.892360687255916],[72.823471069336,18.941530227661246],[72.81124877929693,18.990148544311523],[72.83763885498075,19.03292274475109],[72.82624816894531,19.082361221313477],[72.81291961669939,19.13097381591797],[72.83097076416044,19.177640914916992],[72.79513549804716,19.14069366455078],[72.79596710205095,19.191249847412223],[72.82291412353521,19.233472824096793],[72.79207611084013,19.19403266906761],[72.78041839599638,19.243194580078352],[72.7843093872072,19.293750762939453],[72.78708648681669,19.34403038024908],[72.7593078613283,19.38569641113287],[72.75375366210932,19.43597030639677],[72.76790618896501,19.484029769897518],[72.73707580566412,19.523469924927042],[72.71819305419928,19.56986045837408],[72.72736358642584,19.6209716796875],[72.71013641357439,19.667921066284237],[72.70318603515653,19.71763992309593],[72.68763732910156,19.766809463501204],[72.67680358886724,19.815696716308764],[72.6809692382813,19.865692138671875],[72.67763519287138,19.916250228882063],[72.7004165649414,19.960969924926985],[72.7470932006836,19.942361831664982],[72.72069549560553,19.98597145080572],[72.71514129638678,20.036251068115178],[72.7273559570313,20.08542060852045],[72.73735809326166,20.13541984558111],[72.78761291503912,20.13008117675787],[72.8341674804688,20.14973068237316],[72.84613800048828,20.203569412231502],[72.89984130859403,20.22167015075695],[72.95101928710955,20.21598052978527],[72.9860382080081,20.176549911499023],[72.97962951660173,20.12529945373535],[73.02468109130865,20.096300125122013],[73.07823181152361,20.09527015686041],[73.12612152099626,20.07809066772461],[73.17539215087896,20.05805015563959],[73.21393585205084,20.090641021728516],[73.23264312744152,20.140600204467887],[73.28347015380876,20.145759582519588],[73.29487609863276,20.196210861206055],[73.34806060791044,20.199050903320256],[73.39807891845703,20.19600105285656],[73.42032623291027,20.242280960083065],[73.43076324462896,20.298049926757756],[73.42343139648432,20.35209083557129],[73.39550781250006,20.398019790649528],[73.43585968017595,20.43606948852539],[73.46523284912126,20.484159469604435],[73.49729919433611,20.536222457885685],[73.48081970214872,20.58359909057623],[73.433822631836,20.614719390869254],[73.43991851806646,20.664840698242188],[73.45868682861357,20.714319229125977],[73.49722290039091,20.6809597015382],[73.55365753173857,20.655330657959098],[73.60275268554705,20.63786125183117],[73.63506317138678,20.591659545898494],[73.68136596679688,20.56767082214367],[73.73766326904303,20.573989868164176],[73.78705596923834,20.60225868225109],[73.83828735351562,20.61576080322277],[73.84535217285156,20.667070388794173],[73.8772811889649,20.72133064270014],[73.92756652832048,20.73044013977062],[73.93811798095709,20.78967094421398],[73.94509887695312,20.840131759643555],[73.9273223876956,20.899110794067383],[73.89501953125006,20.94013977050787],[73.87268829345709,20.990730285644588],[73.82050323486357,20.995040893554688],[73.76944732666033,21.0145206451416],[73.74373626708984,21.064161300659293],[73.75260925292997,21.11408996582037],[73.69338989257818,21.10099029541027],[73.64546203613281,21.122959136962947],[73.6049194335938,21.155059814453125],[73.67150878906256,21.145139694213924],[73.72235107421892,21.139240264892692],[73.77966308593761,21.164552688598746],[73.82917785644548,21.18234062194847],[73.8274765014649,21.23314094543457],[73.87174224853521,21.267379760742188],[73.92354583740234,21.281019210815543],[73.95195770263666,21.33060073852539],[73.95562744140642,21.39001083374046],[74.0054779052735,21.411830902099553],[74.05251312255876,21.42995071411127],[74.06642913818376,21.47930145263672],[74.106986999512,21.448120117187614],[74.15847015380871,21.453081130981502],[74.20880889892584,21.460140228271484],[74.25949859619146,21.46426963806158],[74.30776214599615,21.480119705200195],[74.33551788330072,21.540229797363338],[74.28713226318376,21.555629730224723],[74.23705291748058,21.549850463867188],[74.18725585937506,21.556062698364315],[74.13677215576166,21.556230545043945],[74.08592987060553,21.55758285522461],[74.02555847167997,21.552619934082088],[73.98568725585966,21.52136039733881],[73.93377685546886,21.523590087890682],[73.88662719726568,21.504680633545036],[73.84015655517607,21.53690910339361],[73.82450103759794,21.598289489746037],[73.86025238037126,21.641847610473633],[73.89636230468756,21.700281143188704],[73.85633087158209,21.73464012145996],[73.83837890625006,21.78413009643566],[73.8279266357423,21.834859848022518],[73.8796005249024,21.83864021301281],[73.93636322021501,21.86314964294445],[74.00489044189459,21.89936065673851],[74.05642700195324,21.926410675048942],[74.11364746093761,21.944700241088924],[74.16404724121088,21.949399948120117],[74.20855712890625,21.925870895385856],[74.25885772705078,21.932851791381836],[74.29910278320312,21.9625701904298],[74.34749603271513,21.97565078735346],[74.38366699218756,22.011751174926985],[74.43554687500006,22.030998229980526]]]]}},{"type":"Feature","properties":{"name":"Manipur"},"geometry":{"type":"Polygon","coordinates":[[[94.57723236084013,25.648330688476676],[94.55957031250017,25.59411048889166],[94.56347656250011,25.5396728515625],[94.58719635009766,25.492450714111328],[94.63297271728516,25.465658187866268],[94.6822967529298,25.456590652465877],[94.6587982177735,25.40951538085949],[94.62760925292963,25.362070083618278],[94.60957336425787,25.31352043151867],[94.59716796875006,25.256961822509993],[94.5920867919923,25.205480575561523],[94.63813781738298,25.181560516357422],[94.68718719482422,25.157871246337834],[94.73581695556658,25.142829895019588],[94.74814605712919,25.089899063110465],[94.74501037597662,25.039478302001953],[94.71318817138678,24.99369049072277],[94.71907043457037,24.942470550537166],[94.69209289550781,24.899862289428654],[94.65608978271501,24.862850189208984],[94.63478851318365,24.814760208129883],[94.62504577636724,24.75402069091797],[94.59098815917963,24.71092987060547],[94.55074310302729,24.674919128418026],[94.52079772949213,24.616790771484432],[94.47828674316406,24.57905006408714],[94.44547271728516,24.5314884185791],[94.4089813232423,24.489631652831974],[94.40748596191435,24.431221008300895],[94.36534118652372,24.399679183960018],[94.35573577880865,24.346481323242244],[94.32798767089844,24.292430877685604],[94.30377960205095,24.245481491088867],[94.28444671630888,24.191619873047102],[94.25798797607422,24.14294815063488],[94.25969696044922,24.089559555053825],[94.23159790039074,24.021480560302678],[94.20130157470732,23.977968215942383],[94.17077636718778,23.93509292602539],[94.16503906250028,23.864860534668026],[94.11479187011719,23.852451324463004],[94.08545684814459,23.893180847168082],[94.03794097900396,23.92056083679205],[93.98158264160185,23.93325996398937],[93.9263763427735,23.955410003662166],[93.8770217895509,23.946880340576286],[93.82821655273466,23.93140029907238],[93.79354858398438,23.967510223388672],[93.75694274902361,24.009492874145565],[93.7061309814456,24.006439208984432],[93.65497589111334,24.00998115539545],[93.61225891113287,23.977148056030273],[93.56353759765642,23.989578247070312],[93.52416992187528,23.954730987548828],[93.47220611572266,23.970680236816406],[93.4532623291015,24.022850036621207],[93.42473602294928,24.07171058654791],[93.37046051025419,24.092229843139762],[93.33737182617193,24.05340003967291],[93.28536987304716,24.046520233154297],[93.24801635742216,24.08533859252941],[93.19825744628906,24.052499771118278],[93.15846252441412,24.083818435668945],[93.11231231689459,24.055191040039062],[93.07949066162115,24.102970123291016],[93.02729797363293,24.103639602661076],[92.97637939453153,24.11482048034668],[93.00544738769548,24.160610198974666],[93.02229309082037,24.210060119628906],[93.00673675537138,24.26279067993164],[93.03523254394531,24.318399429321232],[93.02208709716803,24.37421989440918],[93.03215026855486,24.428859710693473],[93.04572296142578,24.481819152831974],[93.05130004882818,24.537189483642692],[93.09622955322283,24.58022117614746],[93.08930206298857,24.63389015197754],[93.09320068359392,24.68408012390148],[93.10441589355469,24.73686981201172],[93.10558319091814,24.788370132446232],[93.157241821289,24.79231071472168],[93.19728851318354,24.833881378173828],[93.22908782958996,24.877300262451115],[93.25019836425787,24.930080413818473],[93.25152587890625,24.98142051696783],[93.25984954833979,25.032070159912166],[93.304252624512,25.056030273437727],[93.33577728271484,25.095840454101562],[93.35101318359403,25.144540786743164],[93.36222076416027,25.195608139038143],[93.38710021972673,25.242391586303825],[93.42331695556635,25.277910232544002],[93.47402191162138,25.309280395507812],[93.50417327880888,25.25338172912592],[93.55471038818388,25.250528335571232],[93.59197998046892,25.213909149170036],[93.63809204101562,25.250398635864258],[93.66561126708984,25.2984294891358],[93.69145202636747,25.34741973876953],[93.73100280761736,25.380371093749943],[93.76441955566412,25.418130874633903],[93.8024291992188,25.460409164428825],[93.76579284667974,25.499900817871207],[93.80784606933594,25.544519424438533],[93.86223602294939,25.55752944946289],[93.91709136962919,25.566720962524528],[93.97264862060547,25.561180114746037],[94.01039886474604,25.595399856567383],[94.06469726562511,25.56637001037592],[94.10607910156256,25.52890014648449],[94.15287780761713,25.54784011840843],[94.1992492675783,25.522769927978516],[94.25205993652338,25.49907112121582],[94.3026428222658,25.494632720947322],[94.36466979980474,25.5214900970459],[94.41089630126982,25.543518066406307],[94.43002319335938,25.592721939086914],[94.47403717041044,25.621641159057617],[94.52419281005888,25.6434326171875],[94.56507873535173,25.680820465088004],[94.57723236084013,25.648330688476676]]]}},{"type":"Feature","properties":{"name":"Meghalaya"},"geometry":{"type":"Polygon","coordinates":[[[91.85383605957037,26.10478973388672],[91.86934661865246,26.056859970092717],[91.91165161132818,26.02383041381836],[91.97817230224626,26.02585029602045],[92.0278930664062,26.039899826049805],[92.07882690429682,26.041780471801815],[92.1331176757813,26.04589080810547],[92.1783065795899,26.079509735107365],[92.22834014892607,26.067640304565657],[92.28073120117193,26.06918907165533],[92.22141265869146,26.002250671386776],[92.1769409179688,25.973100662231502],[92.16017150878912,25.925960540771428],[92.21752929687517,25.909919738769588],[92.18103790283232,25.871620178222713],[92.16308593750028,25.821830749511946],[92.1559677124024,25.764541625976562],[92.14956665039091,25.71450805664074],[92.16976165771513,25.666400909423828],[92.21063995361328,25.695920944213924],[92.26084899902344,25.71034049987793],[92.31150054931669,25.726079940796012],[92.36299896240263,25.73651123046875],[92.41639709472685,25.740499496460018],[92.43213653564459,25.691009521484432],[92.48134613037115,25.663892745971793],[92.51055145263678,25.617200851440373],[92.55724334716814,25.596210479736328],[92.5874786376956,25.552988052368278],[92.63323211669933,25.574790954589844],[92.62760925292986,25.52221107482916],[92.58104705810547,25.495159149169922],[92.60450744628906,25.45019149780279],[92.65428161621094,25.435340881347656],[92.69351959228544,25.399990081787166],[92.74059295654303,25.366781234741154],[92.78246307373047,25.334289550781307],[92.79222106933611,25.28518104553234],[92.77028656005876,25.240200042724666],[92.7333374023438,25.203220367431754],[92.68762207031278,25.182319641113338],[92.64405059814459,25.15117073059082],[92.59842681884783,25.12471008300787],[92.54312896728533,25.13501930236822],[92.4991073608399,25.10814857482933],[92.46750640869169,25.061370849609602],[92.42590332031261,25.031820297241325],[92.37535858154308,25.044361114502067],[92.33853149414068,25.081281661987305],[92.28655242919922,25.079362869262752],[92.23742675781256,25.09884071350109],[92.19309997558611,25.122882843017805],[92.14562988281267,25.144041061401367],[92.10861206054705,25.17929840087902],[92.05644989013683,25.18782043457054],[92.00327301025419,25.186641693115348],[91.95027160644526,25.183980941772518],[91.89733123779303,25.181430816650618],[91.83744812011724,25.182411193847656],[91.78748321533209,25.169620513916072],[91.7380981445313,25.150699615478572],[91.68576049804705,25.136930465698185],[91.63343048095732,25.126630783080998],[91.61741638183622,25.17591094970703],[91.5691909790039,25.159429550171012],[91.51364898681669,25.145349502563533],[91.46215820312528,25.148519515991325],[91.41237640380888,25.16497993469261],[91.35990142822294,25.17015075683605],[91.30771636962908,25.182992935180607],[91.25881195068388,25.198741912841797],[91.20352935791044,25.199762344360465],[91.15251159667974,25.195560455322322],[91.09960174560547,25.197151184082088],[91.04985809326189,25.187540054321403],[90.99781036376959,25.17552185058588],[90.94803619384771,25.165439605712947],[90.89480590820312,25.162801742553768],[90.84342193603544,25.15921974182129],[90.79640960693365,25.17799949645996],[90.7472686767581,25.16751289367687],[90.69535827636724,25.1634902954101],[90.64829254150419,25.181970596313533],[90.59644317626953,25.175670623779297],[90.54535675048845,25.17368125915533],[90.49608612060575,25.16356086730957],[90.44837188720714,25.145519256591797],[90.39743804931652,25.162050247192383],[90.3506927490235,25.184431076049748],[90.29810333251982,25.195430755615348],[90.24806976318365,25.20384025573742],[90.19828033447271,25.213130950927848],[90.14319610595714,25.22507095336914],[90.09240722656256,25.240999221801758],[90.04299926757818,25.265239715576286],[89.99034118652344,25.280820846557617],[89.94371795654325,25.3022403717041],[89.89412689209013,25.29536056518566],[89.84361267089844,25.293050765991268],[89.829643249512,25.345500946045036],[89.82905578613293,25.397871017455998],[89.8466033935548,25.44861030578636],[89.87995910644537,25.488639831543026],[89.87455749511736,25.54156112670904],[89.9260559082033,25.56352996826172],[89.97505187988298,25.58350944519043],[90.01844024658209,25.608390808105696],[89.9469528198245,25.65883064270031],[89.9185028076173,25.702688217163086],[89.93371582031256,25.7525310516358],[89.95199584960955,25.810911178589095],[89.99471282959001,25.838760375976562],[90.01525115966825,25.88862037658697],[90.0633087158206,25.91554832458496],[90.10788726806646,25.950590133667106],[90.1583862304688,25.958259582519645],[90.20844268798857,25.96157264709467],[90.277816772461,25.963172912597713],[90.32905578613298,25.98269844055187],[90.38080596923834,26.01164817810053],[90.42862701416033,25.989040374755973],[90.47728729248047,26.01526069641119],[90.52406311035162,25.969900131225586],[90.5185165405274,25.909400939941463],[90.56324005126947,25.935569763183707],[90.62901306152372,25.9374294281007],[90.68604278564482,25.950809478759766],[90.74028778076189,25.954910278320312],[90.76905059814447,25.908510208129996],[90.80869293212919,25.9471893310548],[90.86960601806658,25.942399978637752],[90.91607666015653,25.915058135986442],[90.96689605712908,25.905330657959098],[91.01373291015653,25.88431930541998],[91.00158691406267,25.8257999420166],[91.0491027832033,25.848808288574162],[91.12078094482422,25.831340789795036],[91.1790161132813,25.842750549316406],[91.18396759033209,25.782590866088867],[91.19198608398443,25.729581832885742],[91.25537109375011,25.74782943725586],[91.29689788818365,25.778249740600586],[91.32498931884777,25.823789596557617],[91.37686920166027,25.844879150390682],[91.43084716796886,25.84776115417492],[91.48303985595709,25.86289978027355],[91.53262329101562,25.884069442749023],[91.47738647460949,25.868722915649414],[91.50853729248047,25.909759521484602],[91.52379608154297,25.959409713745117],[91.5653686523437,26.001840591430664],[91.61654663085938,26.024721145629826],[91.63214111328125,25.970790863037053],[91.64791870117216,25.91374015808111],[91.70197296142595,25.937929153442326],[91.72116851806669,26.001840591430664],[91.73295593261724,26.05102920532238],[91.77851867675787,26.091249465942496],[91.82655334472662,26.118141174316406],[91.85383605957037,26.10478973388672]]]}},{"type":"Feature","properties":{"name":"Mizoram"},"geometry":{"type":"Polygon","coordinates":[[[92.80079650878923,24.419050216674805],[92.8327026367188,24.376369476318416],[92.87819671630854,24.39888954162592],[92.93570709228521,24.395540237426815],[92.98542785644548,24.407560348510685],[93.02011108398438,24.365972518921012],[93.02391815185541,24.300741195678825],[93.01803588867205,24.23637008666998],[93.0109176635745,24.182212829589844],[92.98941040039062,24.13178062438965],[93.03029632568365,24.100830078125227],[93.08522796630865,24.090351104736328],[93.12937164306669,24.06408119201666],[93.17838287353544,24.05409622192377],[93.22525024414068,24.073961257934627],[93.25670623779303,24.028810501098746],[93.31254577636736,24.054130554199332],[93.34031677246122,24.012430191040153],[93.35587310791021,23.961259841919173],[93.39871978759766,23.93028068542486],[93.39544677734403,23.876701354980526],[93.39916229248053,23.82421112060547],[93.4042282104495,23.768989562988395],[93.41551971435564,23.71809959411621],[93.43611907959001,23.67178916931158],[93.43271636962908,23.618761062622184],[93.42397308349615,23.569351196289062],[93.4111633300783,23.51325035095215],[93.40141296386736,23.45697975158697],[93.40390777587908,23.40166854858404],[93.3716201782226,23.359790802002067],[93.3776473999024,23.306552886963004],[93.37841796875006,23.256130218505916],[93.38659667968756,23.201980590820256],[93.37394714355486,23.15030097961437],[93.36308288574236,23.10007095336914],[93.3406372070313,23.05519104003912],[93.30616760253935,23.01365089416504],[93.2531967163086,23.006481170654524],[93.22017669677729,23.045200347900618],[93.1678314208985,23.049020767212028],[93.13021087646501,23.006450653076172],[93.14882659912138,22.956470489501953],[93.13522338867193,22.9072208404541],[93.12084960937517,22.85479164123541],[93.102836608887,22.79214286804222],[93.10916137695341,22.737819671630803],[93.10688781738276,22.68629074096691],[93.11689758300787,22.63512039184593],[93.14560699462885,22.586122512817496],[93.11599731445341,22.540470123291016],[93.13777923583979,22.49509048461914],[93.17542266845703,22.451320648193473],[93.19551086425787,22.403301239013672],[93.19998168945312,22.34361839294428],[93.20108795166044,22.291990280151367],[93.17093658447294,22.249700546264876],[93.16677093505854,22.1943416595459],[93.11717987060541,22.201330184936467],[93.05977630615229,22.203952789306584],[93.05082702636719,22.1501407623291],[93.06556701660162,22.102052688598576],[93.01326751709001,22.1022109985351],[92.99996948242193,22.050380706787223],[93.01014709472685,21.995780944824162],[92.96656799316406,22.027120590210018],[92.92479705810547,21.987110137939453],[92.88574218750006,22.021520614624023],[92.86328125000028,22.06762123107916],[92.81709289550787,22.095569610595817],[92.76925659179716,22.115840911865178],[92.71788787841803,22.152629852295036],[92.69713592529308,22.09930992126465],[92.68667602539091,22.050010681152344],[92.64929962158232,22.00341415405296],[92.60426330566435,22.025320053100586],[92.5958099365235,22.077390670776367],[92.57187652587885,22.124828338623047],[92.61406707763689,22.15513038635254],[92.60132598876959,22.205120086669922],[92.59767913818376,22.257150650024414],[92.58743286132818,22.317480087280387],[92.57473754882807,22.3670597076416],[92.56212615966825,22.426109313964844],[92.5531997680664,22.481111526489258],[92.54688262939447,22.530740737915266],[92.54019927978544,22.581361770629996],[92.53404998779308,22.635690689087028],[92.52156829834001,22.687820434570312],[92.50434112548857,22.735540390014933],[92.48252105712896,22.78170013427757],[92.45842742919939,22.826370239258097],[92.45108032226574,22.876888275146655],[92.42037963867216,22.917190551757926],[92.37577819824247,22.93988990783697],[92.38304138183588,22.990970611572266],[92.3904571533206,23.041830062866268],[92.3772659301759,23.090391159057617],[92.36627197265625,23.142459869384993],[92.36202239990263,23.194709777832145],[92.38342285156244,23.239910125732422],[92.39003753662115,23.290380477905558],[92.38114929199219,23.3413028717041],[92.36338806152372,23.389060974121207],[92.3400268554688,23.43425941467308],[92.32563781738276,23.485889434814396],[92.3138198852539,23.537601470947436],[92.30586242675781,23.591262817382756],[92.28373718261719,23.637920379638842],[92.29593658447283,23.686859130859375],[92.26634979248064,23.738727569580135],[92.26374053955084,23.791650772094727],[92.27392578125028,23.84165954589872],[92.31957244873064,23.865200042724666],[92.3293914794923,23.918859481811808],[92.31262969970732,23.970211029052734],[92.31833648681669,24.02259063720703],[92.32364654541021,24.073289871215934],[92.32824707031261,24.124591827392635],[92.32993316650396,24.174650192260856],[92.31375122070324,24.222900390625227],[92.37652587890653,24.251310348511026],[92.4185180664062,24.221649169921818],[92.43445587158209,24.174140930175895],[92.46597290039091,24.134750366211165],[92.50488281250028,24.16731071472168],[92.54147338867193,24.206228256225643],[92.58184051513689,24.245359420776595],[92.61904144287126,24.28132057189947],[92.62428283691435,24.332651138305778],[92.67478179931646,24.349800109863395],[92.70742034912115,24.392410278320312],[92.73053741455107,24.452751159668026],[92.7545013427735,24.501119613647518],[92.78987884521479,24.45607948303234],[92.80079650878923,24.419050216674805]]]}},{"type":"Feature","properties":{"name":"Nagaland"},"geometry":{"type":"Polygon","coordinates":[[[95.21444702148449,26.936950683593693],[95.23385620117193,26.89084053039545],[95.18450164794933,26.864830017089957],[95.206840515137,26.811691284179858],[95.22408294677751,26.76172256469738],[95.23610687255876,26.7122097015382],[95.219482421875,26.660650253295955],[95.17431640625017,26.634180068969727],[95.15622711181646,26.586811065673942],[95.11479187011736,26.54800033569336],[95.09599304199224,26.498479843139705],[95.06630706787104,26.456779479980696],[95.1086730957033,26.42373085021967],[95.1345825195312,26.37568283081066],[95.1287460327149,26.325349807739258],[95.12069702148455,26.27487182617199],[95.13320922851591,26.22564125061041],[95.12298583984392,26.17633819580078],[95.12088775634783,26.121999740600813],[95.16591644287126,26.099010467529297],[95.16519165039068,26.04455947875988],[95.13154602050781,26.000101089477482],[95.09335327148466,25.96148109436041],[95.04489898681669,25.934789657592717],[95.02217102050787,25.887540817260742],[95.034233093262,25.833890914916935],[95.04550170898466,25.782791137695426],[95.0188827514649,25.73846817016596],[94.97991943359375,25.701892852783203],[94.93757629394531,25.669031143188477],[94.92090606689464,25.61483192443842],[94.90499114990251,25.56711006164562],[94.85301208496105,25.56330108642578],[94.82533264160162,25.52094078063965],[94.78452301025396,25.49017906188959],[94.73088836669928,25.474700927734432],[94.68242645263678,25.45973014831543],[94.6253433227539,25.469089508056697],[94.57459259033197,25.505229949951172],[94.56137847900402,25.560510635375977],[94.5728225708009,25.61131286621105],[94.58204650878906,25.660610198974723],[94.53154754638672,25.65012931823736],[94.49341583251959,25.614330291748047],[94.44428253173857,25.596010208129883],[94.42027282714872,25.542650222778377],[94.36466979980474,25.5214900970459],[94.31353759765625,25.49447059631342],[94.25726318359392,25.503419876098746],[94.20690155029314,25.511640548706282],[94.16790771484403,25.547010421752873],[94.10607910156256,25.52890014648449],[94.06469726562511,25.56637001037592],[94.01473236083996,25.59613037109375],[93.97264862060547,25.561180114746037],[93.91932678222662,25.564029693603572],[93.86223602294939,25.55752944946289],[93.80784606933594,25.544519424438533],[93.76428985595714,25.51548194885254],[93.8138885498048,25.48472976684576],[93.78810882568365,25.435880661010742],[93.74666595459001,25.40571022033697],[93.71804046630876,25.361600875854606],[93.67207336425798,25.32871055603033],[93.65161895751947,25.279020309448356],[93.62114715576189,25.224912643432617],[93.57076263427734,25.232450485229606],[93.5206069946289,25.248781204223746],[93.47675323486345,25.279039382934798],[93.45670318603516,25.325260162353572],[93.47821807861357,25.379882812500057],[93.46186828613298,25.4346981048584],[93.40291595458984,25.459182739257812],[93.37181854248041,25.50113105773937],[93.335746765137,25.54541015625],[93.37648773193365,25.57731056213379],[93.41227722167986,25.6136798858642],[93.45935821533197,25.63312911987316],[93.50208282470697,25.662019729614315],[93.53797912597673,25.703199386596793],[93.57006072998053,25.751739501953125],[93.62232971191412,25.779830932617188],[93.64849090576178,25.823970794677734],[93.69377136230463,25.84724998474121],[93.68582916259766,25.9049396514892],[93.73645019531261,25.930538177490178],[93.77301788330084,25.966020584106445],[93.79630279541021,25.918191909790266],[93.78578186035162,25.866899490356502],[93.7913208007813,25.816030502319393],[93.83274078369146,25.85625076293968],[93.8827362060548,25.845909118652457],[93.91590118408209,25.887662887573185],[93.9691696166995,25.911422729492188],[93.9560089111331,25.97418975830078],[93.96312713623064,26.033351898193303],[93.98602294921892,26.083568572998047],[93.99075317382807,26.133871078491325],[94.00876617431646,26.18053054809576],[94.0404663085938,26.223510742187727],[94.07601928710938,26.269239425659407],[94.10447692871111,26.322040557861385],[94.15453338623058,26.339981079101562],[94.17909240722662,26.388721466064453],[94.18654632568365,26.46051025390625],[94.22361755371122,26.50057029724121],[94.26257324218767,26.54394912719721],[94.29023742675798,26.495969772338867],[94.34340667724638,26.49003982543951],[94.39141082763678,26.53282928466797],[94.41484832763678,26.583280563354435],[94.45452117919928,26.639020919799805],[94.49279785156267,26.67225265502941],[94.54087066650408,26.709632873535156],[94.59240722656256,26.70273017883312],[94.64028930664068,26.723970413208008],[94.6914825439456,26.73575973510748],[94.73651123046903,26.767410278320312],[94.78563690185553,26.79857063293457],[94.81669616699219,26.84147071838379],[94.85153198242182,26.881340026855526],[94.88154602050781,26.926710128784407],[94.92816162109386,26.952100753784237],[94.97425842285162,26.927602767944336],[95.02855682373047,26.932510375976676],[95.08686065673857,26.952741622924748],[95.1263809204101,26.986909866333065],[95.1955184936524,27.042949676513672],[95.19519805908232,26.989990234375],[95.21444702148449,26.936950683593693]]]}},{"type":"Feature","properties":{"name":"Orissa"},"geometry":{"type":"MultiPolygon","coordinates":[[[[84.76985931396479,19.105972290039233]]],[[[84.75653076171892,19.110971450805835]]],[[[84.78319549560575,19.110971450805835],[84.73021697998064,19.089305877685547],[84.77707672119169,19.107349395752067],[84.78319549560575,19.110971450805835]]],[[[86.24055480957037,19.90944671630865]]],[[[86.3724975585938,19.954444885254134]]],[[[86.38694763183611,19.96277618408203]]],[[[86.3924865722658,19.966108322143498]]],[[[86.36860656738276,19.973890304565714]]],[[[86.3211059570312,19.988059997558707]]],[[[86.32138824462896,19.998889923095874]]],[[[86.33557128906278,19.990829467773438]]],[[[86.31042480468744,20.016246795654467]]],[[[86.25305175781267,20.025279998779524]]],[[[86.4108505249024,20.01832962036127]]],[[[86.27249908447283,20.024444580078352]]],[[[86.3202743530274,20.029443740844954]]],[[[86.3150024414062,20.031669616699446]]],[[[86.26583099365251,20.033611297607592]]],[[[86.30999755859403,20.040832519531307]]],[[[86.30055236816423,20.042499542236612]]],[[[86.42639160156244,20.038610458374194]]],[[[86.29499816894548,20.049722671508903]]],[[[86.27027893066412,20.058057785034123]]],[[[86.26335144042986,20.058059692382926]]],[[[86.43722534179716,20.05944442749046]]],[[[86.49111175537126,20.14972305297863]]],[[[86.50166320800787,20.175840377807845]]],[[[86.55297088623053,20.205270767211914]]],[[[86.79166412353516,20.373611450195312]]],[[[86.79390716552763,20.37993049621599]]],[[[86.79305267333984,20.38417053222679]]],[[[86.80278015136719,20.420833587646484]]],[[[86.7897262573245,20.387609481811637]]],[[[86.80272674560547,20.45947265625]]],[[[86.80527496337896,20.491945266723633]]],[[[86.87416076660162,20.673610687256087]]],[[[86.7980575561524,20.691942214965934]]],[[[87.00302124023455,20.710790634155273]]],[[[87.00851440429682,20.708122253417912]]],[[[87.05751037597685,20.744358062744197]]],[[[87.07055664062517,20.73621368408203]]],[[[87.09083557128912,20.75752067565918]]],[[[86.87065124511736,20.771778106689453],[86.92189788818388,20.768329620361328],[86.97303009033232,20.770282745361555],[87.00527954101557,20.731391906738224],[86.95793151855497,20.714443206787166],[86.90862274169939,20.70425033569336],[86.86918640136724,20.673450469970987],[86.87833404541021,20.722778320312614],[86.8602828979495,20.675281524658203],[86.81015014648432,20.676906585693473],[86.82055664062506,20.725833892822266],[86.8441772460938,20.77139282226591],[86.87065124511736,20.771778106689453]]],[[[86.87527465820318,20.775833129882756]]],[[[86.86499023437506,20.78111076354992]]],[[[86.98416900634766,20.782222747802678]]],[[[86.94812774658209,20.784570693969954]]],[[[86.8819427490235,20.788610458374023],[86.93222045898432,20.78028106689453],[86.88083648681646,20.773056030273665],[86.8819427490235,20.788610458374023]]],[[[87.01651000976591,20.802829742431584]]],[[[87.12388610839872,21.51972007751465]]],[[[86.07834625244158,22.530410766601506],[86.1073303222658,22.484897613525504],[86.16602325439482,22.47674751281744],[86.21653747558605,22.465049743652344],[86.26518249511747,22.43954086303711],[86.30223846435547,22.4052028656007],[86.3393173217774,22.366050720214844],[86.390609741211,22.325281143188477],[86.43931579589855,22.3057804107666],[86.48171234130854,22.342018127441406],[86.52509307861334,22.312370300293082],[86.57433319091803,22.293939590454045],[86.62715148925787,22.266830444335938],[86.66989135742193,22.236841201782283],[86.72097015380865,22.216840744018555],[86.7168960571289,22.163761138916016],[86.77153778076178,22.14678001403803],[86.81217193603521,22.113670349121094],[86.90876007080072,22.086380004882756],[86.96705627441412,22.077751159668082],[87.00470733642572,22.04278945922846],[87.0279693603515,21.99842262268072],[87.00554656982428,21.94065093994135],[87.01478576660185,21.88968276977539],[87.06210327148466,21.860189437866268],[87.09353637695341,21.907899856567326],[87.14782714843756,21.925928115844954],[87.16744232177751,21.973409652709904],[87.22119140624994,21.953210830688533],[87.23651885986334,21.902721405029354],[87.24762725830084,21.848207473755053],[87.27156066894548,21.80340003967285],[87.32286071777344,21.785961151123104],[87.37045288085943,21.768020629882926],[87.42481994628912,21.765659332275334],[87.46276855468756,21.726400375366154],[87.46520233154297,21.67513084411621],[87.48208618164091,21.62586975097662],[87.44638824462902,21.590553283691463],[87.4069366455081,21.55888938903837],[87.35722351074236,21.552221298218058],[87.30444335937506,21.55555534362793],[87.25327301025408,21.552669525146484],[87.2033309936524,21.548341751098746],[87.15738677978521,21.52808952331543],[87.1074981689456,21.51722145080595],[87.07805633544928,21.47555923461931],[87.03620147705095,21.44805145263672],[86.99472045898443,21.41916656494152],[86.957778930664,21.38500022888178],[86.92472076416021,21.34721946716303],[86.89111328125006,21.309720993041992],[86.86360931396501,21.267780303955362],[86.84194183349615,21.221389770507756],[86.8269424438476,21.172502517700423],[86.83000183105469,21.122222900390796],[86.84944152832026,21.07611083984375],[86.87610626220732,21.032779693603572],[86.90165710449247,20.988901138305778],[86.91728973388683,20.939811706543253],[86.9408264160158,20.8930606842041],[86.96339416503912,20.8480167388916],[86.96443939209013,20.79778289794939],[86.91471862792986,20.792222976684627],[86.8644409179688,20.792222976684627],[86.8219528198245,20.76583099365257],[86.80665588378912,20.71417045593256],[86.78499603271501,20.668889999389876],[86.7636108398437,20.62360954284668],[86.81134033203142,20.638881683349666],[86.8577728271485,20.658050537109432],[86.89778137207037,20.693334579468058],[86.94468688964844,20.71103096008295],[86.99427795410156,20.70196342468256],[87.04461669921892,20.71036148071289],[87.00222778320307,20.67974090576172],[86.95971679687517,20.65278053283697],[86.9169464111331,20.626113891601506],[86.875,20.598890304565657],[86.83361053466791,20.570831298828125],[86.79166412353516,20.54333114624046],[86.75740051269537,20.502660751342717],[86.7347259521485,20.457780838012695],[86.73166656494146,20.40777969360363],[86.77971649169928,20.391670227050895],[86.77471923828142,20.341667175293253],[86.7369461059572,20.308889389038256],[86.69695281982428,20.278331756591797],[86.65333557128935,20.251388549804915],[86.60694122314459,20.2316703796389],[86.56111907958984,20.21027946472185],[86.51693725585949,20.186109542846907],[86.47277832031267,20.16194534301752],[86.46277618408232,20.111944198608626],[86.49555206298834,20.149721145630053],[86.53028106689459,20.185834884643498],[86.50416564941435,20.143054962158317],[86.47611236572271,20.101390838623104],[86.43990325927763,20.066101074218693],[86.41019439697266,20.025136947632063],[86.38999938964861,19.978889465332315],[86.3402709960938,19.988889694214095],[86.32147979736357,20.035409927368278],[86.27666473388666,20.05777931213396],[86.23665618896501,20.02695083618164],[86.28687286376959,20.024208068847656],[86.32166290283232,19.985555648803825],[86.36389160156267,19.958332061767805],[86.31593322753935,19.94190025329584],[86.26717376709001,19.921564102172965],[86.21775817871111,19.91290092468256],[86.17639160156267,19.88376617431635],[86.12809753417969,19.86931610107422],[86.07920074462902,19.856740951538313],[86.02916717529303,19.8483314514163],[85.98084259033197,19.834720611572266],[85.93110656738298,19.824441909790323],[85.88249969482428,19.811111450195483],[85.83444213867193,19.797220230102482],[85.78527832031261,19.78277969360346],[85.73606109619146,19.76436805725126],[85.68860626220732,19.74777984619135],[85.64266204833979,19.7271022796632],[85.59727478027338,19.70558738708496],[85.55222320556669,19.683610916137695],[85.5069427490235,19.6616725921632],[85.46111297607439,19.64056015014654],[85.41471862792997,19.62027931213379],[85.36794281005865,19.596649169921932],[85.32472229003906,19.570831298828125],[85.28166961669922,19.544170379638615],[85.24111175537121,19.514722824096737],[85.1983261108399,19.484720230102596],[85.15499877929705,19.45416450500494],[85.11443328857428,19.42246055603033],[85.08389282226568,19.382766723632812],[85.04305267334001,19.353330612182617],[84.99958038330084,19.328470230102596],[84.96013641357428,19.29763984680187],[84.92069244384794,19.266479492187557],[84.88263702392595,19.23374938964838],[84.84707641601591,19.198471069336108],[84.81430816650385,19.160417556762695],[84.78485870361334,19.11986160278343],[84.73625183105497,19.107360839843977],[84.70522308349626,19.149009704590128],[84.66117095947283,19.121860504150504],[84.60939788818371,19.117450714111442],[84.64871215820341,19.084199905395792],[84.61235809326189,19.049739837646598],[84.5597229003908,19.05956077575678],[84.5099182128908,19.03746032714855],[84.4755172729495,18.996032714844034],[84.42218780517595,19.008531570434513],[84.42030334472673,18.949359893799055],[84.41072082519531,18.898258209228572],[84.35473632812506,18.882930755615234],[84.34435272216797,18.832719802856445],[84.31571960449213,18.786170959472713],[84.2642211914062,18.78051948547386],[84.20382690429688,18.782640457153377],[84.15136718750017,18.775760650634766],[84.10072326660185,18.75267982482916],[84.04920196533209,18.77065086364746],[84.00739288330084,18.804210662842024],[83.95561218261713,18.80306053161621],[83.90197753906278,18.81692123413086],[83.85906982421903,18.8430118560791],[83.8416366577149,18.897630691528548],[83.8160629272461,18.948659896850643],[83.79116821289091,18.992359161376896],[83.74108123779314,18.983890533447493],[83.76525115966825,18.936420440673885],[83.72630310058605,18.97556114196783],[83.69702148437517,19.016479492187614],[83.666732788086,19.064460754394588],[83.64472961425781,19.113290786743164],[83.5942993164063,19.120330810546932],[83.581787109375,19.062772750854606],[83.53578948974638,19.03034973144537],[83.48043823242199,19.06648063659668],[83.47511291503935,19.011529922485465],[83.46227264404303,18.959220886230582],[83.41484069824247,18.977872848510856],[83.36232757568365,18.994729995727596],[83.30783843994169,18.990949630737305],[83.33104705810553,18.945810317993164],[83.38022613525408,18.92328262329113],[83.38539123535162,18.87326240539562],[83.37635040283197,18.821950912475586],[83.3333358764649,18.79267120361351],[83.27950286865251,18.789600372314567],[83.23956298828153,18.758781433105582],[83.20677947998075,18.717491149902344],[83.17394256591825,18.756769180297795],[83.11580657958979,18.76208114624029],[83.08960723876959,18.716270446777287],[83.0558471679688,18.667140960693473],[83.01154327392578,18.639030456542912],[83.00804138183588,18.588420867919922],[83.0402374267581,18.544891357421932],[83.06881713867193,18.502029418945426],[83.03701782226591,18.463130950927734],[83.06046295166044,18.413488388061637],[83.02375793457037,18.376449584960938],[82.97644805908203,18.354911804199276],[82.92005920410168,18.35973930358881],[82.88835906982428,18.406259536743164],[82.83698272705095,18.414270401000977],[82.78710937500006,18.426740646362305],[82.7809677124024,18.372520446777457],[82.75849914550787,18.32718086242687],[82.70670318603516,18.31063270568842],[82.65883636474626,18.286609649658317],[82.6371688842774,18.234930038452205],[82.58920288085938,18.25672912597662],[82.57643890380876,18.306810379028263],[82.6112823486331,18.34646034240734],[82.57060241699224,18.384189605712947],[82.55107116699236,18.433900833129883],[82.5244827270509,18.48284912109375],[82.4814529418947,18.51506042480463],[82.42913818359403,18.485141754150447],[82.38227081298845,18.431699752807617],[82.37841033935575,18.378131866455135],[82.3502197265625,18.32891082763672],[82.38540649414068,18.28909111022972],[82.33689880371111,18.266241073608512],[82.32673645019526,18.216230392456282],[82.33302307128935,18.1634197235108],[82.33248901367205,18.10704994201666],[82.33692932128912,18.049100875854492],[82.28777313232433,18.060560226440487],[82.27081298828153,18.010669708251953],[82.22297668457026,17.99287986755394],[82.17424774169928,18.015502929687614],[82.1304168701173,18.04090118408203],[82.08006286621105,18.060449600219727],[82.02986145019537,18.05653190612793],[81.99147796630876,18.021820068359318],[81.93609619140653,17.984090805053768],[81.88507843017584,17.96583938598627],[81.83333587646501,17.95103073120123],[81.78932189941412,17.92136955261236],[81.726318359375,17.87409973144554],[81.6680526733399,17.87842941284191],[81.63655090332037,17.836280822753906],[81.5748672485351,17.827341079711914],[81.52572631835943,17.810871124267805],[81.47457122802751,17.809999465942383],[81.41941833496088,17.82059860229515],[81.38954925537115,17.862100601196346],[81.44026184082048,17.879140853881836],[81.4547958374024,17.946559906005803],[81.47767639160162,17.993511199951172],[81.48149871826178,18.049922943115348],[81.50865936279325,18.092411041259822],[81.52173614501959,18.148309707641545],[81.51113891601591,18.20194053649908],[81.52796173095703,18.259080886840934],[81.57401275634771,18.281169891357422],[81.621391296387,18.303722381592024],[81.65809631347662,18.339290618896428],[81.71750640869169,18.343200683593693],[81.75554656982439,18.386249542236328],[81.7975692749024,18.439760208129826],[81.84430694580084,18.481540679931754],[81.87538146972662,18.521411895752067],[81.90859985351574,18.564228057861328],[81.9545288085938,18.586709976196346],[81.8999328613283,18.61960983276373],[81.94832611083979,18.632789611816406],[81.95716094970703,18.683410644531307],[82.00998687744158,18.71059989929205],[82.0612869262697,18.71800994873047],[82.10572814941423,18.758449554443416],[82.15170288085955,18.783800125122184],[82.16175079345697,18.837860107421932],[82.17076873779314,18.89159011840826],[82.22486114501982,18.909248352050895],[82.22666168212908,18.993980407714787],[82.19409179687506,19.060220718383732],[82.2014999389649,19.11576271057129],[82.16500091552729,19.150449752807845],[82.16117858886713,19.208389282226562],[82.15099334716803,19.258422851562557],[82.17368316650396,19.316301345825252],[82.14083099365251,19.3619194030764],[82.1777725219726,19.40557289123541],[82.11930847167974,19.423900604248104],[82.10182952880888,19.47365951538086],[82.07084655761724,19.515920639038143],[82.02239227294922,19.501802444458008],[82.04042053222685,19.552209854126033],[82.04471588134771,19.610790252685547],[82.04766845703153,19.66268920898449],[82.04370880126953,19.71391105651867],[82.05898284912126,19.775070190429688],[82.00818634033232,19.796569824218864],[81.96145629882841,19.82443237304699],[81.9244766235351,19.868722915649528],[81.8692474365235,19.892810821533317],[81.84883117675787,19.938591003418026],[81.85101318359403,19.989751815796012],[81.8737564086914,20.046180725097884],[81.91542816162115,20.073829650878963],[81.9735717773438,20.075611114501953],[82.01270294189459,20.04103088378929],[82.06980133056669,20.048040390014876],[82.11609649658209,20.010400772094783],[82.1658325195313,19.998149871826172],[82.21945190429693,19.993459701538086],[82.26864624023443,19.957929611206055],[82.29532623291033,19.898958206176815],[82.32132720947271,19.851919174194336],[82.377250671387,19.862968444824162],[82.42090606689464,19.898330688476562],[82.47569274902372,19.900529861450252],[82.52305603027361,19.87278938293457],[82.57758331298845,19.86343955993658],[82.5718383789062,19.807609558105582],[82.61886596679693,19.786100387573242],[82.65410614013672,19.825529098510856],[82.7058868408206,19.838090896606445],[82.70053100585949,19.893289566040096],[82.71156311035162,19.944480895996094],[82.69802093505865,19.992731094360295],[82.64189910888672,19.997909545898494],[82.58235931396501,19.989940643310547],[82.531982421875,20.01222991943382],[82.48159027099638,20.02456092834484],[82.43192291259771,20.03897094726574],[82.39260101318376,20.073310852050895],[82.38775634765653,20.126939773559627],[82.40574645996111,20.17898941040039],[82.40432739257841,20.239601135253963],[82.42922973632812,20.282962799072322],[82.40045928955084,20.324670791625977],[82.41040802001959,20.377201080322493],[82.42916870117182,20.425752639770508],[82.41007995605497,20.47330093383789],[82.36994934082037,20.513940811157283],[82.3277587890625,20.549270629882812],[82.3454895019533,20.597900390625],[82.36225128173845,20.650470733642578],[82.34329986572294,20.698852539062557],[82.33512878417963,20.758518218994254],[82.33310699462896,20.81969070434576],[82.34661865234392,20.883848190307845],[82.40141296386724,20.862430572509993],[82.4393920898438,20.827190399170036],[82.48192596435553,20.855310440063533],[82.49363708496088,20.909349441528434],[82.54573822021501,20.934940338134822],[82.57813262939447,20.978940963745117],[82.62230682373053,21.036569595337028],[82.63183593750006,21.086959838867188],[82.632797241211,21.142660140991268],[82.68453216552763,21.158060073852653],[82.73535156250017,21.157871246337947],[82.78884887695341,21.13927268981945],[82.83999633789091,21.16336059570324],[82.8951416015625,21.159820556640625],[82.94899749755865,21.169771194458008],[82.99912261962908,21.148139953613224],[83.04058074951178,21.11893081665039],[83.09208679199224,21.10597038269043],[83.1487503051759,21.11987113952631],[83.19373321533209,21.157651901245117],[83.21536254882841,21.215490341186523],[83.22489929199247,21.266969680786246],[83.27455902099626,21.285671234131087],[83.25495910644537,21.33192062377924],[83.28137969970703,21.375141143798885],[83.33460235595703,21.355791091919002],[83.38797760009794,21.33893966674816],[83.39376068115251,21.399442672729606],[83.36094665527361,21.442180633544922],[83.33561706542974,21.49191093444847],[83.36577606201178,21.549680709838924],[83.37725067138683,21.60467910766596],[83.42405700683594,21.638481140136832],[83.46296691894531,21.60551071166998],[83.44077301025402,21.655170440673942],[83.4616088867187,21.706279754638786],[83.47902679443376,21.75869941711437],[83.49133300781278,21.80866050720215],[83.5409469604495,21.83465957641613],[83.5733032226563,21.876369476318416],[83.58776855468756,21.92612075805664],[83.53517150878912,21.963500976562614],[83.5388565063476,22.014371871948356],[83.56562805175781,22.056789398193416],[83.56575775146479,22.112850189208984],[83.60233306884794,22.15183830261236],[83.62628173828125,22.20585823059082],[83.67273712158232,22.237438201904524],[83.74565124511736,22.24122047424322],[83.78862762451178,22.280250549316463],[83.8252029418947,22.31962966918951],[83.8719482421875,22.338930130004996],[83.9192962646485,22.35978126525879],[83.97820281982428,22.365108489990348],[84.01444244384771,22.404092788696516],[84.03951263427763,22.448722839355582],[83.99707794189459,22.490760803222656],[84.05065917968767,22.512359619140682],[84.0998764038086,22.480339050293196],[84.13587951660156,22.420682907104435],[84.17516326904297,22.388940811157227],[84.22612762451189,22.374120712280387],[84.27324676513689,22.345092773437557],[84.32396697998064,22.33892059326172],[84.3775863647461,22.345909118652457],[84.4314422607423,22.360010147094783],[84.47759246826178,22.383680343627873],[84.52101135253923,22.414890289306754],[84.57215881347662,22.4230117797851],[84.6255187988283,22.42758941650385],[84.68150329589855,22.41492080688471],[84.74385070800787,22.414751052856502],[84.79128265380876,22.44281959533714],[84.84136962890653,22.434869766235465],[84.89379882812528,22.418010711669922],[84.9407730102539,22.44742965698248],[84.99413299560575,22.458271026611328],[85.04223632812494,22.476940155029297],[85.06369018554693,22.423221588134993],[85.07788085937528,22.369159698486328],[85.08590698242182,22.31698036193859],[85.0694198608399,22.267581939697493],[85.06253814697271,22.216159820556584],[85.04145050048857,22.1706600189209],[85.02735137939447,22.12256050109869],[84.98586273193365,22.09256935119629],[85.03513336181669,22.108129501342773],[85.09543609619169,22.099451065063477],[85.14083862304682,22.073551177978516],[85.18699645996088,22.052730560302734],[85.21488952636736,22.010711669921875],[85.25609588623064,22.042459487915266],[85.28089904785173,22.08764076232916],[85.32301330566406,22.12499046325695],[85.36937713623064,22.155210494995117],[85.43578338623047,22.1441707611084],[85.4858016967774,22.116489410400447],[85.53350067138678,22.09679985046398],[85.58223724365251,22.080989837646484],[85.63639068603516,22.085769653320426],[85.6815032958985,22.04878044128418],[85.7338180541995,22.06452941894537],[85.77903747558588,22.093420028686523],[85.82808685302751,22.08266067504877],[85.77033233642578,22.05128288269043],[85.76052093505888,21.99694061279297],[85.8126525878908,21.98096084594738],[85.87132263183622,21.974750518798828],[85.91223907470703,22.00480079650879],[85.95358276367188,22.0361003875733],[85.97899627685547,22.083360671997013],[85.99462890625017,22.13178062438965],[86.0267181396485,22.185222625732536],[85.98513031005865,22.22384262084961],[85.99304199218744,22.273281097412166],[86.03996276855463,22.3035507202149],[85.99582672119146,22.333118438720703],[86.01962280273438,22.37815093994152],[85.99297332763678,22.422140121460018],[85.95350646972668,22.455972671509016],[85.980712890625,22.509740829467887],[86.02826690673834,22.534330368042106],[86.07834625244158,22.530410766601506]]]]}},{"type":"Feature","properties":{"name":"Puducherry"},"geometry":{"type":"MultiPolygon","coordinates":[[[[79.84485626220732,10.826532363891886]]],[[[79.74823760986345,10.981531143188704],[79.80145263671892,10.986211776733626],[79.85058593750028,10.975790023803825],[79.85402679443388,10.923193931579704],[79.85263824462896,10.86986160278326],[79.83625030517584,10.822360992431697],[79.79113006591814,10.845701217651651],[79.76122283935564,10.891429901123331],[79.70922851562511,10.913200378418196],[79.7457275390625,10.94929027557373],[79.74823760986345,10.981531143188704]]],[[[79.69048309326178,12.001120567321777],[79.74964904785162,11.986130714416731],[79.73356628417986,11.937299728393668],[79.7833328247072,11.943730354309196],[79.83763885498075,11.94054985046398],[79.82624816894548,11.890970230102596],[79.80959320068388,11.84375095367426],[79.76043701171892,11.823031425476074],[79.70668792724615,11.847089767456168],[79.65907287597668,11.865669250488281],[79.70258331298857,11.902500152587947],[79.70192718505865,11.956431388855208],[79.65122222900396,11.972010612487793],[79.6790390014649,12.019260406494254],[79.69048309326178,12.001120567321777]]],[[[75.37460327148466,12.149080276489371],[75.33988189697277,12.098251342773494],[75.29917144775408,12.066791534423771],[75.2698593139649,12.026252746581974],[75.28569793701178,11.978751182556152],[75.24680328369152,12.010416984558162],[75.22313690185553,12.064441680908317],[75.25588989257818,12.10857963562023],[75.31067657470709,12.124732017517147],[75.36360931396501,12.134969711303711],[75.37460327148466,12.149080276489371]]],[[[82.26568603515653,16.702920913696232]]],[[[82.21096801757807,16.727939605713004],[82.26370239257818,16.719369888305664],[82.20252990722685,16.707691192627237],[82.21096801757807,16.727939605713004]]]]}},{"type":"Feature","properties":{"name":"Punjab"},"geometry":{"type":"Polygon","coordinates":[[[75.86876678466803,32.48868179321312],[75.91549682617193,32.44869995117193],[75.87193298339861,32.398448944091854],[75.81887054443354,32.35503005981457],[75.7633666992187,32.30215072631859],[75.70487976074224,32.26723861694359],[75.65487670898455,32.25585174560547],[75.61833190917974,32.197021484375284],[75.6618270874024,32.16466903686535],[75.6312026977539,32.119499206543026],[75.57875823974626,32.08168029785156],[75.64005279541021,32.07674026489269],[75.68981933593756,32.06153106689476],[75.73397827148466,32.03733062744146],[75.77429962158203,32.00078964233421],[75.83637237548857,31.981649398803654],[75.89454650878935,31.949800491333235],[75.92617034912115,31.889791488647518],[75.95358276367205,31.83995056152355],[75.9358215332033,31.78974914550787],[75.95974731445318,31.74430274963379],[75.97579193115246,31.695329666137695],[76.00624847412115,31.651428222656307],[76.03671264648455,31.60679817199707],[76.06490325927763,31.56179046630865],[76.09455108642584,31.51420974731468],[76.11551666259783,31.46544075012207],[76.14713287353516,31.42560958862299],[76.13503265380865,31.361759185791016],[76.16845703125028,31.314121246337947],[76.22319030761747,31.31306076049833],[76.27735900878935,31.309930801391715],[76.3157958984375,31.347499847412166],[76.31584167480474,31.40237808227539],[76.36313629150396,31.44135093688982],[76.39039611816412,31.39733123779297],[76.4128494262697,31.34765815734886],[76.44827270507841,31.30599021911644],[76.48858642578142,31.273401260375977],[76.54592132568388,31.255880355835075],[76.601615905762,31.25090980529785],[76.63542175292969,31.212980270385856],[76.5903930664062,31.18285942077631],[76.5893173217774,31.12770080566429],[76.60489654541016,31.078378677368278],[76.61360168457043,31.021989822387695],[76.653060913086,30.98180961608898],[76.70507812500017,30.96330070495634],[76.74382019042974,30.92904090881359],[76.76904296875006,30.876529693603516],[76.80655670166016,30.840251922607365],[76.84134674072277,30.799089431762752],[76.8014526367188,30.762769699096907],[76.75933837890653,30.799039840698356],[76.71832275390636,30.769092559814567],[76.71759796142607,30.717468261718864],[76.77069091796892,30.67794036865257],[76.81881713867193,30.66059112548851],[76.86795806884783,30.641639709472656],[76.91060638427763,30.6058292388916],[76.9022369384765,30.551040649414062],[76.91590881347662,30.499420166015852],[76.89071655273443,30.451061248779524],[76.9092559814456,30.40327072143549],[76.88722229003923,30.35838127136236],[76.86473083496094,30.408790588378963],[76.80845642089861,30.411859512329272],[76.76332855224621,30.439729690551815],[76.72654724121122,30.405000686645508],[76.7346267700197,30.353939056396484],[76.68846893310564,30.32598114013689],[76.62629699707048,30.28392982482933],[76.55792999267607,30.264261245727596],[76.60930633544939,30.234880447387752],[76.64198303222662,30.193668365478516],[76.62309265136724,30.144660949707088],[76.61769866943376,30.09406280517578],[76.56767272949247,30.095119476318416],[76.50894165039057,30.079530715942667],[76.46157073974615,30.099000930786076],[76.43135070800798,30.140710830688533],[76.42000579833996,30.197879791259766],[76.3925170898438,30.150260925292912],[76.32588195800798,30.14924049377447],[76.28636169433588,30.116821289062557],[76.23816680908203,30.1309108734132],[76.22991943359375,30.080568313598633],[76.19962310791033,30.03977966308605],[76.19713592529314,29.985111236572322],[76.16961669921903,29.936559677124137],[76.1846389770509,29.888580322265568],[76.23869323730469,29.875900268554915],[76.19418334960949,29.844970703125057],[76.15312957763678,29.81627273559576],[76.10321044921903,29.808410644531364],[76.06320190429682,29.7774600982666],[76.01759338378935,29.75607109069847],[75.97254943847668,29.732370376587028],[75.91394805908209,29.738769531250227],[75.86377716064459,29.752330780029297],[75.82927703857428,29.800701141357536],[75.77243804931646,29.82467079162609],[75.70987701416021,29.812259674072322],[75.6974487304688,29.755210876464957],[75.64965820312528,29.77456092834467],[75.6004867553711,29.747400283813704],[75.54418182373075,29.771760940551758],[75.44426727294916,29.807849884033374],[75.39723205566412,29.761020660400504],[75.37877655029303,29.711299896240234],[75.33384704589844,29.68805122375494],[75.30753326416033,29.632560729980582],[75.30304718017584,29.579050064087028],[75.25453948974626,29.554180145263672],[75.21118927001947,29.58239936828636],[75.17333984375006,29.630081176757926],[75.18888854980469,29.680828094482422],[75.19809722900396,29.73080062866211],[75.21617889404314,29.77989959716797],[75.20091247558611,29.829999923706055],[75.15130615234375,29.80183982849144],[75.09552764892584,29.80434989929205],[75.08098602294928,29.85414123535162],[75.09475708007818,29.905071258544865],[75.05175781250017,29.874860763549805],[74.99411010742216,29.86320114135748],[74.95786285400419,29.897739410400618],[74.92408752441435,29.94153022766119],[74.88149261474615,29.968349456787223],[74.8289871215822,29.96947097778326],[74.77599334716797,29.974399566650447],[74.72400665283232,29.96186065673828],[74.66570281982422,29.94169044494629],[74.62638854980463,29.90600967407255],[74.5729522705081,29.925888061523494],[74.524642944336,29.951560974121094],[74.46660614013689,29.944679260253906],[74.40379333496122,29.94734001159668],[74.32151031494146,29.953960418701172],[74.26030731201178,29.955669403076342],[74.1859664916995,29.960380554199276],[74.0833282470706,29.967372894287166],[74.00274658203142,29.9700603485108],[73.93295288085943,29.97074127197277],[73.88302612304693,29.99129104614252],[73.89480590820318,30.046850204467773],[73.93152618408232,30.083810806274414],[73.9666519165039,30.12118911743164],[73.96337127685575,30.171829223632812],[73.96459960937517,30.224460601806868],[73.94872283935547,30.273822784423828],[73.92015838623064,30.32006072998047],[73.88069152832037,30.357152938842887],[73.9011993408206,30.41271591186546],[73.93226623535185,30.458431243896484],[73.9727325439456,30.488132476806925],[74.01862335205084,30.521451950073242],[74.07761383056669,30.529361724853516],[74.093070983887,30.579879760742244],[74.11691284179716,30.624330520629883],[74.17874145507807,30.65572166442871],[74.22200775146513,30.708147048950252],[74.26831054687506,30.7314453125],[74.29113006591814,30.778411865234375],[74.31047821044933,30.834680557250977],[74.36300659179688,30.845806121826172],[74.395034790039,30.903537750244254],[74.44639587402361,30.94889640808111],[74.49661254882818,30.96718406677263],[74.53851318359392,30.997352600097656],[74.55310821533232,31.060890197753906],[74.6001815795899,31.0435466766358],[74.65600585937517,31.05451011657715],[74.69101715087919,31.09205055236822],[74.65738677978521,31.1326007843017],[74.60653686523466,31.132949829101562],[74.578140258789,31.090209960937443],[74.53634643554716,31.125061035156364],[74.50382995605474,31.165000915527344],[74.51381683349638,31.217500686645508],[74.51164245605474,31.268051147460994],[74.55187225341814,31.298454284668082],[74.57212066650396,31.34653854370123],[74.59457397460955,31.397094726562443],[74.63199615478521,31.440944671630916],[74.60912322998053,31.487180709839095],[74.60478973388683,31.54018974304205],[74.5926055908206,31.592311859130803],[74.56254577636736,31.64857482910162],[74.5302276611331,31.698085784912337],[74.52886962890636,31.749748229980753],[74.55478668212896,31.794490814208928],[74.572563171387,31.841712951660156],[74.59910583496122,31.88511085510254],[74.64846801757824,31.896291732788143],[74.69303894042974,31.92098999023449],[74.7457809448245,31.941600799560717],[74.79364013671903,31.95934104919428],[74.82778167724638,32.005130767822266],[74.86212158203153,32.043300628662166],[74.91337585449224,32.06492996215832],[74.96463775634771,32.05178070068365],[75.01061248779303,32.03039932250988],[75.06893157959001,32.05837631225609],[75.11353302001947,32.08119201660162],[75.16284942626959,32.067771911621264],[75.19320678710949,32.114639282226506],[75.23342895507818,32.08436203002941],[75.27481079101568,32.118846893310774],[75.31423187255876,32.15918731689476],[75.31358337402372,32.21239852905268],[75.36048126220714,32.23175048828119],[75.34938812255865,32.28395080566412],[75.33042144775408,32.33171081542969],[75.38595581054705,32.32769012451166],[75.44859313964855,32.33132171630854],[75.49212646484403,32.30279922485346],[75.52921295166021,32.34888076782249],[75.59263610839872,32.38169860839844],[75.64807128906256,32.38880920410162],[75.698226928711,32.40953063964844],[75.73532104492182,32.45468902587902],[75.7901458740235,32.478790283203125],[75.8289260864259,32.519969940185774],[75.87177276611334,32.5752906799317],[75.85138702392584,32.52130889892578],[75.86876678466803,32.48868179321312]]]}},{"type":"Feature","properties":{"name":"Rajasthan"},"geometry":{"type":"Polygon","coordinates":[[[73.88944244384783,29.97760963439964],[73.9569396972658,29.969512939453125],[74.06919860839855,29.968870162963867],[74.15444946289068,29.96329116821289],[74.21276092529303,29.960390090942553],[74.27902984619169,29.955089569091797],[74.35585021972662,29.950330734252873],[74.42807006835955,29.949541091919002],[74.51906585693376,29.943349838256893],[74.54345703125017,29.888719558716048],[74.53253173828153,29.83928108215332],[74.48060607910162,29.815250396728516],[74.46911621093756,29.758239746093807],[74.5258331298831,29.74136924743658],[74.57816314697283,29.766960144043026],[74.60347747802763,29.72142982482916],[74.57852172851557,29.654752731323242],[74.57028198242216,29.585918426513786],[74.59948730468778,29.536869049072493],[74.59030914306669,29.48612976074213],[74.54280853271513,29.466569900512695],[74.55780792236334,29.418630599975643],[74.59053802490229,29.370670318603516],[74.64182281494169,29.331199645996207],[74.67601776123064,29.36817169189476],[74.73169708251953,29.35378837585455],[74.78578186035162,29.37054061889671],[74.83510589599626,29.401479721069393],[74.88848114013672,29.386671066284293],[74.93592071533232,29.337949752807674],[74.94753265380871,29.288158416748274],[75.00586700439459,29.283809661865348],[75.06062316894537,29.25331115722662],[75.10817718505888,29.22677040100092],[75.1608200073245,29.25374984741211],[75.21195983886719,29.234529495239315],[75.27172851562506,29.254369735717773],[75.308578491211,29.288917541503906],[75.31492614746122,29.235960006713924],[75.37246704101568,29.260030746460075],[75.39646148681646,29.213420867920036],[75.36895751953142,29.16995811462408],[75.391342163086,29.11931991577154],[75.38065338134771,29.070320129394474],[75.42975616455107,29.05617904663086],[75.47342681884794,29.020200729370174],[75.51525115966814,28.9910507202149],[75.49756622314459,28.941488265991325],[75.48799133300798,28.859649658203182],[75.50312042236334,28.809289932250977],[75.52195739746094,28.756151199341048],[75.53547668457048,28.688390731811637],[75.55570983886736,28.614591598511026],[75.6093368530274,28.60588073730463],[75.62909698486328,28.545970916748104],[75.67109680175798,28.5169296264649],[75.72395324707037,28.491292953491268],[75.77822875976591,28.457611083984432],[75.77031707763678,28.407619476318303],[75.82823944091814,28.409072875976562],[75.8831558227539,28.386699676513672],[75.92840576171892,28.356019973754996],[75.96762847900419,28.324092864990234],[76.01872253417997,28.280958175659293],[76.03634643554705,28.227109909057674],[76.07157135009794,28.179229736328125],[76.0161972045899,28.161079406738395],[75.97706604003912,28.12720108032238],[75.93608856201178,28.093530654907454],[75.98763275146513,28.07058906555193],[75.97267913818365,28.018140792846793],[75.96833038330084,27.96231079101574],[75.92362213134783,27.933090209960994],[75.97738647460938,27.909259796142578],[75.99447631835949,27.860919952392692],[76.04368591308605,27.848850250244197],[76.09577178955107,27.864799499511946],[76.14267730712902,27.827831268310717],[76.19412994384771,27.831211090087834],[76.19032287597662,27.88157844543457],[76.16765594482428,27.92835044860834],[76.16703796386724,27.979152679443416],[76.19587707519537,28.021738052368164],[76.23336791992205,28.05642127990717],[76.29007720947271,28.04911041259794],[76.33679962158209,28.029661178588867],[76.33126831054693,28.081649780273665],[76.35560607910156,28.128450393676815],[76.31111907959013,28.15467071533203],[76.35983276367205,28.1433811187747],[76.4122467041015,28.147478103637752],[76.46517944335943,28.15561103820795],[76.49729156494169,28.11597824096674],[76.4485702514649,28.09317016601591],[76.49537658691435,28.06764030456543],[76.53852081298828,28.039119720458928],[76.53193664550787,27.98570060729992],[76.58381652832037,28.00031089782715],[76.63687896728527,28.01066017150879],[76.64892578125028,28.061710357666072],[76.68564605712896,28.106880187988395],[76.73159790039062,28.128450393676815],[76.78306579589861,28.155679702758846],[76.80560302734375,28.200380325317496],[76.85048675537115,28.22666931152355],[76.89984893798834,28.20476913452171],[76.92753601074224,28.158912658691634],[76.95551300048845,28.11174964904785],[76.93802642822271,28.059610366821403],[76.92163085937506,28.005689620971907],[76.91954040527355,27.952831268310604],[76.93817901611334,27.895990371704215],[76.92809295654303,27.84398078918457],[76.90392303466825,27.794889450073242],[76.89060974121088,27.742019653320426],[76.8947372436524,27.689659118652344],[76.94478607177734,27.670570373535327],[76.98277282714861,27.7185001373291],[77.0248565673831,27.7471294403079],[77.07797241210938,27.73734092712425],[77.0394363403322,27.774900436401595],[77.09362792968756,27.789701461791992],[77.14727783203136,27.78665924072294],[77.19384765625028,27.821939468383846],[77.23174285888678,27.785800933838175],[77.27932739257807,27.802801132202262],[77.30134582519537,27.756458282470703],[77.33053588867193,27.711139678955135],[77.34276580810553,27.65720176696783],[77.31121063232439,27.611690521240234],[77.33067321777361,27.563751220703125],[77.35816955566412,27.519479751587028],[77.39359283447266,27.48194122314453],[77.41517639160173,27.425371170044002],[77.46158599853521,27.387590408325252],[77.50936126708984,27.367820739746037],[77.56173706054693,27.335439682006893],[77.61411285400408,27.3433895111084],[77.60909271240263,27.287990570068473],[77.63890838623064,27.247140884399357],[77.67299652099604,27.200361251831225],[77.63079833984386,27.170209884643555],[77.5945510864259,27.133680343627987],[77.54576873779325,27.11512947082548],[77.49903106689482,27.095840454101506],[77.5542297363283,27.07722091674833],[77.5887527465822,27.037059783935547],[77.64334106445318,27.027191162109375],[77.69374084472668,27.01951980590826],[77.74389648437511,27.023740768432788],[77.7012329101562,26.984319686889876],[77.64894104003935,26.973810195922795],[77.60482788085943,26.94595909118658],[77.55735778808605,26.92603111267084],[77.49584197998064,26.905780792236328],[77.45417785644543,26.876739501953125],[77.422836303711,26.83680915832531],[77.42858886718756,26.78578948974615],[77.4803619384765,26.753879547119197],[77.48932647705072,26.80861091613781],[77.54740905761724,26.821720123291016],[77.59615325927734,26.841651916503906],[77.65730285644543,26.85641098022461],[77.70540618896513,26.88027954101574],[77.72895812988287,26.92580032348627],[77.78148651123075,26.927709579467887],[77.83637237548834,26.919591903686523],[77.8821411132813,26.89603996276867],[77.93212890625006,26.90999984741211],[77.98501586914091,26.901380538940543],[78.02731323242193,26.873479843139705],[78.06053924560575,26.915901184082088],[78.11270904541016,26.927490234375057],[78.16314697265653,26.952690124511946],[78.21589660644531,26.95395088195812],[78.26122283935541,26.931779861450252],[78.2265701293947,26.88262939453125],[78.20278930664068,26.83231925964361],[78.15978240966814,26.79112052917486],[78.10552215576178,26.800752639770565],[78.11167907714872,26.74965095520031],[78.08898925781244,26.700721740722713],[78.03156280517607,26.691339492797795],[77.97572326660173,26.683301925659237],[77.9239120483399,26.664991378784237],[77.87938690185547,26.62029075622553],[77.82543182373064,26.605241775512752],[77.81299591064447,26.554809570312557],[77.75801849365246,26.55064964294445],[77.72099304199224,26.508520126342717],[77.66768646240251,26.50831031799322],[77.62007141113287,26.47700119018549],[77.56912994384771,26.44310951232916],[77.5228805541995,26.414911270141715],[77.458999633789,26.411199569702262],[77.43242645263683,26.364999771118164],[77.37889862060547,26.36383819580078],[77.32937622070318,26.348102569580078],[77.28994750976574,26.295591354370174],[77.23784637451178,26.26272010803234],[77.19447326660173,26.23597145080572],[77.14327239990246,26.238241195678654],[77.09822082519537,26.20225906372076],[77.04499053955084,26.184949874877987],[76.9996871948245,26.15262985229498],[76.95352172851591,26.115310668945312],[76.89531707763683,26.09802055358898],[76.86392974853533,26.05167961120617],[76.83705139160173,26.002040863037223],[76.80631256103516,25.95297813415533],[76.755912780762,25.941690444946403],[76.72220611572266,25.90031051635765],[76.65656280517607,25.910810470581055],[76.61653137207031,25.87125015258789],[76.5667800903322,25.839670181274528],[76.52931213378935,25.79797172546398],[76.53040313720709,25.743740081787166],[76.48239135742216,25.718130111694336],[76.51080322265636,25.67283821105957],[76.51579284667997,25.607009887695312],[76.52027893066412,25.55690002441429],[76.54016876220714,25.505739212036133],[76.56066894531267,25.44985008239769],[76.59905242919928,25.40530014038086],[76.64360046386713,25.376398086547795],[76.70321655273443,25.347610473632812],[76.75372314453125,25.33934020996105],[76.82174682617182,25.327060699462834],[76.87258911132818,25.324279785156193],[76.9229583740235,25.301378250122127],[76.99266815185547,25.30183029174816],[77.039360046387,25.32505035400385],[77.09262847900408,25.337270736694336],[77.14900207519543,25.315362930297795],[77.20514678955078,25.311429977417106],[77.22113037109403,25.36108016967779],[77.25995635986334,25.399459838867188],[77.30529785156267,25.43641090393072],[77.3543472290039,25.424022674560604],[77.35169219970709,25.372350692749023],[77.368949890137,25.324649810791072],[77.349662780762,25.271770477294922],[77.39164733886747,25.23114967346197],[77.39132690429705,25.1796493530274],[77.3886108398437,25.127250671386662],[77.33244323730474,25.09657096862793],[77.27556610107439,25.11213111877447],[77.22083282470703,25.110242843627873],[77.16957855224615,25.113719940185774],[77.11445617675787,25.069089889526367],[77.06133270263672,25.06139183044445],[77.01235198974626,25.074911117553825],[76.96131134033214,25.05398941040039],[76.90976715087896,25.03567123413086],[76.8605575561524,25.010389328003157],[76.87156677246111,24.9613094329834],[76.90741729736345,24.923259735107365],[76.9357299804688,24.878681182861328],[76.89504241943376,24.839509963989258],[76.84217834472656,24.840112686157227],[76.83587646484375,24.785070419311523],[76.88668823242193,24.754150390625114],[76.94577789306658,24.764049530029297],[76.98230743408232,24.724872589111442],[77.033462524414,24.702949523925838],[77.05414581298834,24.65410804748535],[77.0583267211914,24.60119819641119],[77.05338287353521,24.54417037963873],[77.02407073974621,24.50132942199707],[76.97966003417997,24.474628448486442],[76.9228820800783,24.480651855468864],[76.91838073730474,24.53560066223156],[76.86620330810547,24.54936027526861],[76.81459045410162,24.53437042236351],[76.84527587890625,24.49090003967291],[76.85066223144537,24.437360763549805],[76.84799957275396,24.378831863403434],[76.8449096679688,24.32798194885254],[76.8670501708985,24.2808513641358],[76.9038925170899,24.241678237915153],[76.94254302978533,24.208351135253906],[76.90579986572271,24.153192520141715],[76.85600280761724,24.138940811157227],[76.80111694335966,24.120340347290096],[76.76885986328136,24.16468048095703],[76.71470642089872,24.16418266296381],[76.67678070068388,24.21054077148449],[76.7013702392581,24.254360198974553],[76.64724731445312,24.272409439087028],[76.60047912597685,24.244979858398438],[76.56727600097685,24.20691108703619],[76.53578186035168,24.16421127319336],[76.50538635253906,24.20546913146984],[76.45324707031244,24.216821670532283],[76.40009307861345,24.222789764404354],[76.35299682617193,24.24891090393072],[76.30287170410162,24.244430541992244],[76.25180816650419,24.22481918334961],[76.20363616943376,24.250589370727596],[76.20498657226568,24.3057098388673],[76.1495208740235,24.292230606079215],[76.15236663818365,24.235458374023494],[76.1208572387697,24.183599472046012],[76.13688659667969,24.13133811950695],[76.09899902343761,24.089189529418945],[76.04695892334013,24.075670242309627],[76.00894165039068,24.04030036926264],[75.96018218994169,24.025369644165096],[75.98018646240263,23.97438049316412],[75.94822692871111,23.922260284423942],[75.90547180175781,23.89606285095215],[75.85341644287126,23.89420127868658],[75.80265808105463,23.87111091613781],[75.74974822998053,23.890020370483626],[75.70086669921875,23.901279449463004],[75.7291107177735,23.85820960998535],[75.6902465820313,23.819610595703125],[75.68515014648466,23.76664924621582],[75.64367675781256,23.801830291748104],[75.59168243408232,23.802391052246207],[75.56720733642584,23.847629547119368],[75.52876281738276,23.880260467529354],[75.48742675781267,23.91084289550787],[75.46237945556635,23.9681015014649],[75.51438140869146,24.048732757568473],[75.5611190795899,24.02357864379877],[75.60412597656267,23.99628067016613],[75.6481475830081,24.02073097229004],[75.69065093994169,23.989480972290266],[75.7475662231447,23.99347114562994],[75.78024291992193,24.0362606048584],[75.82073974609403,24.070600509643555],[75.80239868164068,24.118330001831282],[75.74349212646513,24.13960075378418],[75.763656616211,24.189781188964957],[75.79953002929693,24.229230880737248],[75.81143188476557,24.284721374511776],[75.76509094238281,24.31065940856945],[75.74178314209013,24.36107254028326],[75.75527954101568,24.409309387207145],[75.78128051757841,24.453910827636832],[75.82900238037126,24.422519683837947],[75.88648986816412,24.436929702758846],[75.91245269775396,24.48558044433605],[75.92501831054693,24.538299560546875],[75.89771270751959,24.580450057983455],[75.85254669189459,24.61432075500494],[75.84864807128923,24.66455078125],[75.842025756836,24.717460632324276],[75.80545806884777,24.756269454956055],[75.74180603027338,24.760360717773494],[75.68004608154314,24.727830886840877],[75.63400268554716,24.691150665283146],[75.58190155029303,24.722700119018555],[75.52748107910173,24.717910766601676],[75.45189666748041,24.693218231201286],[75.39643859863298,24.70455932617199],[75.30436706542974,24.720741271972713],[75.24954223632812,24.729141235351676],[75.20191192626959,24.746141433715877],[75.2026977539063,24.796287536621207],[75.2467117309572,24.82184028625494],[75.2103805541995,24.87142944335949],[75.25979614257841,24.85752105712902],[75.29841613769531,24.8199081420899],[75.35505676269548,24.837430953979606],[75.41050720214838,24.8612384796142],[75.35006713867205,24.884969711303654],[75.29904937744146,24.870260238647575],[75.26077270507807,24.905340194702262],[75.2699966430664,24.956270217895508],[75.31217193603521,24.911060333251896],[75.33748626709001,24.963100433349723],[75.32248687744146,25.013389587402287],[75.2782669067384,25.044700622558594],[75.22708129882812,25.038530349731673],[75.1737823486331,25.05379295349121],[75.16439819335949,24.991661071777344],[75.115707397461,24.965391159057674],[75.11493682861334,24.911840438842887],[75.06620025634794,24.878391265869254],[75.01508331298857,24.870201110839844],[74.96353912353521,24.874080657958984],[74.91615295410173,24.89944076538086],[74.88469696044939,24.949760437011776],[74.8327102661134,24.96745109558111],[74.82411193847662,24.914810180664062],[74.85291290283209,24.86033058166504],[74.83751678466825,24.808460235595703],[74.89195251464861,24.799110412597884],[74.94595336914068,24.791719436645735],[74.9983291625976,24.797710418701286],[74.99202728271479,24.743810653686637],[74.96411132812506,24.70046806335455],[74.92945098876982,24.659170150756836],[74.88018035888678,24.668010711670036],[74.84884643554705,24.708721160888672],[74.8185424804688,24.765340805053825],[74.78753662109403,24.7219295501709],[74.8177566528322,24.679920196533203],[74.78344726562506,24.636760711670036],[74.74797058105474,24.596809387207145],[74.74961853027344,24.542539596557674],[74.75065612792974,24.492000579834098],[74.80165100097685,24.492080688476676],[74.84455108642607,24.465909957885856],[74.82723236083979,24.41680908203125],[74.79315948486328,24.37614059448248],[74.78317260742182,24.319429397583065],[74.81516265869152,24.2770099639892],[74.86972045898449,24.280708312988338],[74.90544128417963,24.245309829712028],[74.89729309082048,24.187040328979606],[74.93665313720709,24.138980865478516],[74.96074676513666,24.09416007995617],[74.98121643066423,24.04104042053234],[74.97292327880888,23.99105262756359],[74.93151855468761,23.94681930541998],[74.91049957275396,23.888509750366268],[74.91326141357416,23.836629867553768],[74.93785095214872,23.776710510253906],[74.92424011230474,23.719150543212834],[74.92421722412115,23.668500900268555],[74.89803314209001,23.612182617187557],[74.86171722412138,23.572340011596623],[74.8192367553711,23.540798187255973],[74.76393890380876,23.524711608886662],[74.71089935302734,23.505630493164006],[74.66409301757818,23.473340988159123],[74.61338043212919,23.46136093139654],[74.57966613769526,23.422420501708984],[74.56022644042969,23.36449050903343],[74.52028656005871,23.331691741943587],[74.54856872558588,23.286760330200195],[74.59905242919928,23.28363037109375],[74.64624786376953,23.259719848632926],[74.70114898681669,23.272142410278377],[74.69960784912138,23.22034072875988],[74.7508392333985,23.230381011962947],[74.71552276611345,23.194669723510856],[74.66532135009766,23.198249816894588],[74.62567901611345,23.162940979003906],[74.58007812500017,23.139970779419002],[74.53543853759783,23.10151290893566],[74.4672470092774,23.085258483886662],[74.41884613037138,23.108470916748047],[74.36696624755888,23.095520019531364],[74.32277679443376,23.062690734863395],[74.28253936767595,23.09501266479498],[74.2718276977539,23.156009674072322],[74.22933959960955,23.184020996093864],[74.18660736084001,23.15252113342291],[74.13617706298857,23.177709579467717],[74.13865661621122,23.230920791626033],[74.11387634277372,23.277349472045955],[74.04873657226568,23.29506111145031],[74.00380706787138,23.336200714111328],[73.97103118896479,23.377138137817383],[73.9278411865235,23.33788108825695],[73.87944030761747,23.368110656738224],[73.83645629882818,23.430690765380916],[73.7830657958985,23.434610366821346],[73.73398590087908,23.42489242553711],[73.69394683837908,23.4589004516601],[73.63806915283203,23.450340270996094],[73.65258789062506,23.500930786132812],[73.63825988769531,23.562549591064567],[73.66073608398455,23.62290191650402],[73.61901855468756,23.65142250061035],[73.55297851562517,23.631349563598746],[73.50109863281267,23.63383102416998],[73.51035308837902,23.696979522705192],[73.46276855468767,23.73430824279791],[73.42048645019537,23.779331207275447],[73.36769866943388,23.783649444580078],[73.36952209472662,23.838550567626896],[73.376953125,23.8887996673584],[73.42012023925787,23.92340087890625],[73.42146301269543,23.97467041015625],[73.41146850585955,24.025182723999023],[73.38526916503935,24.079580307006893],[73.34276580810547,24.115829467773438],[73.32656097412126,24.0625],[73.28275299072271,24.028818130493278],[73.22940063476574,24.024030685424805],[73.21366882324236,24.07578086853033],[73.17173004150396,24.1113224029541],[73.12339782714838,24.140300750732365],[73.08268737792974,24.184980392455998],[73.1112060546875,24.231111526489258],[73.13894653320318,24.280050277710018],[73.18479919433622,24.309110641479606],[73.21644592285185,24.350469589233455],[73.16200256347662,24.352680206298885],[73.11119842529291,24.38680076599121],[73.10659790039091,24.44536972045904],[73.09438323974638,24.49472808837902],[73.05104064941412,24.465259552002067],[73.00034332275419,24.470630645752067],[72.99061584472685,24.420890808105526],[72.99201202392595,24.36820030212408],[72.94602203369135,24.339281082153377],[72.88429260253912,24.36084938049339],[72.82924652099638,24.36498832702648],[72.77282714843744,24.360740661621094],[72.71747589111357,24.37555122375494],[72.69264221191412,24.441419601440487],[72.6393203735351,24.461460113525504],[72.58850097656256,24.4725017547608],[72.54772186279325,24.505592346191463],[72.51387786865234,24.464559555053825],[72.50771331787104,24.409931182861385],[72.45761871337896,24.432851791382063],[72.4455871582033,24.48774909973156],[72.39052581787115,24.498849868774414],[72.36157989501982,24.54331016540533],[72.30182647705084,24.54055976867687],[72.2509994506836,24.580160140991325],[72.30033111572277,24.600151062011776],[72.34896850585949,24.611991882324446],[72.29366302490263,24.613201141357422],[72.24202728271484,24.62334060668968],[72.18589782714872,24.609430313110465],[72.134750366211,24.633800506591797],[72.08489990234392,24.652751922607536],[72.052490234375,24.705789566039982],[72.00109100341825,24.682970046997127],[71.96740722656267,24.637939453125227],[71.91723632812517,24.65089035034174],[71.87110137939453,24.672218322753906],[71.8647003173831,24.61955070495611],[71.81176757812517,24.621820449829215],[71.79898834228533,24.670520782470817],[71.74577331542986,24.65427970886236],[71.68599700927763,24.639841079711914],[71.63416290283203,24.658050537109318],[71.58309936523443,24.676530838012752],[71.52731323242216,24.67716026306158],[71.47424316406256,24.663200378417912],[71.42230987548834,24.63810157775879],[71.37269592285173,24.625761032104435],[71.3216400146485,24.640319824218693],[71.26095581054693,24.620531082153263],[71.20732879638689,24.639549255371037],[71.14673614501959,24.65801048278803],[71.1004028320313,24.683338165283203],[71.0627670288086,24.7389297485351],[71.03530883789068,24.798770904541016],[71.00955963134771,24.841650009155387],[70.97865295410156,24.889722824096793],[70.94548797607428,24.934541702270508],[70.92560577392595,24.99471092224121],[70.91372680664091,25.045520782470646],[70.90538024902361,25.095031738281193],[70.89430999755876,25.144058227539062],[70.85597229003923,25.182189941406193],[70.80934906005871,25.2237606048584],[70.76644897460966,25.26494979858404],[70.74426269531256,25.320960998535384],[70.70590209960938,25.360090255737248],[70.67626190185575,25.401081085205078],[70.68290710449247,25.473520278930664],[70.6762161254884,25.523870468139705],[70.6772766113283,25.588689804077205],[70.68090057373064,25.64641952514654],[70.66596221923857,25.69722938537592],[70.6017074584961,25.703250885009766],[70.53705596923828,25.67700958251953],[70.47035217285162,25.674369812011776],[70.4087982177735,25.666271209716854],[70.28526306152338,25.69893074035639],[70.24639892578142,25.763488769531307],[70.20671844482439,25.802291870117188],[70.1663208007813,25.842359542846737],[70.10668182373058,25.924209594726562],[70.09111022949219,25.983737945556754],[70.0804519653322,26.058237075805778],[70.12638854980463,26.139385223388615],[70.15941619873064,26.194488525390625],[70.1726684570313,26.245077133178825],[70.16674041748053,26.306997299194393],[70.17790222167969,26.36583518981928],[70.17599487304688,26.433296203613338],[70.1838989257813,26.48683357238781],[70.16780090332048,26.550559997558594],[70.1068801879884,26.58952140808117],[70.04782104492188,26.599136352539176],[69.9963150024414,26.5938720703125],[69.9183425903322,26.582603454589844],[69.85555267333984,26.58292007446289],[69.79483795166027,26.59998321533203],[69.7432708740235,26.638463973999023],[69.6989822387697,26.665069580078352],[69.60830688476591,26.70030975341797],[69.55044555664068,26.724645614624023],[69.4875106811524,26.793655395507926],[69.49574279785162,26.872491836547965],[69.5035934448245,26.94329071044922],[69.5128784179688,27.01438140869152],[69.5372619628908,27.06927299499506],[69.55678558349615,27.117254257202376],[69.578125,27.165489196777344],[69.66594696044916,27.251436233520735],[69.72467803955107,27.29477691650385],[69.79387664794933,27.346462249756087],[69.83253479003912,27.37876319885254],[69.90762329101562,27.459577560424805],[69.93624877929705,27.50210762023937],[70.0,27.545042037963924],[70.05142211914057,27.635339736938477],[70.08312988281267,27.708366394043026],[70.10781097412115,27.766872406005916],[70.15695190429705,27.83404922485363],[70.20716857910162,27.884899139404354],[70.2813339233399,27.930423736572266],[70.32187652587919,27.964889526367188],[70.36616516113298,28.00824928283697],[70.43235778808611,28.0215492248538],[70.48375701904303,28.034011840820426],[70.5626296997072,28.019802093505973],[70.6041107177735,27.98344993591337],[70.65086364746122,27.939855575561523],[70.67284393310541,27.869792938232592],[70.68794250488298,27.82188987731945],[70.71484375000017,27.776287078857365],[70.75143432617188,27.7266006469726],[70.8013381958009,27.708120346069393],[70.85793304443365,27.70220947265625],[70.94995117187528,27.71883964538597],[71.03398895263678,27.75726127624506],[71.08701324462896,27.776792526245174],[71.13994598388666,27.79829978942871],[71.20865631103533,27.824350357055835],[71.27295684814453,27.84192848205572],[71.32578277587908,27.851749420166072],[71.38105010986328,27.861930847168196],[71.44787597656256,27.86605262756376],[71.49971008300798,27.865570068359432],[71.58657836914068,27.870300292968807],[71.64443206787138,27.86873054504406],[71.6980361938476,27.88256263732916],[71.75962829589872,27.90730285644537],[71.82628631591803,27.930480957031364],[71.8931121826173,27.95511054992687],[71.90867614746094,28.01393127441412],[71.91760253906267,28.065170288085938],[71.92790985107439,28.114620208740348],[71.9660415649414,28.16526031494152],[71.99588012695318,28.20695686340332],[72.04427337646501,28.243461608886832],[72.09078979492205,28.278499603271484],[72.13633728027372,28.314859390258903],[72.1844253540039,28.358005523681925],[72.23577117919939,28.474836349487305],[72.25341796875028,28.52703285217285],[72.27961730957048,28.601421356201172],[72.30195617675798,28.66481590270996],[72.34435272216803,28.716039657592887],[72.3783493041995,28.755741119384766],[72.43093109130865,28.788570404052734],[72.48480987548857,28.810420989990348],[72.54417419433611,28.843580245971737],[72.59012603759766,28.867349624634016],[72.64351654052729,28.89910125732422],[72.71129608154303,28.935029983520565],[72.78582000732422,28.96537017822277],[72.84401702880876,28.987722396850586],[72.8989868164063,29.00938987731945],[72.95053863525402,29.04591941833496],[72.97570800781256,29.099180221557845],[72.99981689453125,29.146522521972884],[73.03553771972656,29.188011169433537],[73.07846069335943,29.233400344848746],[73.10943603515653,29.282739639282283],[73.13701629638678,29.329309463501204],[73.16900634765625,29.38599967956543],[73.20236206054682,29.441909790039062],[73.22751617431669,29.48661994934082],[73.26213836669928,29.54120063781761],[73.283920288086,29.597682952880916],[73.31202697753935,29.686220169067496],[73.3336791992188,29.749691009521484],[73.34957122802763,29.805160522460994],[73.36582183837885,29.852840423583984],[73.38539886474615,29.9260196685791],[73.46694183349626,29.969078063964844],[73.53329467773432,29.993635177612305],[73.5994873046875,30.018539428710994],[73.65339660644543,30.031200408935717],[73.70915985107422,30.047121047973576],[73.78721618652361,30.0664005279541],[73.8377075195312,30.108701705932617],[73.88349151611328,30.13885116577154],[73.95796203613287,30.18574714660656],[73.96118164062506,30.13422966003418],[73.93152618408232,30.083810806274414],[73.89480590820318,30.046850204467773],[73.88112640380865,29.996280670166016],[73.88944244384783,29.97760963439964]]]}},{"type":"Feature","properties":{"name":"Sikkim"},"geometry":{"type":"Polygon","coordinates":[[[88.64525604248064,28.09912109375017],[88.6952209472658,28.076980590820256],[88.7480545043947,28.07406616210966],[88.79471588134794,28.03704261779808],[88.83463287353533,28.000408172607592],[88.83644866943365,27.947359085083008],[88.87023162841825,27.902429580688533],[88.88099670410173,27.83896064758312],[88.85233306884794,27.7783203125],[88.85151672363287,27.72405052185087],[88.8466110229495,27.669040679931925],[88.80713653564482,27.63625907897955],[88.7885360717774,27.588069915771484],[88.77510070800776,27.537599563598746],[88.7854309082033,27.487672805786303],[88.79402160644548,27.436609268188704],[88.82238006591825,27.394081115722713],[88.86721801757841,27.36824989318842],[88.90693664550798,27.330673217773438],[88.90376281738287,27.27880096435564],[88.85621643066423,27.261293411254883],[88.80110168457048,27.247579574585075],[88.78890991210943,27.198499679565657],[88.76048278808594,27.157131195068473],[88.70197296142584,27.174110412597713],[88.64248657226574,27.167158126831055],[88.59810638427729,27.191371917724666],[88.54084014892607,27.18371009826666],[88.51222991943388,27.141031265258903],[88.46672058105486,27.11394119262701],[88.41100311279297,27.090700149536246],[88.3523025512697,27.101070404052848],[88.30449676513678,27.128601074218864],[88.25154876708984,27.12536048889183],[88.19561767578153,27.136230468750114],[88.14377593994135,27.117071151733626],[88.09593963623064,27.135509490967024],[88.06926727294928,27.184949874877987],[88.03292846679716,27.22103118896507],[88.0329132080081,27.271715164184684],[88.05203247070307,27.318447113037166],[88.04441833496111,27.37071609497076],[88.06076049804716,27.418222427368107],[88.05380249023455,27.471536636352766],[88.064018249512,27.525115966796932],[88.0871353149414,27.589000701904467],[88.1221313476563,27.627029418945256],[88.14822387695312,27.67155265808111],[88.15733337402361,27.729116439819393],[88.18441772460955,27.774515151977482],[88.19013214111328,27.82509613037132],[88.15662384033209,27.87044715881359],[88.11750793457048,27.905599594116495],[88.12998199462902,27.95594024658226],[88.18276214599615,27.94356155395502],[88.2296981811524,27.96792030334467],[88.28005981445318,27.967611312866325],[88.32914733886747,27.982500076294173],[88.38166046142595,27.979869842529524],[88.42475891113298,28.006530761718807],[88.46917724609375,28.032859802246378],[88.52083587646513,28.041088104248047],[88.5544509887697,28.08483123779297],[88.60279083251959,28.09836959838873],[88.64525604248064,28.09912109375017]]]}},{"type":"Feature","properties":{"name":"Tamil Nadu"},"geometry":{"type":"MultiPolygon","coordinates":[[[[77.55596160888678,8.079030990600813]]],[[[78.1154174804688,8.616808891296387]]],[[[78.1212463378908,8.6173610687257]]],[[[78.12014007568376,8.637921333313272]]],[[[78.12763977050787,8.647921562195052]]],[[[78.11708068847673,8.656530380249023]]],[[[78.20847320556646,8.840970993041992]]],[[[78.22486114501953,8.873749732971248]]],[[[78.25290679931646,8.957921028137264]]],[[[78.49180603027372,9.093194007873535]]],[[[78.53930664062528,9.105973243713379]]],[[[78.58041381835943,9.112361907958984]]],[[[78.48791503906256,9.13486099243164]]],[[[78.69625091552763,9.155140876770076]]],[[[78.730697631836,9.15625095367443]]],[[[78.82819366455084,9.171250343322981]]],[[[78.94069671630865,9.184582710266227]]],[[[78.96765136718761,9.189310073852482]]],[[[79.07013702392572,9.2081947326663]]],[[[79.14206695556658,9.214860916137638]]],[[[79.12568664550798,9.21792030334467]]],[[[79.23235321044928,9.244589805603027]]],[[[79.18402862548845,9.249030113220272]]],[[[79.21902465820318,9.250971794128418]]],[[[79.31236267089838,9.328472137451172],[79.31764221191412,9.278750419616813],[79.34986877441412,9.240420341491813],[79.38903808593744,9.209031105041731],[79.4270858764649,9.175971984863281],[79.3815307617188,9.198472023010254],[79.33958435058605,9.225693702697868],[79.29486083984392,9.24819374084501],[79.24624633789062,9.260141372680664],[79.27263641357433,9.30263996124279],[79.31236267089838,9.328472137451172]]],[[[79.52930450439459,9.384028434753702]]],[[[79.5300903320313,9.385957717895451]]],[[[79.5300903320313,9.385957717895451]]],[[[79.52986145019548,9.388750076294002]]],[[[79.52986145019548,9.388750076294002]]],[[[79.52930450439459,9.389304161071891]]],[[[79.52930450439459,9.389304161071891]]],[[[79.52864837646513,9.389852523803825]]],[[[79.706802368164,10.28819465637207]]],[[[79.69790649414062,10.29013919830328]]],[[[79.69569396972685,10.290970802307072]]],[[[79.6912460327149,10.297920227051009]]],[[[79.68597412109403,10.298472404480151]]],[[[79.62264251709013,10.299861907958984]]],[[[79.6081924438476,10.302639961242733]]],[[[79.6187515258789,10.308751106262491]]],[[[79.62403106689447,10.308751106262491]]],[[[79.63153076171875,10.308751106262491]]],[[[79.69985961914068,10.309582710266284]]],[[[79.67736053466803,10.309861183166447]]],[[[79.6898498535158,10.310420989990291]]],[[[79.60875701904325,10.311250686645508]]],[[[79.69597625732439,10.321251869201944]]],[[[79.63208007812517,10.33319377899187]]],[[[79.62568664550793,10.3437509536746]]],[[[79.83902740478533,11.236530303955249]]],[[[79.82707977294928,11.237361907959212]]],[[[79.99124908447283,12.251251220703182]]],[[[80.3229064941408,13.438470840454215]]],[[[80.07582092285168,13.526760101318416],[80.1208114624024,13.502360343933162],[80.16459655761736,13.477861404418945],[80.21624755859403,13.481831550598258],[80.25834655761724,13.449290275573958],[80.27999877929705,13.40205097198509],[80.32819366455107,13.388470649719238],[80.3248519897461,13.439029693603743],[80.33235931396496,13.389040946960677],[80.34375,13.339859962463322],[80.34570312500006,13.289859771728743],[80.33403015136724,13.240416526794547],[80.31903839111357,13.191811561584586],[80.30097198486345,13.145139694213924],[80.2962493896485,13.095137596130371],[80.2806930541995,13.045140266418457],[80.27179718017595,12.995141029357967],[80.260971069336,12.945421218872184],[80.25402832031244,12.89568996429449],[80.24874877929688,12.841251373291072],[80.23457336425776,12.792922019958553],[80.24180603027372,12.742080688476506],[80.22486114501953,12.694862365722713],[80.20764160156278,12.64791679382347],[80.19208526611345,12.599582672119197],[80.17569732666016,12.550971031188965],[80.16152954101562,12.502920150756836],[80.1493072509765,12.454305648803768],[80.12097167968756,12.412921905517862],[80.08902740478544,12.374028205871866],[80.05790710449247,12.334858894348145],[80.02902984619146,12.29402828216547],[79.99540710449236,12.256810188293457],[79.9551391601562,12.227083206176815],[79.99819183349621,12.252640724182243],[79.97819519042997,12.206806182861499],[79.95014190673857,12.164860725403003],[79.92263793945318,12.122639656067179],[79.89569091796892,12.08042144775385],[79.8712463378908,12.036526679992676],[79.85152435302763,11.990414619445858],[79.83763885498075,11.942359924316406],[79.78756713867193,11.93837070465105],[79.74083709716803,11.90945053100603],[79.71449279785173,11.95525074005144],[79.69048309326178,12.001120567321777],[79.64234161376947,11.975811004638615],[79.6948013305664,11.97511100769043],[79.6920013427735,11.924480438232536],[79.71692657470703,11.87684154510498],[79.66036987304693,11.87732028961176],[79.70379638671892,11.838290214538574],[79.74980926513678,11.860529899597282],[79.79097747802751,11.831809997558821],[79.7956924438476,11.778740882873535],[79.78457641601574,11.729310989379996],[79.77236175537121,11.68042087554943],[79.76097106933588,11.631241798400993],[79.75708007812506,11.578190803527832],[79.7645797729495,11.528751373291016],[79.78485870361345,11.482640266418457],[79.80847167968744,11.437920570373535],[79.82013702392595,11.388751029968262],[79.83847045898455,11.339029312134073],[79.83875274658232,11.287638664245605],[79.83819580078153,11.237640380859602],[79.85430908203125,11.190137863159237],[79.85848236084001,11.139860153198185],[79.85819244384777,11.089570999145621],[79.85624694824224,11.037361145019531],[79.85514068603527,10.97764110565197],[79.80454254150396,10.982879638671989],[79.75260162353516,10.979891777038631],[79.70365142822271,10.951861381530875],[79.72590637207048,10.906901359558049],[79.77317047119169,10.889560699462834],[79.80745697021496,10.852690696716309],[79.84329223632818,10.812251091003532],[79.8506927490235,10.760689735412654],[79.85319519042974,10.701806068420353],[79.85375213623053,10.647640228271541],[79.85597229003906,10.595422744750977],[79.85986328125006,10.545140266418457],[79.86235809326178,10.494859695434684],[79.86457824707048,10.44486141204834],[79.8681869506836,10.394861221313704],[79.876518249512,10.345421791076717],[79.87819671630865,10.295417785644588],[79.82430267333979,10.275421142578182],[79.773193359375,10.27319431304943],[79.74319458007841,10.313195228576888],[79.69374847412115,10.325151443481445],[79.6393051147461,10.319026947021598],[79.58930206298857,10.308751106262491],[79.63764190673834,10.294584274291992],[79.68791961669916,10.293748855591048],[79.73596954345732,10.2779159545899],[79.68569183349626,10.280140876770304],[79.63540649414068,10.288750648498535],[79.58541870117193,10.296529769897688],[79.53542327880865,10.304020881652946],[79.57903289794939,10.329030036926213],[79.5287475585938,10.321530342102335],[79.48014068603521,10.336530685424805],[79.43402862548857,10.315419197082576],[79.38291931152372,10.315973281860295],[79.3412475585938,10.28708267211914],[79.29763793945341,10.262360572814885],[79.28125000000028,10.21374893188488],[79.24208068847662,10.182360649108887],[79.22957611084013,10.13347053527832],[79.23264312744135,10.083470344543514],[79.26041412353521,10.041805267333984],[79.22513580322271,10.006250381469727],[79.19235992431669,9.968193054199332],[79.15652465820341,9.933195114135799],[79.12709045410162,9.8926420211792],[79.11180877685553,9.84486007690441],[79.07986450195307,9.805417060852164],[79.04680633544933,9.767641067504883],[79.01457977294933,9.729306221008414],[78.98236083984403,9.69097042083763],[78.96459197998053,9.64291858673107],[78.93428802490263,9.602920532226676],[78.9212493896485,9.553471565246696],[78.91485595703153,9.502640724182243],[78.90902709960938,9.45263862609869],[78.93624877929688,9.41069412231468],[78.96958160400419,9.373194694518986],[79.00736236572294,9.340141296386662],[79.04736328125006,9.310140609741154],[79.09513854980486,9.29236125946045],[79.14569091796892,9.2909708023073],[79.1034698486331,9.263472557067871],[79.05319213867205,9.262630462646484],[79.0020828247072,9.271530151367188],[78.95207977294922,9.271821022033976],[78.9065246582033,9.249859809875659],[78.85626220703136,9.250140190124625],[78.80764007568388,9.236531257629395],[78.76069641113287,9.218470573425577],[78.71875000000028,9.190971374511662],[78.66902923583984,9.19736194610607],[78.64097595214838,9.155694961548136],[78.5926361083985,9.142084121704329],[78.54041290283232,9.137084007263411],[78.49069213867188,9.1293115615847],[78.44124603271513,9.121810913085938],[78.3956909179687,9.100694656372298],[78.35708618164068,9.06875038146984],[78.31735992431658,9.038193702697868],[78.27680206298834,9.008749961853312],[78.23402404785162,8.982084274291935],[78.19958496093778,8.945693016052417],[78.17986297607428,8.899027824401799],[78.16652679443365,8.849583625793514],[78.15902709960955,8.800141334533805],[78.19875335693365,8.76792144775385],[78.1609725952149,8.734862327575797],[78.13681030273449,8.69097042083746],[78.10514068603521,8.652083396911905],[78.09707641601568,8.602079391479776],[78.1337509155274,8.567639350891113],[78.12236022949247,8.516531944275073],[78.105697631836,8.469312667846737],[78.07319641113298,8.431250572204533],[78.0551376342774,8.383740425110034],[78.01431274414068,8.35431194305437],[77.96847534179705,8.332639694213867],[77.93013763427751,8.30041694641119],[77.8881912231447,8.273195266723746],[77.84014129638689,8.254861831665153],[77.79569244384783,8.231530189514217],[77.76457977294939,8.192360877990723],[77.72069549560547,8.168195724487418],[77.67041015625006,8.159309387207202],[77.62069702148466,8.152091026306152],[77.5743026733399,8.132919311523722],[77.55513763427734,8.086249351501465],[77.50514221191435,8.084583282470817],[77.45513916015653,8.093194007873535],[77.40651702880888,8.10486125946045],[77.35902404785185,8.120694160461369],[77.30847167968778,8.12680435180664],[77.27430725097668,8.163473129272461],[77.23014068603533,8.187358856201229],[77.1893081665039,8.216251373291016],[77.1534729003908,8.251250267028809],[77.1131973266601,8.280971527099666],[77.14470672607439,8.32022953033453],[77.13584136962902,8.37251091003418],[77.17977905273438,8.409090995788574],[77.2090682983399,8.45068073272705],[77.19201660156267,8.499381065368652],[77.247543334961,8.501379966735897],[77.25152587890642,8.570989608764762],[77.21869659423845,8.618379592895565],[77.18710327148443,8.662291526794434],[77.1617279052735,8.715161323547477],[77.18300628662104,8.761110305786076],[77.22396850585966,8.79833126068138],[77.24562072753923,8.845081329345646],[77.21473693847662,8.892120361328125],[77.18164825439482,8.93256092071556],[77.15844726562517,8.978191375732536],[77.14533233642584,9.027219772338924],[77.1886672973634,9.056480407714957],[77.2117309570313,9.106361389160156],[77.25177764892584,9.1430406570434],[77.25329589843756,9.193360328674316],[77.26566314697271,9.24368095397972],[77.27345275878923,9.294191360473746],[77.31134033203153,9.327901840209961],[77.3257904052735,9.378681182861385],[77.33425140380854,9.431051254272575],[77.37737274169922,9.458660125732536],[77.38675689697283,9.516739845275993],[77.34655761718756,9.54856109619152],[77.31078338623075,9.584501266479549],[77.26113891601568,9.566679954528922],[77.20910644531278,9.584439277648926],[77.15550231933622,9.60150146484375],[77.1688766479495,9.651579856872502],[77.18900299072271,9.69750022888195],[77.21135711669928,9.745249748230037],[77.2320327758789,9.79441070556652],[77.2236633300783,9.849010467529354],[77.21689605712902,9.90576076507574],[77.25527954101591,9.950189590454102],[77.24088287353521,10.000130653381348],[77.22068023681646,10.050610542297363],[77.18990325927751,10.09097003936779],[77.23483276367199,10.11665058136009],[77.26441192626982,10.179739952087402],[77.2455368041995,10.226250648498592],[77.231918334961,10.27723026275629],[77.22251129150408,10.328531265258903],[77.1731262207033,10.344011306762638],[77.12673187255854,10.3202419281007],[77.07344055175787,10.29579162597662],[77.03855133056646,10.248160362243766],[76.9914169311524,10.22299957275402],[76.93920898437528,10.221111297607422],[76.89182281494146,10.2430801391601],[76.86427307128935,10.290040969848576],[76.82676696777361,10.33026123046875],[76.82048797607428,10.381790161132812],[76.81745147705084,10.438489913940543],[76.8202896118164,10.490679740905875],[76.82572937011747,10.54298019409191],[76.80861663818376,10.594481468200911],[76.85246276855463,10.623941421508846],[76.8555068969726,10.675271987915153],[76.87931823730497,10.720239639282283],[76.89750671386736,10.770799636841048],[76.85259246826183,10.808501243591365],[76.82459259033232,10.850441932678223],[76.77773284912126,10.878970146179427],[76.72785949707043,10.886798858642635],[76.67487335205107,10.906401634216422],[76.66044616699236,10.960459709167594],[76.69040679931646,11.017499923706112],[76.74401855468756,11.025900840759334],[76.79247283935553,11.04237270355236],[76.74022674560553,11.045628547668457],[76.73500061035173,11.099100112915153],[76.70298767089844,11.1417818069458],[76.71791076660162,11.192400932312125],[76.67938995361334,11.227029800415266],[76.62966918945341,11.190800666809082],[76.57778167724638,11.1968412399292],[76.52123260498053,11.190270423889274],[76.46586608886736,11.19874191284174],[76.48812866210966,11.251961708068848],[76.53405761718756,11.287961006164608],[76.53820037841803,11.351590156555176],[76.47286987304716,11.37534141540533],[76.41838836669939,11.405269622802848],[76.37058258056646,11.440899848938045],[76.30593872070318,11.453351020813102],[76.25792694091825,11.473222732543945],[76.23320007324236,11.518679618835506],[76.25969696044939,11.586937904357967],[76.30919647216808,11.569600105285645],[76.36537170410173,11.591718673705998],[76.42128753662115,11.62510013580328],[76.46660614013666,11.672321319580192],[76.51307678222662,11.694191932678336],[76.54521942138689,11.648250579834041],[76.57482910156256,11.605719566345215],[76.62565612792997,11.603818893432674],[76.67904663085966,11.604141235351676],[76.73542785644537,11.605230331421012],[76.790756225586,11.599700927734432],[76.83728027343756,11.574480056762695],[76.8330917358399,11.62529087066656],[76.84472656250006,11.677371978759766],[76.87558746337908,11.71789932250988],[76.89150238037121,11.770112037658635],[76.94032287597662,11.781020164489803],[76.99035644531244,11.799319267273063],[77.02757263183594,11.761699676513729],[77.07385253906261,11.72954082489008],[77.11096954345703,11.76314926147461],[77.16591644287115,11.774230003357047],[77.21642303466814,11.784760475158805],[77.27227783203125,11.791179656982365],[77.32611846923828,11.758939743042106],[77.38189697265653,11.77616119384777],[77.43209075927763,11.778941154479924],[77.45629882812528,11.839121818542708],[77.45392608642584,11.89055061340332],[77.48439788818376,11.932399749755916],[77.54799652099615,11.93074989318842],[77.60372161865263,11.930269241333235],[77.65482330322277,11.937358856201229],[77.67719268798822,11.984271049499739],[77.70722961425787,12.033281326294002],[77.7461013793947,12.069320678711051],[77.74729156494146,12.122320175171012],[77.71951293945341,12.171520233154297],[77.66813659667974,12.183719635009766],[77.61582183837908,12.189781188964844],[77.56533813476568,12.190450668334961],[77.51130676269548,12.183971405029354],[77.4683609008789,12.210199356079102],[77.4701766967774,12.261870384216365],[77.52352142334001,12.281001091003418],[77.56603240966814,12.31670093536377],[77.60382843017578,12.353751182556152],[77.61582946777361,12.404880523681697],[77.6252059936524,12.477261543273869],[77.57536315917969,12.468379974365462],[77.57763671874994,12.523470878601131],[77.58145904541016,12.584231376647892],[77.58937072753912,12.636642456054688],[77.63294219970697,12.67013072967535],[77.67835998535156,12.649020195007438],[77.73140716552751,12.66397953033453],[77.76152801513689,12.707710266113395],[77.7716293334961,12.759831428527889],[77.79441070556646,12.805809974670353],[77.82209014892584,12.849849700927962],[77.8780059814456,12.85928058624279],[77.92900848388689,12.87477016448986],[77.90923309326178,12.822019577026367],[77.95800018310564,12.836341857910156],[77.98972320556646,12.797190666198958],[78.01435852050793,12.842989921569881],[78.06456756591825,12.830169677734489],[78.10205078125006,12.793397903442496],[78.14771270751982,12.763299942016545],[78.19892120361328,12.75509071350092],[78.22032928466803,12.703289985656681],[78.28418731689459,12.667619705200195],[78.32939910888678,12.63843059539795],[78.37420654296875,12.613091468811092],[78.42489624023438,12.614900588989201],[78.45765686035185,12.662249565124512],[78.49413299560547,12.697940826416016],[78.54371643066406,12.684600830078182],[78.55030822753912,12.738760948181266],[78.58251953125006,12.785321235656738],[78.59229278564464,12.836770057678223],[78.61222839355486,12.888561248779354],[78.63566589355486,12.938340187072868],[78.62837982177763,12.98972129821783],[78.67935943603533,13.008970260620345],[78.70244598388689,13.056151390075797],[78.75446319580072,13.046981811523665],[78.80087280273455,13.075530052185059],[78.85835266113287,13.071069717407283],[78.87937164306669,13.02550125122076],[78.91438293457037,13.067761421203727],[78.96465301513666,13.072799682617301],[79.02281951904325,13.056401252746582],[79.06057739257841,13.020839691162053],[79.11927032470709,13.02256965637207],[79.17059326171886,13.015680313110352],[79.18065643310553,13.067040443420467],[79.21827697753918,13.103941917419434],[79.24722290039068,13.14808177947998],[79.28810119628935,13.118280410766602],[79.34435272216808,13.1235609054566],[79.37078094482439,13.168589591980094],[79.4205932617188,13.184461593627987],[79.40734100341825,13.237661361694563],[79.42177581787115,13.286660194396916],[79.47927856445312,13.321459770202637],[79.53578186035156,13.311070442199934],[79.55478668212885,13.259181022644157],[79.60510253906278,13.267360687255916],[79.65740203857416,13.268480300903377],[79.69603729248053,13.233890533447209],[79.7375030517581,13.205520629882926],[79.784896850586,13.223480224609489],[79.73938751220732,13.25443077087408],[79.75405883789074,13.302789688110408],[79.80848693847656,13.30508041381836],[79.85885620117205,13.313740730285872],[79.90628814697294,13.33905124664318],[79.94803619384777,13.367220878601074],[79.96322631835943,13.417910575866813],[79.98747253417974,13.461910247802791],[80.0360412597658,13.484479904175032],[79.9901733398438,13.510090827941838],[80.0454177856447,13.521981239318961],[80.07582092285168,13.526760101318416]]]]}},{"type":"Feature","properties":{"name":"Tripura"},"geometry":{"type":"Polygon","coordinates":[[[92.18519592285168,24.522872924804688],[92.23087310791033,24.4996280670166],[92.23919677734403,24.44726753234869],[92.26420593261747,24.397581100463924],[92.21285247802746,24.24930953979515],[92.28478240966825,24.252040863037223],[92.31899261474626,24.20899963378912],[92.33435058593761,24.150829315185547],[92.32834625244158,24.09859848022461],[92.3152694702149,24.048690795898438],[92.3290557861331,23.98965072631836],[92.31270599365251,23.941230773925895],[92.32157135009777,23.891399383544865],[92.27657318115263,23.852920532226676],[92.2623367309572,23.80488014221197],[92.26634979248064,23.738727569580135],[92.24691009521501,23.691759109497127],[92.19918060302729,23.707059860229492],[92.15869903564482,23.737571716308537],[92.1254501342774,23.698150634765625],[92.08624267578153,23.667011260986385],[92.03553009033197,23.661661148071403],[91.99771118164074,23.70104026794445],[91.94885253906256,23.68877029418951],[91.95095825195318,23.63286972045904],[91.96235656738287,23.581310272216797],[91.96649169921875,23.530960083007926],[91.97331237792997,23.48076820373541],[91.94287109375017,23.438350677490348],[91.8927078247072,23.435289382934513],[91.85045623779308,23.40276908874506],[91.82373046875006,23.35721969604498],[91.79161834716814,23.31053924560547],[91.77091217041021,23.263759613037166],[91.78781127929705,23.21585083007824],[91.80703735351562,23.168989181518555],[91.81385803222685,23.118579864501953],[91.8069458007813,23.067550659179688],[91.76631164550787,23.029270172119084],[91.72811126709001,22.99688911437994],[91.67798614501959,22.991210937499943],[91.63359832763683,22.966421127319336],[91.58335113525408,22.96322059631342],[91.54717254638678,22.99875831604004],[91.54139709472656,23.050420761108455],[91.52648925781267,23.100410461425838],[91.50276947021513,23.14513015747076],[91.47477722167969,23.188398361205998],[91.46673583984403,23.238479614257812],[91.42202758789068,23.263059616088924],[91.39697265625017,23.21862030029297],[91.39293670654291,23.167650222778434],[91.40380859374994,23.117980957031307],[91.41799926757818,23.06913948059082],[91.36660003662138,23.08186912536644],[91.34514617919928,23.128690719604435],[91.33014678955107,23.18330955505371],[91.32872009277361,23.234979629516715],[91.31536102294939,23.28544807434082],[91.3010864257813,23.335372924804688],[91.28402709960932,23.38437080383295],[91.27355194091797,23.43375968933111],[91.25650024414068,23.4820499420166],[91.21541595459001,23.512390136718807],[91.1985626220706,23.561870574951172],[91.16581726074236,23.602251052856445],[91.16452789306646,23.654659271240348],[91.20815277099626,23.67978096008312],[91.15828704833996,23.691221237182617],[91.16166687011724,23.74266052246105],[91.21090698242193,23.751560211181754],[91.23206329345709,23.797010421753043],[91.25689697265636,23.84452056884777],[91.23233032226591,23.888402938842773],[91.26724243164057,23.927072525024414],[91.27986907959001,23.976812362670955],[91.32707214355474,23.994581222534293],[91.37535095214872,23.977428436279297],[91.39083099365263,24.029052734375],[91.37841033935575,24.077760696411133],[91.4180297851563,24.10981178283697],[91.46729278564482,24.09955024719244],[91.51722717285162,24.086610794067496],[91.56764221191435,24.078340530395565],[91.61550140380888,24.09620285034191],[91.64032745361322,24.146989822387695],[91.65276336669939,24.196109771728572],[91.69043731689464,24.162740707397518],[91.73684692382812,24.142850875854492],[91.75464630126959,24.189640045166072],[91.74346923828153,24.247127532958984],[91.78859710693365,24.222089767456282],[91.83991241455084,24.227228164672795],[91.86252593994135,24.18159294128418],[91.88825225830107,24.137029647827205],[91.92209625244158,24.203781127929688],[91.9371414184572,24.253698348999023],[91.92920684814459,24.307800292968807],[91.95258331298845,24.353660583496094],[91.99542999267607,24.32126045227045],[91.97805786132824,24.37074279785162],[92.02832031250017,24.379480361938477],[92.08039855957048,24.37585258483898],[92.12792968750006,24.39919090270996],[92.1700515747072,24.426460266113395],[92.15943908691412,24.476961135864258],[92.16335296630876,24.528129577636832],[92.18519592285168,24.522872924804688]]]}},{"type":"Feature","properties":{"name":"Uttar Pradesh"},"geometry":{"type":"Polygon","coordinates":[[[77.58467864990263,30.4087810516358],[77.63569641113287,30.410121917724894],[77.67700195312494,30.38080024719244],[77.70773315429688,30.341321945190543],[77.75705718994152,30.32096099853527],[77.80179595947283,30.29599189758312],[77.85189056396513,30.27658271789545],[77.90363311767595,30.26267814636236],[77.90229797363298,30.209760665893555],[77.87332916259783,30.16393089294462],[77.84468841552751,30.11950111389166],[77.7987365722658,30.09786033630394],[77.7644271850586,30.0608806610108],[77.74642944335932,30.011341094970703],[77.74014282226557,29.95890045166027],[77.72721099853533,29.909042358398438],[77.70603179931658,29.863740921020735],[77.74234008789068,29.824632644653548],[77.76539611816412,29.775730133056754],[77.75771331787126,29.71591949462902],[77.80448913574224,29.676900863647518],[77.85405731201189,29.688909530639705],[77.91020965576178,29.698938369751204],[77.9566879272461,29.679040908813477],[77.97351837158209,29.62676239013672],[77.98076629638678,29.568759918213004],[78.03256225585955,29.551700592041016],[78.05924987792969,29.60161018371582],[78.10697937011736,29.633180618286246],[78.13912200927763,29.67609977722185],[78.19229888916021,29.706590652465877],[78.26476287841803,29.72679138183605],[78.33174133300793,29.796180725097884],[78.385986328125,29.773860931396484],[78.45215606689447,29.75213813781744],[78.50025939941423,29.715339660644645],[78.50921630859392,29.65965270996105],[78.5612106323245,29.59373092651373],[78.60524749755865,29.56179809570324],[78.67655944824224,29.521350860595703],[78.72660827636747,29.50871086120611],[78.77474975585938,29.480939865112305],[78.82376861572266,29.469690322876204],[78.87542724609392,29.459978103637752],[78.88719177246122,29.40899085998535],[78.8403930664063,29.379930496215763],[78.79014587402344,29.352119445800838],[78.74164581298857,29.33588027954113],[78.76552581787104,29.28992080688488],[78.8137817382812,29.25229072570812],[78.86406707763678,29.249492645263786],[78.8935623168947,29.204839706421126],[78.89834594726562,29.154888153076286],[78.9488830566408,29.152780532836914],[78.99540710449236,29.129270553588867],[79.02614593505865,29.171960830688533],[79.07286071777361,29.151990890502987],[79.13080596923828,29.129360198974553],[79.13698577880865,29.069339752197266],[79.15827941894548,29.022878646850813],[79.211166381836,29.023700714111328],[79.25801849365234,28.986949920654354],[79.29892730712896,28.95311164855957],[79.3496170043947,28.952100753784237],[79.39830780029303,28.93515968322754],[79.39791870117193,28.88104057312023],[79.44777679443388,28.860059738159293],[79.50248718261747,28.862760543823185],[79.5504989624024,28.88418006896984],[79.59805297851591,28.864919662475586],[79.65405273437506,28.848739624023608],[79.70189666748064,28.869899749755973],[79.74870300292974,28.891540527343807],[79.79485321044928,28.869871139526367],[79.79704284667969,28.816490173339844],[79.84171295166033,28.842609405517635],[79.86728668212896,28.796449661254996],[79.91204833984375,28.764961242675724],[79.94087219238298,28.721458435058707],[79.99958038330072,28.72564125061041],[80.03476715087896,28.763231277466105],[80.05842590332037,28.83526039123535],[80.10881805419933,28.82771492004406],[80.1566772460938,28.797840118408487],[80.20236206054705,28.76446151733427],[80.25228881835966,28.757822036743164],[80.27651214599638,28.711414337158317],[80.32366180419939,28.689374923705998],[80.35501861572271,28.65011596679716],[80.40621948242216,28.634819030762003],[80.45820617675787,28.623325347900504],[80.49659729003935,28.575210571289062],[80.512992858887,28.623710632324276],[80.54161834716825,28.690538406372298],[80.59204101562517,28.679725646972656],[80.63491821289057,28.637214660644702],[80.67970275878935,28.609104156494368],[80.71630096435553,28.56789779663086],[80.76963043212908,28.565517425537223],[80.80144500732422,28.52102851867687],[80.84605407714872,28.495420455932788],[80.89789581298857,28.505599975585938],[80.91738891601591,28.457523345947322],[80.96881866455084,28.4569149017334],[81.01917266845709,28.45155906677246],[81.03411865234403,28.39871597290039],[81.091117858887,28.382015228271598],[81.15041351318365,28.371315002441406],[81.20446014404291,28.361988067627067],[81.23590087890653,28.315727233887003],[81.28221893310558,28.234714508056868],[81.32241058349615,28.19716835022001],[81.32014465332037,28.145103454589844],[81.37311553955095,28.142215728759993],[81.41249847412138,28.174552917480696],[81.45178222656261,28.141986846923828],[81.48022460937528,28.08251571655296],[81.53952026367199,28.053514480591105],[81.58841705322266,28.02501487731945],[81.63793182373053,27.997339248657227],[81.694633483887,27.98942184448248],[81.75705718994158,27.942962646484602],[81.80397033691423,27.9054470062257],[81.86231994628923,27.877819061279297],[81.92801666259771,27.85964584350603],[81.9528198242188,27.91011619567894],[82.02742004394543,27.925014495849723],[82.0824279785158,27.909021377563477],[82.12311553955084,27.86775398254406],[82.1790161132813,27.85454750061058],[82.23104858398455,27.821914672851847],[82.3049926757812,27.77297782897972],[82.35304260253935,27.748805999755973],[82.40332031250006,27.702909469604663],[82.45071411132807,27.678615570068473],[82.50224304199236,27.684822082519474],[82.55350494384794,27.688489913940487],[82.60205078125006,27.704027175903548],[82.65721893310553,27.713125228881893],[82.70974731445312,27.721378326416016],[82.71513366699236,27.67074775695812],[82.73861694335943,27.62576103210472],[82.752914428711,27.576814651489315],[82.74843597412138,27.525720596313704],[82.80361175537126,27.49639129638689],[82.87231445312506,27.49841499328636],[82.92307281494146,27.50112915039091],[82.96280670166044,27.465820312500114],[83.01813507080107,27.454088211059513],[83.0714187622072,27.45141601562517],[83.13468170166044,27.455629348755053],[83.1902160644533,27.454015731811523],[83.22776031494169,27.411760330200366],[83.27421569824224,27.383415222168253],[83.29474639892595,27.335954666137752],[83.34521484375028,27.33481597900402],[83.38481903076178,27.37073898315441],[83.41156768798834,27.41358757019043],[83.40187072753935,27.463459014892862],[83.48214721679693,27.475389480591105],[83.55323028564453,27.472282409668026],[83.6095657348634,27.469745635986442],[83.66812896728544,27.446998596191577],[83.74735260009783,27.409027099609318],[83.79705810546886,27.386159896850813],[83.85471343994135,27.35371589660656],[83.9080429077149,27.330390930176065],[83.89804077148455,27.278989791870345],[83.94814300537138,27.23833084106468],[83.98512268066418,27.181762695312727],[83.95091247558594,27.140880584716854],[83.94082641601568,27.089620590210018],[83.99017333984392,27.098840713501204],[84.01217651367193,27.053791046142578],[84.03993225097656,27.005872726440657],[84.03909301757818,26.95430946350109],[84.050796508789,26.90164947509794],[84.09986877441423,26.887990951538313],[84.15054321289057,26.839469909668253],[84.19655609130876,26.861181259155217],[84.25211334228521,26.84492111206049],[84.24848937988287,26.792680740356445],[84.23398590087896,26.739530563354492],[84.28675079345703,26.75144004821783],[84.32334136962919,26.688478469848576],[84.40223693847662,26.671222686767578],[84.3834381103515,26.62150955200201],[84.33007049560564,26.618320465087834],[84.27934265136736,26.60658073425293],[84.22866821289068,26.6132106781007],[84.176986694336,26.624540328979492],[84.1241302490235,26.637411117553825],[84.08178710937506,26.603111267089957],[84.04931640625017,26.56159019470215],[84.00068664550798,26.525011062622013],[83.94565582275419,26.510200500488338],[83.90323638916021,26.472270965576172],[83.94626617431635,26.43810844421398],[84.00170135498053,26.44359016418457],[84.04087066650385,26.40849113464361],[84.08767700195318,26.390119552612305],[84.15402984619158,26.376159667968864],[84.17681884765636,26.322490692138615],[84.17099761962908,26.270500183105582],[84.11295318603544,26.261920928955135],[84.07936859130888,26.22121047973627],[84.03115844726562,26.235670089721907],[84.00211334228544,26.19013977050804],[84.03362274169916,26.137479782104606],[84.06923675537121,26.09912109375],[84.11605072021501,26.074880599975813],[84.15902709960943,26.032241821289176],[84.19227600097685,25.989538192749023],[84.24455261230497,25.976818084716854],[84.29155731201189,25.948280334472884],[84.34371185302746,25.958730697632063],[84.40830230712896,25.931350708007926],[84.44371795654297,25.889669418335018],[84.50652313232422,25.872379302978516],[84.54425048828142,25.82998085021967],[84.59819793701166,25.809650421142578],[84.60318756103533,25.75757026672369],[84.55562591552763,25.736408233642578],[84.5523300170899,25.684030532837028],[84.49903106689453,25.677391052246094],[84.45516967773438,25.71031188964855],[84.40187835693371,25.699501037597656],[84.38001251220703,25.74868965148937],[84.32562255859403,25.73710060119629],[84.32071685791033,25.68208122253418],[84.27291870117193,25.661689758300724],[84.21707916259794,25.664060592651424],[84.17398071289091,25.715740203857536],[84.12309265136719,25.72394943237316],[84.06964874267607,25.695610046386832],[84.07650756835966,25.637531280517692],[84.02822113037115,25.62273979187006],[83.95587921142584,25.57542991638178],[83.89942169189459,25.531770706176985],[83.86672973632807,25.493499755859375],[83.82467651367193,25.461240768432617],[83.799369812012,25.410980224609602],[83.74973297119146,25.392061233520508],[83.69893646240251,25.388191223144474],[83.65020751953153,25.367959976196403],[83.6146469116211,25.331661224365234],[83.56938171386713,25.310131072998047],[83.51806640624994,25.30248069763195],[83.47101593017595,25.272148132324276],[83.42872619628912,25.24448966979992],[83.38999176025396,25.211639404296932],[83.34394836425781,25.187402725219727],[83.35212707519526,25.13121986389183],[83.33351135253912,25.084791183471737],[83.31607055664091,25.02733993530279],[83.34040832519537,24.979219436645565],[83.35735321044928,24.919240951538143],[83.3557510375976,24.868650436401424],[83.389633178711,24.827150344848633],[83.40344238281244,24.776670455932617],[83.4414672851563,24.744029998779297],[83.47997283935564,24.70993804931635],[83.49704742431669,24.659219741821403],[83.53890991210955,24.62774276733404],[83.52400207519531,24.57502174377447],[83.49761962890653,24.528970718383732],[83.43563842773466,24.513599395751953],[83.39346313476574,24.484769821167106],[83.39895629882818,24.412080764770508],[83.4397583007813,24.380130767822322],[83.40689086914062,24.338991165161076],[83.40051269531256,24.2852401733399],[83.37734222412126,24.23566055297846],[83.3693618774414,24.180589675903377],[83.34900665283209,24.12643814086914],[83.31107330322277,24.092760086059513],[83.27748870849615,24.049959182739315],[83.24182128906256,24.013731002807617],[83.20835113525408,23.97279930114769],[83.18956756591808,23.921100616455192],[83.13878631591803,23.904371261596793],[83.0866012573245,23.878171920776424],[83.03643798828153,23.88305091857933],[82.98396301269543,23.87955284118658],[82.93308258056635,23.879400253296012],[82.88118743896513,23.910280227661133],[82.84133911132807,23.95014953613304],[82.79872131347662,23.976619720459098],[82.75235748291021,24.00843048095703],[82.76220703125,24.05988121032715],[82.70839691162104,24.08076095581066],[82.66352844238293,24.123929977417106],[82.72036743164074,24.138990402221793],[82.73190307617205,24.201072692871094],[82.74938964843778,24.25662040710455],[82.76603698730486,24.312208175659123],[82.75892639160185,24.363149642944336],[82.70716094970709,24.38517951965332],[82.73271179199224,24.43274116516119],[82.73377990722656,24.487239837646428],[82.71414947509783,24.536199569702205],[82.78093719482439,24.546068191528377],[82.79637145996111,24.59976005554205],[82.7658004760745,24.641630172729492],[82.71460723876959,24.64212989807129],[82.68543243408209,24.686521530151595],[82.62996673584013,24.686700820922795],[82.57396697998064,24.663000106811523],[82.52398681640642,24.65714073181158],[82.47667694091797,24.683580398559627],[82.42015075683605,24.7052516937257],[82.40896606445312,24.649560928344727],[82.40917205810564,24.597829818725813],[82.35391998291021,24.604471206665153],[82.29833984375,24.61242103576683],[82.29189300537126,24.664779663085938],[82.2355194091798,24.676389694213924],[82.24101257324224,24.72690010070812],[82.18873596191412,24.74377822875971],[82.20545959472673,24.791440963745174],[82.14657592773443,24.79730987548828],[82.09465789794939,24.810369491577262],[82.04232788085966,24.834241867065373],[81.99154663085943,24.846500396728743],[81.93718719482428,24.8500595092774],[81.89644622802729,24.89250946044922],[81.90410614013689,24.94226837158203],[81.89922332763678,24.99924087524414],[81.84938049316423,25.00601005554222],[81.79165649414068,25.010009765625],[81.74740600585943,25.03362274169922],[81.68553924560564,25.042182922363224],[81.64684295654303,25.0750408172608],[81.59446716308622,25.07693290710455],[81.62534332275396,25.117811203003043],[81.61347198486334,25.170520782470703],[81.56639862060553,25.195749282837028],[81.51284790039091,25.187900543212947],[81.48995971679716,25.141918182373047],[81.49462127685564,25.08210945129389],[81.43640899658203,25.096160888671818],[81.40020751953142,25.13380050659191],[81.35549926757841,25.157649993896598],[81.32301330566412,25.118392944336165],[81.30638885498053,25.165992736816406],[81.26122283935553,25.1439208984375],[81.2544326782226,25.092700958251953],[81.24756622314447,25.041492462158317],[81.21132659912104,25.00169181823742],[81.20437622070318,24.950479507446403],[81.15548706054705,24.93197059631359],[81.11292266845703,24.90552139282221],[81.08246612548834,24.94769096374523],[81.02667236328153,24.954969406127873],[80.98101043701178,24.929660797119368],[80.94484710693388,24.96800994873047],[80.89431762695307,24.95389938354498],[80.84091949462885,24.93556022644043],[80.79164123535162,24.96391105651867],[80.84504699707037,24.99349975585949],[80.84113311767595,25.05127906799322],[80.86730957031256,25.09402084350586],[80.8754196166995,25.14443016052246],[80.8780364990235,25.195600509643782],[80.83744049072294,25.1603107452392],[80.82769775390636,25.110309600830135],[80.78369903564447,25.138362884521598],[80.7320632934572,25.14052963256836],[80.75112152099626,25.09111976623535],[80.70831298828153,25.064929962158317],[80.65629577636719,25.074441909790153],[80.60846710205095,25.098600387573185],[80.60578918457048,25.149280548095646],[80.59188842773443,25.096002578735465],[80.54862213134771,25.06931114196783],[80.509506225586,25.101020812988338],[80.49420928955095,25.045320510864258],[80.44596099853533,25.065830230712947],[80.3941268920899,25.072021484375057],[80.383041381836,25.018690109252873],[80.32895660400419,25.005430221557845],[80.27849578857439,25.021648406982536],[80.29474639892584,25.06909942626953],[80.33835601806658,25.121250152587834],[80.38066864013666,25.160779953002873],[80.40954589843756,25.20586013793951],[80.36289215087919,25.246829986572322],[80.31983947753906,25.280490875244254],[80.31173706054693,25.3342094421389],[80.3107528686524,25.387317657470646],[80.27372741699236,25.425039291381893],[80.21402740478533,25.404230117797965],[80.16668701171875,25.37895011901867],[80.12708282470709,25.340618133544922],[80.0783996582033,25.353441238403377],[80.02419281005854,25.34459114074707],[79.99870300292974,25.293769836425724],[79.94921875000028,25.265300750732422],[79.89962005615263,25.256570816040153],[79.85099029541044,25.24156951904297],[79.85878753662138,25.19022941589361],[79.85161590576189,25.139778137207088],[79.80516815185558,25.110979080200252],[79.75772094726591,25.13452911376953],[79.70728302001959,25.133319854736328],[79.65659332275402,25.129512786865234],[79.60608673095732,25.132499694824276],[79.56893920898455,25.17552185058588],[79.52864837646513,25.14497947692871],[79.50016021728521,25.099201202392635],[79.45656585693354,25.124990463256836],[79.40196990966825,25.11335945129406],[79.38387298584013,25.170280456543196],[79.42460632324224,25.20264816284191],[79.4417572021485,25.25172042846674],[79.4908294677735,25.2690105438233],[79.43121337890625,25.259550094604606],[79.38861083984386,25.2862491607666],[79.33249664306646,25.29230117797863],[79.30930328369169,25.338569641113395],[79.2601394653322,25.310239791870174],[79.29830932617205,25.275770187378043],[79.34028625488287,25.243080139160156],[79.28401184082031,25.246500015258903],[79.2835159301759,25.18946075439453],[79.30570983886719,25.13990020751953],[79.25807952880865,25.12401962280296],[79.21391296386747,25.148380279541016],[79.17236328124994,25.11847114562994],[79.12084960937528,25.113401412963924],[79.1204223632813,25.164180755615234],[79.07025909423834,25.17776107788086],[79.03888702392595,25.137229919433594],[79.02459716796892,25.186571121215934],[79.05644226074236,25.225709915161246],[79.01161956787126,25.249330520629996],[78.9973373413086,25.19828987121582],[78.94834136962896,25.220180511474666],[78.901596069336,25.18326187133789],[78.87325286865263,25.22608184814453],[78.90859985351562,25.27436065673828],[78.96469879150408,25.28387069702154],[78.9557723999024,25.347761154174805],[78.9034729003908,25.34008979797369],[78.85643768310553,25.316959381103516],[78.85791778564459,25.266241073608512],[78.80562591552751,25.270931243896598],[78.8216629028322,25.318742752075252],[78.86142730712919,25.37702941894554],[78.91201019287104,25.396999359130973],[78.93871307373041,25.352830886840877],[78.97580718994146,25.388690948486328],[78.96012878417986,25.438890457153377],[78.90322875976591,25.4469375610351],[78.93612670898443,25.48778152465826],[78.94381713867199,25.54092025756836],[78.89678955078142,25.559391021728516],[78.85128784179693,25.518890380859375],[78.85717010498053,25.46714019775385],[78.78952789306669,25.483512878418082],[78.7393188476563,25.499879837036133],[78.74812316894543,25.448440551757926],[78.80345153808622,25.438190460205135],[78.7562026977539,25.419298171997184],[78.76574707031267,25.36477088928217],[78.71362304687528,25.3529891967774],[78.67156219482422,25.384561538696403],[78.7002410888673,25.426120758056697],[78.65271759033209,25.444000244140682],[78.60349273681646,25.417070388793945],[78.55690002441423,25.38414955139166],[78.5306930541995,25.33916854858421],[78.48324584960932,25.3141899108889],[78.42981719970732,25.29701042175293],[78.48932647705107,25.29208946228033],[78.53601837158214,25.271949768066463],[78.56149291992205,25.2274494171142],[78.59371185302751,25.15739059448248],[78.59667968750011,25.10345077514654],[78.63558959960949,25.071010589599666],[78.63616180419933,25.010892868041992],[78.62491607666044,24.961940765380973],[78.65947723388666,24.91752052307129],[78.70056915283209,24.886480331421012],[78.75061035156278,24.86886024475092],[78.78054046630871,24.81497192382824],[78.76319885253935,24.766759872436523],[78.77308654785162,24.7116508483889],[78.74487304687511,24.669309616088867],[78.74803161621111,24.611520767212028],[78.79788208007818,24.605319976806584],[78.84436798095703,24.6289901733399],[78.89295196533203,24.61383819580078],[78.93038177490251,24.564390182495117],[78.94416809082037,24.509508132934513],[78.90088653564459,24.483579635620345],[78.94065856933611,24.44598007202154],[78.98777770996111,24.427970886230582],[78.9671707153322,24.37358283996582],[78.93245697021501,24.318889617919922],[78.9098510742188,24.272920608520735],[78.88105010986334,24.228889465331974],[78.83277893066412,24.20928192138672],[78.79168701171892,24.180240631103572],[78.76053619384794,24.23385047912609],[78.70712280273466,24.238769531250114],[78.65779876709001,24.268051147460938],[78.61788177490263,24.299289703369368],[78.58777618408203,24.341350555419922],[78.52762603759777,24.374471664428768],[78.475326538086,24.367429733276595],[78.44029235839872,24.325531005859432],[78.40695190429682,24.2770099639892],[78.35141754150419,24.299270629882756],[78.34092712402372,24.352420806884766],[78.33673095703153,24.40386962890625],[78.28985595703125,24.433120727539176],[78.2668228149414,24.47999954223627],[78.22817230224621,24.51645278930664],[78.25888824462902,24.5581893920899],[78.26985168457048,24.61538124084467],[78.26847839355463,24.66710090637207],[78.23654937744146,24.724639892578125],[78.22582244873053,24.776571273803768],[78.19587707519537,24.828590393066406],[78.16332244873058,24.870992660522518],[78.20395660400402,24.90050125122076],[78.24936676025419,24.93848037719738],[78.30256652832043,24.983970642089957],[78.33751678466791,25.02079010009777],[78.32498931884783,25.07249832153326],[78.36699676513678,25.104520797729435],[78.41072845459013,25.129230499267692],[78.44631195068365,25.166709899902457],[78.39132690429688,25.191200256347656],[78.36888885498053,25.241661071777457],[78.34516143798828,25.297941207885742],[78.32756042480497,25.346450805664062],[78.33027648925776,25.400999069213924],[78.3475875854495,25.454839706421012],[78.396049499512,25.471771240234375],[78.41674804687506,25.51777267456066],[78.4335327148438,25.565240859985295],[78.48626708984403,25.582229614257812],[78.53604888916044,25.566869735717773],[78.58706665039062,25.572940826416016],[78.64434051513678,25.565418243408317],[78.68798828125006,25.595159530639705],[78.74095153808611,25.603879928588867],[78.79454803466814,25.617549896240178],[78.81060791015625,25.66506195068365],[78.77752685546903,25.713701248169002],[78.77996826171886,25.77511978149414],[78.82408142089838,25.807609558105412],[78.84662628173845,25.860500335693473],[78.88511657714838,25.8928604125976],[78.90394592285168,25.941101074218864],[78.92720031738287,25.986511230468693],[78.94432830810553,26.036951065063477],[78.9824829101563,26.07375907897955],[78.96922302246122,26.123441696166992],[79.00238800048857,26.16472816467285],[79.01819610595714,26.21252059936529],[79.06112670898466,26.243690490722656],[79.08309936523432,26.29389953613304],[79.12724304199224,26.321380615234432],[79.09517669677751,26.35981941223156],[79.08682250976568,26.4178218841555],[79.05323028564459,26.45561027526861],[79.04975128173845,26.506660461425724],[79.0205459594726,26.55166053771984],[78.97952270507841,26.58156967163086],[79.00308990478521,26.626659393310604],[79.00041198730474,26.676710128784293],[78.94789123535156,26.66262817382824],[78.91278839111328,26.71038055419922],[78.85431671142584,26.712320327758732],[78.8113861083985,26.765470504760742],[78.75447845458984,26.77571105957037],[78.69007110595709,26.79602813720703],[78.62857055664091,26.775390625000114],[78.57521057128923,26.75599288940441],[78.52632904052763,26.778539657592887],[78.47632598876964,26.792251586914062],[78.43427276611345,26.82411193847662],[78.38065338134783,26.836090087890625],[78.34120178222673,26.873950958251953],[78.28206634521501,26.86408805847168],[78.25560760498053,26.820289611816406],[78.21395111084001,26.848520278930664],[78.23249816894537,26.89545822143566],[78.22339630126959,26.945079803466797],[78.16314697265653,26.952690124511946],[78.11134338378923,26.953231811523438],[78.098617553711,26.90397262573265],[78.04862976074224,26.913770675659293],[78.03114318847668,26.86548233032238],[78.00666046142578,26.91066169738798],[77.94197082519548,26.89978981018095],[77.89010620117205,26.889459609985465],[77.84104156494135,26.91644096374523],[77.78885650634771,26.922281265258903],[77.72895812988287,26.92580032348627],[77.70540618896513,26.88027954101574],[77.65730285644543,26.85641098022461],[77.6085357666015,26.83451080322294],[77.55641937255888,26.821990966797046],[77.5066680908206,26.847381591796932],[77.48664855957026,26.80120086669939],[77.44831085205072,26.7467498779298],[77.4382400512697,26.808879852294865],[77.42347717285185,26.857620239257812],[77.46478271484375,26.892660140991154],[77.51856994628906,26.915479660034237],[77.57975006103516,26.930870056152344],[77.64227294921903,26.967300415039062],[77.69191741943376,26.978992462158487],[77.73969268798834,26.997949600219954],[77.69374084472668,27.01951980590826],[77.64334106445318,27.027191162109375],[77.59059143066435,27.03166007995617],[77.56568145751953,27.07801055908226],[77.51429748535185,27.070421218872298],[77.544448852539,27.115600585937557],[77.59567260742193,27.126159667968693],[77.61480712890653,27.17478942871105],[77.6654129028322,27.186149597168196],[77.64318084716803,27.231809616088867],[77.60661315917997,27.272710800171126],[77.61553192138683,27.325410842895565],[77.56173706054693,27.335439682006893],[77.51567840576189,27.362730026245345],[77.466606140137,27.384290695190657],[77.42677307128906,27.41661071777355],[77.4154510498048,27.46614074707037],[77.38326263427763,27.511489868164062],[77.33513641357428,27.530021667480526],[77.343490600586,27.58550262451189],[77.33233642578153,27.637769699096907],[77.33654785156244,27.696180343628043],[77.29634094238298,27.72982978820812],[77.30414581298845,27.78800964355463],[77.32211303710938,27.834720611572322],[77.37001037597662,27.863130569458235],[77.41104125976568,27.895019531249943],[77.46981811523449,27.89472961425804],[77.48474884033197,27.94391250610363],[77.53613281250006,27.9493026733399],[77.52011108398443,28.00654983520525],[77.4791107177735,28.044162750244197],[77.47306823730497,28.103719711303768],[77.49636840820341,28.159870147705078],[77.54236602783203,28.181659698486328],[77.49211883544928,28.18510055541998],[77.51557922363287,28.22976112365734],[77.46730041503912,28.269720077514762],[77.48185729980497,28.323619842529354],[77.48589324951166,28.379701614380167],[77.45610046386747,28.420988082885856],[77.41813659667997,28.455789566040153],[77.3693618774414,28.480688095092887],[77.333969116211,28.52070236206083],[77.29518890380876,28.561201095580998],[77.3278427124024,28.604881286621207],[77.31542968750017,28.66327095031744],[77.32348632812506,28.71587181091337],[77.27686309814453,28.734399795532454],[77.22904205322271,28.772438049316406],[77.19461059570341,28.815362930297795],[77.19348907470697,28.8653507232666],[77.22149658203153,28.908130645751953],[77.19013977050787,28.95566177368164],[77.21418762207037,29.00596046447754],[77.16263580322283,29.048570632934684],[77.13176727294928,29.09464836120617],[77.12661743164068,29.154020309448242],[77.13616180419928,29.207450866699332],[77.13498687744158,29.266492843628043],[77.15421295166016,29.316921234130916],[77.11752319335949,29.35715103149414],[77.12586975097662,29.410640716552848],[77.11429595947294,29.461860656738395],[77.09761047363298,29.512012481689453],[77.10675811767595,29.56636047363287],[77.09452819824236,29.61776924133312],[77.1294174194336,29.658590316772518],[77.14021301269537,29.717271804809627],[77.11889648437528,29.764221191406193],[77.15171813964838,29.803470611572266],[77.17810821533203,29.862159729004134],[77.18591308593767,29.913051605224723],[77.2237396240235,29.95475006103527],[77.25512695312517,29.995969772338867],[77.2698822021485,30.044229507446403],[77.32480621337896,30.061801910400504],[77.36849975585943,30.091558456420955],[77.40865325927734,30.12320137023937],[77.43517303466797,30.16995811462425],[77.47997283935541,30.202159881592024],[77.5198364257812,30.260131835937443],[77.5557708740235,30.30257034301752],[77.58278656005854,30.35843849182129],[77.56305694580084,30.40448951721197],[77.58467864990263,30.4087810516358]]]}},{"type":"Feature","properties":{"name":"Uttaranchal"},"geometry":{"type":"Polygon","coordinates":[[[79.19477844238287,31.353622436523438],[79.22601318359392,31.31422805786127],[79.23287200927751,31.26194190979004],[79.2722930908206,31.230939865112305],[79.28304290771501,31.18157958984375],[79.31156158447294,31.139181137084904],[79.36061859130854,31.120180130005167],[79.39235687255865,31.079811096191634],[79.42175292968756,31.03582954406744],[79.4720001220706,31.040260314941406],[79.51631927490251,31.016229629516886],[79.53536224365251,30.969839096069336],[79.58139801025396,30.949401855468864],[79.63033294677734,30.966369628906364],[79.69323730468778,30.981679916382006],[79.73808288574213,31.00609970092796],[79.78452301025396,30.98666954040533],[79.84104919433622,30.980871200561467],[79.87358856201178,30.941030502319336],[79.90812683105474,30.903251647949332],[79.95980834960943,30.885580062866268],[80.00332641601568,30.86071968078636],[80.0484695434572,30.838390350341967],[80.08306121826178,30.79528999328636],[80.13751983642595,30.796039581298828],[80.18540954589861,30.78032112121582],[80.22953033447271,30.753709793091048],[80.22090148925781,30.7011394500733],[80.18049621582037,30.66986083984375],[80.19851684570307,30.62314033508295],[80.22123718261719,30.57632827758789],[80.27221679687506,30.574060440063533],[80.31996917724638,30.551202774047965],[80.36517333984403,30.528690338134993],[80.4133529663086,30.51513290405279],[80.46506500244146,30.493036270141715],[80.50955963134794,30.46540069580078],[80.56005859375006,30.47402191162132],[80.62306976318388,30.46342849731468],[80.66932678222662,30.440530776977766],[80.71962738037126,30.40789985656761],[80.75846862792997,30.375909805297965],[80.7937469482423,30.330280303955078],[80.84580230712896,30.30722808837902],[80.89646911621111,30.293930053710938],[80.94725799560553,30.282560348510856],[80.99829101562517,30.268541336059684],[80.93740081787138,30.23476219177263],[80.89591217041016,30.20622062683111],[80.87311553955107,30.16091537475586],[80.84671020507818,30.11606216430664],[80.80341339111334,30.085615158081055],[80.7646789550783,30.050476074218864],[80.73981475830107,29.999515533447266],[80.69184875488287,29.974138259887695],[80.64141845703125,29.961217880249194],[80.59215545654325,29.948444366455305],[80.57314300537126,29.90112113952631],[80.55522918701189,29.852996826171932],[80.50902557373075,29.82304191589361],[80.45596313476591,29.802415847778263],[80.40789031982433,29.788497924804688],[80.37406921386724,29.749124526977596],[80.3821563720706,29.688604354858512],[80.41819000244152,29.651166915893782],[80.40949249267595,29.594919204711914],[80.36536407470732,29.564056396484602],[80.34423828124994,29.510992050170955],[80.29793548584001,29.488166809082315],[80.26599121093778,29.44947242736839],[80.2658233642581,29.397157669067383],[80.28110504150385,29.34761619567888],[80.31864166259794,29.313396453857706],[80.3033294677735,29.264564514160384],[80.29580688476562,29.210742950439737],[80.2443618774414,29.207927703857536],[80.2672958374024,29.15344810485857],[80.2113876342774,29.12176704406744],[80.15992736816412,29.11291885375988],[80.13143157959001,29.064462661743107],[80.12625885009783,29.013002395629883],[80.06713867187517,28.927316665649357],[80.06633758544916,28.837285995483455],[80.025688171387,28.7998504638673],[80.02297210693365,28.748670578003043],[79.97483062744158,28.716751098632983],[79.92237854003923,28.732709884643555],[79.89450836181658,28.77900123596214],[79.84648895263672,28.804960250854435],[79.79474639892578,28.803800582886026],[79.79991912841814,28.854270935058764],[79.7619705200197,28.88969039916998],[79.7121887207033,28.880680084228516],[79.66709136962919,28.854099273681754],[79.6135482788086,28.86873054504406],[79.56578826904303,28.8494682312014],[79.53866577148443,28.892410278320312],[79.49691772460943,28.862390518188704],[79.43976593017607,28.86104965209961],[79.39565277099615,28.885440826416016],[79.39556121826189,28.93675041198742],[79.34390258789062,28.953130722046012],[79.28600311279325,28.96050262451172],[79.24389648437494,28.99648094177246],[79.20403289794916,29.029100418090877],[79.15345764160185,29.054769515991325],[79.14398193359392,29.10662269592285],[79.0922393798831,29.136741638183594],[79.03823089599621,29.166290283203125],[79.02185058593778,29.118921279907454],[78.9790115356447,29.15475082397461],[78.923637390137,29.157131195068416],[78.89916229248053,29.202592849731445],[78.86406707763678,29.249492645263786],[78.8137817382812,29.25229072570812],[78.75863647460966,29.286670684814567],[78.71385955810547,29.3173503875733],[78.7574081420899,29.349760055541992],[78.8068466186524,29.37315177917492],[78.8567962646485,29.38558959960966],[78.89647674560553,29.42358016967796],[78.84612274169928,29.46365165710455],[78.79695129394543,29.47595024108915],[78.74225616455072,29.501220703125],[78.68540954589872,29.513549804687614],[78.63957214355474,29.547779083252067],[78.57647705078153,29.580570220947322],[78.53054046630854,29.623931884765852],[78.50763702392607,29.67291259765625],[78.49021148681646,29.724918365478572],[78.43212890624994,29.758119583129996],[78.3512573242187,29.786251068115178],[78.30293273925787,29.757591247558764],[78.23139953613287,29.704090118408374],[78.18222045898466,29.691551208496037],[78.13400268554682,29.65851020813011],[78.09423828125006,29.628030776977653],[78.0506896972658,29.598051071166992],[78.019271850586,29.554050445556697],[77.98232269287121,29.589010238647518],[77.97702026367216,29.642061233520508],[77.9517669677735,29.685670852661246],[77.89994049072294,29.69782066345215],[77.84863281250028,29.684181213378963],[77.79251861572271,29.681921005249137],[77.76375579834013,29.726100921630916],[77.76071929931669,29.778779983520508],[77.73895263671903,29.830270767211914],[77.70326232910162,29.8676700592041],[77.73111724853527,29.911291122436523],[77.74347686767584,29.963779449463004],[77.7491226196289,30.014101028442496],[77.7653198242187,30.063060760498047],[77.80806732177751,30.0902099609375],[77.84723663330084,30.12346076965332],[77.87664031982428,30.166959762573356],[77.90312957763678,30.213060379028263],[77.90029907226574,30.26440811157238],[77.84755706787126,30.278770446777457],[77.79930877685564,30.29763031005865],[77.75129699707037,30.32464981079113],[77.70491790771484,30.343870162963867],[77.67386627197271,30.384599685668945],[77.63053131103516,30.410869598388786],[77.57971191406278,30.41192054748558],[77.63054656982428,30.43615913391119],[77.67906951904325,30.451730728149414],[77.72927856445312,30.482339859008903],[77.78819274902372,30.506099700927734],[77.80687713623075,30.55426025390625],[77.75727081298857,30.565580368042106],[77.75563049316423,30.616199493408203],[77.77905273437494,30.663770675659407],[77.73340606689464,30.68582916259794],[77.72171020507818,30.736352920532454],[77.71539306640642,30.79421806335455],[77.74407196044928,30.836242675781477],[77.78936767578125,30.858549118042106],[77.7989501953125,30.90879058837902],[77.74559783935553,30.922309875488395],[77.75392150878923,30.976842880249308],[77.80227661132841,30.95510101318365],[77.81005096435553,31.0052108764649],[77.804916381836,31.058771133422965],[77.8503799438476,31.095169067382756],[77.88040161132818,31.13743019104004],[77.9344329833985,31.167291641235636],[77.98522949218744,31.168020248413086],[78.03874969482428,31.18715095520014],[78.09237670898449,31.19283103942871],[78.1371459960938,31.222421646118278],[78.18756103515653,31.222219467163143],[78.23764801025396,31.23979949951172],[78.28845977783232,31.264200210571232],[78.33609008789068,31.28747940063488],[78.38619232177751,31.26963043212902],[78.44413757324213,31.244199752807674],[78.47698211669939,31.205102920532227],[78.53711700439459,31.2067108154298],[78.57939910888689,31.23500251770048],[78.62831878662115,31.2219181060791],[78.67608642578125,31.20318984985363],[78.74945068359386,31.194351196289006],[78.80017089843756,31.202379226684684],[78.8158721923831,31.1539306640625],[78.86225128173828,31.11240959167486],[78.9126586914063,31.116180419921875],[78.96565246582048,31.11536979675293],[78.97747802734392,31.170160293579215],[78.9358520507812,31.205680847168026],[78.90585327148449,31.25018119812006],[78.9235458374024,31.30145072937023],[78.95223999023466,31.348230361938704],[78.99456787109403,31.37927055358898],[79.02720642089872,31.420291900634766],[79.0451965332033,31.468120574951286],[79.0939483642581,31.452381134033203],[79.14189147949236,31.420021057128906],[79.17418670654303,31.3773708343507],[79.19477844238287,31.353622436523438]]]}},{"type":"Feature","properties":{"name":"West Bengal"},"geometry":{"type":"MultiPolygon","coordinates":[[[[88.018608093262,21.57277870178217]]],[[[88.49771118164068,21.599754333496378],[88.53407287597673,21.56508827209501],[88.48527526855474,21.553611755371207],[88.49771118164068,21.599754333496378]]],[[[88.17778015136736,21.601110458374194]]],[[[88.83472442626959,21.607221603393725],[88.8805465698245,21.586671829223746],[88.84278106689482,21.553888320922795],[88.83082580566423,21.603610992431868],[88.83472442626959,21.607221603393725]]],[[[88.72885131835943,21.637081146240348],[88.74799346923857,21.590530395507812],[88.71499633789091,21.628332138061637],[88.72885131835943,21.637081146240348]]],[[[88.53721618652372,21.638620376586914],[88.58139038085943,21.612779617309855],[88.5575027465822,21.56861114501976],[88.51633453369158,21.597484588623047],[88.52185058593767,21.6472110748291],[88.53721618652372,21.638620376586914]]],[[[88.89235687255888,21.652090072631836]]],[[[88.77194213867193,21.653062820434513],[88.78795623779303,21.605369567871094],[88.73796844482439,21.610378265380973],[88.76380157470732,21.653659820556754],[88.77194213867193,21.653062820434513]]],[[[88.96576690673834,21.64153480529808]]],[[[88.63444519042974,21.65666580200201]]],[[[88.57688140869169,21.691734313964787],[88.59694671630888,21.645561218261832],[88.56832122802763,21.686794281006087],[88.57688140869169,21.691734313964787]]],[[[88.59194183349621,21.694166183471623]]],[[[88.98448944091825,21.70568847656267],[88.98761749267595,21.654329299926815],[89.03003692626959,21.627241134643725],[88.98361968994158,21.645933151245288],[88.95417022705107,21.686664581298942],[88.98448944091825,21.70568847656267]]],[[[88.80665588378912,21.70667266845703],[88.79833221435575,21.656110763550032],[88.74916839599604,21.6733341217041],[88.79027557373053,21.70222282409668],[88.80665588378912,21.70667266845703]]],[[[88.31108093261736,21.7063503265382],[88.35111236572266,21.675556182861385],[88.34084320068376,21.626110076904524],[88.3163375854495,21.669710159301758],[88.31108093261736,21.7063503265382]]],[[[88.45403289794928,21.709341049194563],[88.46469879150396,21.65942192077648],[88.44110870361357,21.615278244018555],[88.42054748535173,21.661008834839038],[88.4390258789062,21.707599639892635],[88.45403289794928,21.709341049194563]]],[[[88.69712066650408,21.712879180908203],[88.72245025634794,21.669750213623047],[88.69583129882818,21.71277999877941],[88.69712066650408,21.712879180908203]]],[[[88.20450592041021,21.721181869506893],[88.2089233398438,21.671100616455078],[88.21193695068365,21.621110916137923],[88.18595886230486,21.66418266296415],[88.19499969482428,21.71389961242687],[88.20450592041021,21.721181869506893]]],[[[89.05920410156256,21.721803665161133],[89.08303833007818,21.677522659301758],[89.08168792724615,21.62736701965332],[89.03090667724626,21.63380050659208],[89.02548980712919,21.683540344238224],[89.05848693847685,21.722072601318587],[89.05920410156256,21.721803665161133]]],[[[88.97799682617216,21.72687530517578],[89.0200500488283,21.698726654052905],[89.0014266967774,21.65223121643072],[88.99222564697266,21.701667785644474],[88.97799682617216,21.72687530517578]]],[[[88.54566955566423,21.73612976074247],[88.58759307861357,21.708299636841048],[88.5655517578125,21.662500381469954],[88.52614593505888,21.693420410156364],[88.54566955566423,21.73612976074247]]],[[[88.19560241699247,21.724479675293026]]],[[[88.88305664062494,21.745279312134016],[88.91944122314482,21.71084022521984],[88.933609008789,21.662500381469954],[88.88471984863293,21.673891067504883],[88.87388610839872,21.722778320312784],[88.88305664062494,21.745279312134016]]],[[[88.41233825683594,21.731260299682845],[88.41152191162138,21.68000030517601],[88.42945098876982,21.633110046386776],[88.3849182128908,21.65603256225586],[88.40167999267595,21.703304290771655],[88.39389038085938,21.752775192260742],[88.41233825683594,21.731260299682845]]],[[[88.2209091186524,21.762149810791072],[88.27089691162115,21.75472068786644],[88.28480529785162,21.706464767456282],[88.30556488037126,21.660659790039006],[88.28833007812528,21.613611221313647],[88.29166412353521,21.56305313110363],[88.24222564697283,21.57055473327648],[88.21916961669939,21.61499977111839],[88.23235321044928,21.66372108459484],[88.2174911499024,21.711610794067496],[88.21691131591803,21.761659622192383],[88.2209091186524,21.762149810791072]]],[[[88.92710113525419,21.761949539184684],[88.9718093872072,21.73942184448248],[88.92666625976568,21.717779159546183],[88.92710113525419,21.761949539184684]]],[[[88.36538696289091,21.76416587829584],[88.38694763183622,21.718610763549975],[88.3377227783206,21.709363937377987],[88.34555053710966,21.758769989013786],[88.36538696289091,21.76416587829584]]],[[[89.00511932373075,21.764976501464787],[89.04576110839838,21.735841751098576],[89.00067901611334,21.758220672607365],[89.00511932373075,21.764976501464787]]],[[[88.83167266845709,21.76610946655296],[88.84083557128912,21.71694374084484],[88.84860992431646,21.667499542236555],[88.81749725341814,21.628330230712834],[88.82079315185553,21.67855834960949],[88.77905273437511,21.70609092712408],[88.80665588378912,21.748060226440657],[88.83167266845709,21.76610946655296]]],[[[88.38490295410173,21.76444053649925]]],[[[88.2005462646485,21.768608093261662]]],[[[88.2827911376956,21.76501083374029]]],[[[88.58222198486357,21.777780532837028],[88.61611175537115,21.740833282470817],[88.57232666015653,21.764980316162166],[88.58222198486357,21.777780532837028]]],[[[88.30249023437517,21.72456169128418],[88.28704071044939,21.772579193115234],[88.30267333984392,21.72505187988287],[88.30249023437517,21.72456169128418]]],[[[88.50527954101562,21.782989501953352]]],[[[88.99967193603521,21.78546905517601],[89.01030731201189,21.736217498779354],[88.96321868896501,21.754129409790153],[88.99967193603521,21.78546905517601]]],[[[88.60972595214872,21.790279388427905],[88.63031768798857,21.74448966979992],[88.58782958984392,21.771274566650447],[88.60972595214872,21.790279388427905]]],[[[88.27396392822271,21.790790557861442]]],[[[88.183334350586,21.78750038146984]]],[[[88.45861053466803,21.788650512695483],[88.4672164916995,21.739160537719727],[88.42351531982428,21.764053344726733],[88.45861053466803,21.788650512695483]]],[[[88.71620178222673,21.80738067626953],[88.74707031249994,21.76764106750494],[88.77404022216803,21.725120544433537],[88.74602508544928,21.683599472046126],[88.70633697509771,21.714031219482422],[88.70211029052751,21.76390266418474],[88.71620178222673,21.80738067626953]]],[[[88.17111206054688,21.808610916137752]]],[[[88.54457092285156,21.810319900512923],[88.56249237060564,21.76334953308111],[88.53032684326178,21.724990844726562],[88.52648925781256,21.774980545043945],[88.54457092285156,21.810319900512923]]],[[[88.42180633544933,21.81109046936041],[88.42119598388678,21.76097106933588],[88.42011260986357,21.810985565185604],[88.42180633544933,21.81109046936041]]],[[[88.99957275390653,21.811670303344954],[89.02074432373075,21.766092300415266],[88.99463653564447,21.809106826782397],[88.99957275390653,21.811670303344954]]],[[[88.75063323974621,21.79540061950712]]],[[[88.8280792236331,21.804029464721623],[88.8166885375976,21.755100250244197],[88.8111114501956,21.80611038208025],[88.8280792236331,21.804029464721623]]],[[[88.78749847412104,21.745000839233455],[88.76811218261719,21.79148101806652],[88.78836059570318,21.745590209960938],[88.78749847412104,21.745000839233455]]],[[[88.91583251953153,21.825834274291992],[88.91833496093778,21.77583122253435],[88.91361236572283,21.825834274291992],[88.91583251953153,21.825834274291992]]],[[[88.18194580078142,21.825828552246037]]],[[[88.5594482421875,21.829721450805664]]],[[[88.48487854003912,21.834690093994084]]],[[[88.94139099121122,21.84722137451172],[88.97194671630854,21.807222366333008],[88.94638824462885,21.763891220093],[88.933609008789,21.812501907348746],[88.94139099121122,21.84722137451172]]],[[[88.59221649169939,21.850000381469783],[88.61360168457048,21.804450988769645],[88.58460998535173,21.845291137695256],[88.59221649169939,21.850000381469783]]],[[[88.51995849609392,21.854637145996037]]],[[[88.53800201416044,21.853582382202433]]],[[[88.33113098144548,21.86068725585966],[88.35459136962908,21.816507339477653],[88.37803649902361,21.772220611572493],[88.34055328369152,21.738889694214095],[88.30004119873064,21.768619537353743],[88.26077270507818,21.799745559692326],[88.30307769775408,21.827211380004826],[88.33113098144548,21.86068725585966]]],[[[88.85610961914074,21.8652801513673],[88.87889099121111,21.819999694824446],[88.89527893066406,21.772689819336165],[88.84471893310541,21.779722213745345],[88.83889007568365,21.831100463867244],[88.85610961914074,21.8652801513673]]],[[[88.582748413086,21.865549087524357]]],[[[88.13694763183611,21.875000000000114],[88.1578216552735,21.829481124878157],[88.16887664794928,21.78061676025385],[88.16612243652361,21.73045349121088],[88.15194702148466,21.682220458984546],[88.14221954345732,21.632499694824446],[88.09111022949247,21.629167556762752],[88.04416656494169,21.649169921875114],[88.04153442382807,21.699323654174748],[88.06472015380865,21.743881225585938],[88.08055877685553,21.791582107543945],[88.10388946533232,21.83583068847679],[88.13356018066412,21.876501083374137],[88.13694763183611,21.875000000000114]]],[[[88.78916931152372,21.87861061096197],[88.82195281982428,21.840831756591797],[88.79833221435575,21.795000076294116],[88.76693725585955,21.835000991821403],[88.78916931152372,21.87861061096197]]],[[[88.97905731201189,21.893489837646484],[89.02371978759771,21.870090484619368],[89.02202606201178,21.819900512695426],[88.98387908935553,21.78667259216303],[88.95553588867182,21.828269958496207],[88.97814178466803,21.872970581054688],[88.97905731201189,21.893489837646484]]],[[[88.6216659545899,21.897779464721737],[88.64971160888678,21.85556030273449],[88.64235687255854,21.805709838867415],[88.60778045654325,21.842222213745117],[88.61412811279291,21.89217185974138],[88.6216659545899,21.897779464721737]]],[[[88.13730621337908,21.895139694213924]]],[[[88.81694793701178,21.901111602783203]]],[[[88.5623397827149,21.897460937500227],[88.56808471679693,21.8474712371829],[88.54814910888689,21.893341064453068],[88.5623397827149,21.897460937500227]]],[[[88.42546081542997,21.904090881347656]]],[[[88.44647979736328,21.904920578003043],[88.48555755615263,21.873609542846964],[88.4669418334961,21.82694244384777],[88.41886138916033,21.811929702758903],[88.40055847167986,21.858829498291243],[88.42549133300776,21.902381896972656],[88.44647979736328,21.904920578003043]]],[[[88.71805572509794,21.907222747802734],[88.75916290283209,21.8783283233642],[88.76444244384783,21.82833290100109],[88.72694396972662,21.795000076294116],[88.69805145263666,21.83583068847679],[88.71111297607428,21.884719848633097],[88.71805572509794,21.907222747802734]]],[[[88.10694885253935,21.893600463867188]]],[[[88.5047225952149,21.912780761718864]]],[[[88.4524536132813,21.906337738037166]]],[[[88.6399993896485,21.921680450439396],[88.65277862548834,21.87333297729515],[88.63683319091797,21.920999526977823],[88.6399993896485,21.921680450439396]]],[[[88.13478851318388,21.926744461059684]]],[[[88.8365554809572,21.917892456054744],[88.88659667968756,21.914457321167106],[88.9366683959961,21.914445877075195],[88.97138977050798,21.8783283233642],[88.92833709716803,21.852500915527457],[88.89389038085966,21.815000534057674],[88.86338806152372,21.855831146240348],[88.84083557128912,21.90472221374523],[88.8365554809572,21.917892456054744]]],[[[88.72360992431635,21.931943893432674],[88.7738876342774,21.92472267150879],[88.80860900878912,21.88582992553728],[88.75888824462885,21.88000106811546],[88.71888732910173,21.910278320312784],[88.72360992431635,21.931943893432674]]],[[[88.16333007812506,21.937221527099837]]],[[[88.7453918457033,21.97973823547369],[88.7872161865235,21.951780319213924],[88.7447128295899,21.92478942871105],[88.7236633300783,21.9703311920166],[88.7453918457033,21.97973823547369]]],[[[88.75916290283209,21.998607635498047]]],[[[88.6599731445313,22.019212722778377],[88.70754241943388,22.002164840698526],[88.68982696533232,21.95539093017578],[88.63988494873047,21.95184516906761],[88.6444473266601,22.00527954101574],[88.6599731445313,22.019212722778377]]],[[[88.14138793945318,22.02639007568382],[88.11750030517595,21.981950759887695],[88.08972167968756,21.940280914306868],[88.0486068725586,21.911390304565543],[88.05726623535162,21.962352752685547],[88.08666992187506,22.005559921264876],[88.13361358642607,22.023057937622184],[88.14138793945318,22.02639007568382]]],[[[88.81276702880865,22.01944160461437],[88.86332702636724,22.023611068725586],[88.90239715576178,21.98710060119629],[88.9058456420899,21.937067031860295],[88.85658264160173,21.919059753418082],[88.80999755859403,21.93944358825695],[88.76167297363287,21.952779769897575],[88.76110076904303,22.002899169921875],[88.8038864135745,22.028890609741325],[88.81276702880865,22.01944160461437]]],[[[88.73143768310547,22.045246124267692]]],[[[88.76380920410185,22.051670074463118]]],[[[88.90278625488287,22.0453338623048],[88.85299682617193,22.039224624634016],[88.901840209961,22.0506725311281],[88.90278625488287,22.0453338623048]]],[[[88.03138732910185,22.060560226440543]]],[[[89.01619720458979,22.05092048645031],[89.06416320800787,22.018053054809798],[89.07183837890653,21.9683513641358],[89.0416259765625,21.928478240966854],[89.01541900634794,21.971254348754883],[88.97888946533209,22.00555419921875],[88.98516845703125,22.055223464966048],[89.01619720458979,22.05092048645031]]],[[[88.63582611084013,22.050819396972713]]],[[[88.81185913085949,22.060754776001204]]],[[[88.87055969238287,22.07893943786621],[88.85694122314453,22.03057289123535],[88.86508178710966,22.079992294311637],[88.87055969238287,22.07893943786621]]],[[[88.69005584716814,22.079984664917276]]],[[[88.9040832519533,22.084207534790266]]],[[[88.72230529785173,22.09913444519043]]],[[[88.80346679687511,22.08527374267578],[88.76453399658209,22.05343818664568],[88.77833557128935,22.102056503295955],[88.80346679687511,22.08527374267578]]],[[[88.81790161132818,22.123029708862532],[88.85927581787126,22.094400405883903],[88.81033325195324,22.082990646362532],[88.81790161132818,22.123029708862532]]],[[[88.72927856445341,22.11362075805664]]],[[[88.86514282226562,22.16699028015148],[88.90363311767607,22.13469123840349],[88.88691711425798,22.0875301361084],[88.84763336181658,22.119052886963004],[88.84910583496088,22.169172286987305],[88.86514282226562,22.16699028015148]]],[[[88.94996643066435,22.189191818237305],[88.98301696777344,22.15100288391119],[88.9754486083985,22.101562500000057],[88.93527984619169,22.071672439575252],[88.92449188232439,22.0225505828858],[88.95745849609375,22.060281753539982],[88.967269897461,22.011091232300032],[89.00777435302763,21.981386184692383],[89.01407623291044,21.93163108825678],[88.96398162841814,21.935903549194336],[88.92250061035185,21.96669006347679],[88.91541290283209,22.016265869140852],[88.90148162841803,22.064291000366268],[88.93136596679705,22.10444068908697],[88.90705108642607,22.14822196960472],[88.94429779052734,22.18158721923828],[88.94996643066435,22.189191818237305]]],[[[89.00193023681658,22.199171066284237],[89.02001953125,22.152072906494084],[89.03495788574224,22.104223251342887],[89.03854370117205,22.053831100463924],[88.98844146728521,22.056543350219727],[88.98841094970703,22.10684013366722],[88.98860168457031,22.156869888305664],[89.00193023681658,22.199171066284237]]],[[[88.69519042968744,22.20861244201666],[88.74391174316412,22.19642066955595],[88.7877807617188,22.171108245849894],[88.7474670410158,22.140790939331282],[88.71166229248053,22.105379104614485],[88.68730163574224,22.061492919922102],[88.7313003540039,22.036958694458065],[88.68518066406256,22.017419815063477],[88.65876770019531,22.060380935669002],[88.63472747802729,22.104368209838924],[88.65165710449247,22.151746749877873],[88.68277740478544,22.19138908386242],[88.69519042968744,22.20861244201666]]],[[[88.84474945068376,22.189191818237305],[88.84272003173834,22.13916969299339],[88.796371459961,22.120161056518782],[88.75807952880888,22.08799171447754],[88.71791839599626,22.057790756225813],[88.73517608642584,22.10489082336437],[88.76917266845732,22.14174079895014],[88.80533599853521,22.176889419555664],[88.84474945068376,22.189191818237305]]],[[[87.9897232055664,22.217500686645508]]],[[[88.93237304687506,22.225000381469954]]],[[[88.81259918212896,22.28339195251465],[88.81852722167974,22.233610153198242],[88.8319473266601,22.185222625732706],[88.78163146972673,22.18079948425293],[88.7517852783206,22.221532821655387],[88.78647613525396,22.25766181945812],[88.81259918212896,22.28339195251465]]],[[[88.84986114501982,22.36291694641119],[88.89388275146513,22.338632583618164],[88.9297332763673,22.303289413452376],[88.93370819091803,22.253210067748967],[88.88523101806646,22.2669296264649],[88.90470123291021,22.220552444458008],[88.92136383056669,22.173326492309627],[88.87135314941412,22.17435264587425],[88.84101104736334,22.214263916015852],[88.87456512451178,22.251596450805607],[88.83943176269548,22.215526580810604],[88.8277130126956,22.264612197875977],[88.8111114501956,22.31221961975109],[88.82971954345703,22.35889244079584],[88.84986114501982,22.36291694641119]]],[[[88.98475646972673,22.382432937622013],[88.98375701904325,22.332059860229492],[89.02217102050781,22.29965019226097],[89.03360748291033,22.25081062316906],[89.05835723876953,22.206960678100643],[89.06437683105474,22.15701103210455],[89.02667236328153,22.19028472900402],[88.97910308837896,22.20704078674339],[88.95401000976557,22.25055122375511],[88.95088195800787,22.300832748413143],[88.95639038085943,22.350561141967773],[88.97358703613287,22.39756965637207],[88.98475646972673,22.382432937622013]]],[[[87.93805694580084,22.39666938781744]]],[[[88.8619461059572,22.3988876342774],[88.89778137207048,22.36388015747093],[88.855697631836,22.39138984680187],[88.8619461059572,22.3988876342774]]],[[[88.86777496337919,22.41083335876465]]],[[[88.9188995361331,22.426532745361442]]],[[[87.92568206787115,22.424829483032227]]],[[[87.91194152832037,22.432220458984375]]],[[[88.85916900634794,22.46944427490257]]],[[[88.78138732910185,22.500562667846793],[88.81208038330107,22.460103988647518],[88.7802810668947,22.499166488647518],[88.78138732910185,22.500562667846793]]],[[[88.89769744873075,22.548860549926985],[88.89778137207048,22.498334884643725],[88.89948272705095,22.44810295105009],[88.92111206054693,22.40278053283697],[88.87155151367193,22.410379409790096],[88.85805511474638,22.458545684814737],[88.84361267089861,22.50679969787592],[88.87880706787121,22.54306983947754],[88.89769744873075,22.548860549926985]]],[[[88.93419647216814,22.564031600952376]]],[[[88.92016601562506,22.565305709838867],[88.96337890625017,22.539573669433764],[88.97583007812506,22.49110984802246],[88.9886093139649,22.441671371459904],[88.97027587890642,22.395002365112305],[88.94973754882818,22.349050521850813],[88.901840209961,22.36392021179222],[88.92193603515653,22.409719467163313],[88.9028930664062,22.456243515014876],[88.909721374512,22.50583076477062],[88.89723205566423,22.55447959899908],[88.92016601562506,22.565305709838867]]],[[[88.93605041503935,22.62157058715826]]],[[[88.67597198486345,24.315500259399528]]],[[[88.12690734863287,27.12308120727539],[88.17899322509771,27.13471031188982],[88.23250579834001,27.119768142700195],[88.294906616211,27.124771118164347],[88.34516143798857,27.106901168823413],[88.39765930175798,27.09443092346214],[88.45449829101562,27.089649200439453],[88.49185180664091,27.12487030029297],[88.52980804443388,27.1657905578615],[88.58509063720732,27.19283294677757],[88.63327789306646,27.174530029297102],[88.6844100952149,27.180229187011776],[88.7245407104495,27.138521194458235],[88.77526855468778,27.138099670410384],[88.82614898681646,27.117660522460994],[88.87272644042997,27.09220123291027],[88.87870788574236,27.041103363037337],[88.87128448486345,26.976833343506087],[88.9190063476563,26.996200561523494],[88.9556274414063,26.96112251281744],[88.99415588378912,26.923950195312614],[89.04590606689482,26.92015075683622],[89.09033966064464,26.893970489501953],[89.10202789306635,26.836309432983626],[89.14871215820341,26.811683654785156],[89.20012664794922,26.813301086425895],[89.25205230712896,26.816429138183594],[89.29897308349615,26.83992195129389],[89.34723663330084,26.854579925537166],[89.4005966186524,26.84070968627958],[89.4512481689456,26.831581115722884],[89.49632263183611,26.803001403808707],[89.54602813720732,26.81194877624523],[89.59407806396513,26.793060302734602],[89.6447372436524,26.78094482421875],[89.61585235595732,26.732641220092773],[89.66697692871088,26.72842025756836],[89.7181167602539,26.731189727783317],[89.76717376709001,26.7081813812257],[89.8208465576173,26.714290618896484],[89.87142944335966,26.683530807495345],[89.85729217529325,26.63208961486822],[89.87754821777338,26.584241867065373],[89.86183929443365,26.530460357666016],[89.86102294921875,26.47478103637701],[89.85299682617205,26.424560546875057],[89.82787322998053,26.381120681762752],[89.78201293945312,26.353279113769645],[89.75089263916044,26.306240081787223],[89.7252197265625,26.25840950012207],[89.69754791259783,26.215942382812614],[89.73023986816412,26.17700004577648],[89.6845016479495,26.19782066345215],[89.64218902587885,26.227670669555664],[89.6590423583985,26.178930282592717],[89.61176300048834,26.159221649169865],[89.62420654296886,26.110050201416016],[89.65196990966814,26.065700531005916],[89.60391235351562,26.045480728149528],[89.59176635742193,25.99398994445812],[89.55005645751947,25.966331481933594],[89.52130889892595,26.008291244506893],[89.46948242187506,25.997680664062727],[89.4369430541995,26.039270401000977],[89.39840698242216,26.006879806518498],[89.34926605224626,26.016490936279354],[89.30864715576189,26.047901153564453],[89.26081085205084,26.06636047363287],[89.2371673583985,26.113292694091797],[89.18898773193388,26.12688064575201],[89.15685272216803,26.168130874633903],[89.14739990234403,26.2172908782959],[89.13049316406267,26.266820907592887],[89.11110687255865,26.31456947326666],[89.09823608398455,26.36314964294445],[89.06262207031256,26.399410247802734],[89.01460266113287,26.415500640869197],[88.98072814941406,26.454380035400447],[88.93377685546903,26.43634033203125],[88.91911315917963,26.38653945922863],[88.96450805664057,26.36503028869629],[89.0066528320312,26.332799911499137],[89.03201293945341,26.288650512695256],[89.06970214843756,26.255332946777344],[89.01956939697277,26.24678039550804],[88.96555328369146,26.24309158325201],[88.93609619140625,26.286350250244197],[88.88619995117193,26.291360855102482],[88.88510894775402,26.238849639892635],[88.8348999023438,26.24386024475092],[88.81793975830084,26.29121017456049],[88.76645660400396,26.30220985412609],[88.75000762939459,26.35091018676752],[88.69962310791033,26.34247970581066],[88.68608093261736,26.390991210937557],[88.64965820312517,26.42724037170416],[88.62201690673834,26.469989776611328],[88.57126617431658,26.456899642944393],[88.52665710449224,26.481740951538143],[88.49147796630854,26.519140243530387],[88.44494628906244,26.5407009124757],[88.42259216308622,26.587829589843807],[88.37275695800787,26.577472686767692],[88.35848999023466,26.529148101806868],[88.33326721191412,26.48335075378418],[88.38462829589872,26.482620239257756],[88.43408203125,26.470848083496094],[88.48324584960966,26.461109161377067],[88.50226593017584,26.414119720458984],[88.52317047119158,26.36816024780279],[88.4727172851563,26.35675048828125],[88.4259109497072,26.335121154785213],[88.3836059570313,26.307561874389705],[88.35086059570324,26.269531250000114],[88.35153198242205,26.21931076049799],[88.30561065673834,26.19791984558111],[88.25620269775396,26.186889648437727],[88.2126770019533,26.15920829772955],[88.17870330810564,26.120122909546012],[88.18527221679693,26.070529937744084],[88.17923736572294,26.019449234008846],[88.13506317138672,25.989692687988338],[88.11493682861357,25.941780090332088],[88.09452056884794,25.89599990844738],[88.1153030395509,25.849760055541992],[88.11667633056669,25.799230575561523],[88.16787719726568,25.78700065612793],[88.21759796142578,25.79660987854021],[88.26728820800787,25.80943870544445],[88.29328155517607,25.76645088195795],[88.33341217041033,25.736000061035384],[88.37857818603516,25.71255111694353],[88.40714263916044,25.669319152831974],[88.45672607421903,25.66049957275419],[88.44873046875028,25.610450744628906],[88.4908065795899,25.581569671630916],[88.52165222167986,25.541360855102653],[88.56275177001959,25.510620117187614],[88.61393737792963,25.50570106506359],[88.65599822998053,25.478599548339787],[88.7070388793947,25.47517967224121],[88.75669097900396,25.491420745849723],[88.79740905761747,25.521511077881087],[88.83275604248064,25.484069824218864],[88.83129882812506,25.43392944335949],[88.84097290039062,25.383279800414982],[88.87103271484403,25.342992782592773],[88.91464996337896,25.31599044799799],[88.96498870849615,25.307291030883846],[89.0076065063476,25.27659988403326],[88.9580917358399,25.26087951660179],[88.9350204467774,25.2158718109132],[88.92302703857428,25.167129516601506],[88.875717163086,25.18595123291027],[88.82245635986345,25.19108009338379],[88.77066040039074,25.18925094604515],[88.71901702880888,25.20421028137207],[88.66844940185575,25.200750350952376],[88.61707305908209,25.206108093261776],[88.56925964355497,25.178110122680664],[88.52221679687517,25.20260047912609],[88.47155761718756,25.20366096496582],[88.46157073974626,25.154069900512695],[88.44671630859392,25.10572052001953],[88.43820190429693,25.056301116943416],[88.43399047851568,25.005689620971793],[88.39834594726574,24.969991683960075],[88.35555267333984,24.942470550537166],[88.34789276123064,24.892179489135856],[88.29757690429693,24.887550354003906],[88.25945281982428,24.92534065246582],[88.22310638427763,24.960430145263786],[88.17450714111345,24.948539733886662],[88.1556167602539,24.90126991271984],[88.16440582275408,24.850450515747127],[88.13742065429699,24.806480407714844],[88.09181976318365,24.78228187561035],[88.06931304931646,24.7325897216798],[88.03410339355463,24.693651199340877],[88.04292297363298,24.64073944091797],[88.07279205322294,24.600000381469783],[88.09841156005876,24.55668067932129],[88.13449096679688,24.51913070678711],[88.17578125000028,24.49032974243164],[88.21224975585932,24.455650329589957],[88.26468658447294,24.444959640502873],[88.30385589599626,24.407680511474723],[88.34818267822277,24.376472473144815],[88.39923858642584,24.374540328979606],[88.45390319824213,24.374202728271484],[88.50038909912121,24.351619720459098],[88.54165649414062,24.321460723877067],[88.60398864746122,24.310899734497127],[88.65476989746111,24.309099197387695],[88.70578765869146,24.30891036987299],[88.73706054687506,24.267761230468864],[88.73264312744146,24.21500968933111],[88.70405578613287,24.167211532592887],[88.69603729248053,24.11728286743164],[88.72381591796875,24.073448181152287],[88.73745727539068,24.023250579833984],[88.77098846435553,23.984781265258903],[88.73977661132841,23.944700241088867],[88.70102691650396,23.911718368530273],[88.6646194458009,23.876211166381836],[88.61221313476557,23.874191284179688],[88.59142303466791,23.826320648193473],[88.5615463256836,23.785949707031307],[88.57469940185564,23.73633193969721],[88.57145690917986,23.682750701904297],[88.59242248535173,23.636571884155387],[88.63703918457048,23.606441497802678],[88.65545654296886,23.557609558105696],[88.69539642333984,23.51748085021984],[88.73864746093778,23.491849899291935],[88.79117584228533,23.49581146240257],[88.79107666015636,23.445560455322493],[88.76004791259766,23.4058895111084],[88.74740600585966,23.35057067871088],[88.72664642334013,23.304510116577262],[88.72035980224604,23.25266265869152],[88.76965332031256,23.23858070373541],[88.81886291503912,23.250530242919865],[88.86669158935564,23.229629516601506],[88.91765594482428,23.22664070129389],[88.96498107910162,23.210475921630803],[88.93730926513678,23.168260574340763],[88.91133117675798,23.123559951782283],[88.86956787109392,23.095359802246037],[88.87520599365263,23.045560836791992],[88.84686279296892,23.0039005279541],[88.86147308349638,22.955150604248104],[88.90177154541016,22.924119949340763],[88.91475677490251,22.87401008605957],[88.96315765380888,22.850139617920036],[88.95847320556646,22.797109603882063],[88.91918945312506,22.761711120605753],[88.93519592285156,22.71419906616228],[88.94747161865246,22.661190032958984],[88.90067291259766,22.678852081298942],[88.8526458740235,22.693834304809627],[88.8108215332033,22.721654891967717],[88.84987640380854,22.690038681030273],[88.8973007202149,22.674180984497298],[88.92999267578125,22.636341094970817],[88.93582153320318,22.586481094360636],[88.89260101318354,22.56093025207531],[88.86206817626982,22.5212459564209],[88.85333251953142,22.47194290161127],[88.8052368164062,22.48661231994629],[88.77488708496122,22.526430130004996],[88.72528076171903,22.518892288208235],[88.68192291259771,22.544210433960018],[88.72452545166044,22.517684936523438],[88.77400970459001,22.508920669555835],[88.79675292968756,22.46436119079584],[88.83471679687506,22.431112289428768],[88.85304260253912,22.384332656860465],[88.81487274169928,22.351970672607365],[88.80555725097662,22.302810668945597],[88.78376770019537,22.25751876831066],[88.74333190917974,22.227502822876033],[88.69615173339844,22.210550308227653],[88.64595794677763,22.21206092834501],[88.66445922851591,22.25892066955589],[88.68226623535173,22.306049346923828],[88.65811920166021,22.26055908203125],[88.6312103271485,22.218252182006893],[88.64916992187528,22.171112060546875],[88.62504577636736,22.1269912719726],[88.59223175048845,22.164939880371207],[88.60848999023443,22.11735725402832],[88.62616729736345,22.070569992065657],[88.61775207519526,22.02113914489746],[88.59797668457031,22.067296981811523],[88.6144409179688,22.019720077514762],[88.59860992431646,21.9719295501709],[88.61089324951172,21.923095703124943],[88.56083679199224,21.916110992431754],[88.54250335693365,21.965280532837028],[88.55444335937517,21.91637992858881],[88.53861236572283,21.868333816528377],[88.52281951904314,21.91614151000971],[88.49465179443365,21.95804023742687],[88.53999328613281,21.979293823242244],[88.55663299560553,22.02713966369629],[88.53933715820341,21.980110168457145],[88.49138641357428,21.965560913085994],[88.52221679687517,21.925888061523494],[88.47702789306658,21.903831481933537],[88.46865081787126,21.95331192016613],[88.45027923583979,22.000001907348746],[88.46248626708979,21.9514102935791],[88.43772888183611,21.90760231018072],[88.38912963867193,21.894540786743107],[88.39657592773443,21.943990707397745],[88.38474273681646,21.895202636719034],[88.38813018798845,21.844449996948356],[88.38649749755865,21.794469833374137],[88.35534667968767,21.83502960205078],[88.36828613281267,21.883350372314624],[88.32283782959013,21.861562728881893],[88.27281951904303,21.8572807312014],[88.2594833374024,21.80885124206543],[88.28221893310575,21.76416587829584],[88.23219299316412,21.76258087158226],[88.20694732666033,21.805830001831282],[88.1790847778322,21.847560882568587],[88.16809844970709,21.896699905395508],[88.16011810302746,21.946357727050895],[88.18464660644548,21.990150451660384],[88.2125015258789,22.0319442749024],[88.22416687011724,22.08194351196289],[88.2113876342774,22.13083076477062],[88.1930541992188,22.179443359374943],[88.14723205566423,22.200279235839844],[88.09527587890653,22.20944404602045],[88.08860778808622,22.262781143188533],[88.05249786376959,22.22389030456543],[88.00332641601568,22.234170913696346],[87.96755218505876,22.269430160522404],[87.95742034912104,22.31894111633318],[87.95555114746111,22.36925506591814],[87.93360900878923,22.414722442626896],[87.8887481689456,22.437376022339095],[87.927490234375,22.405559539794865],[87.94139099121122,22.35749816894537],[87.93389129638678,22.30750274658203],[87.9438858032226,22.256944656372013],[87.977767944336,22.219860076904297],[88.02361297607416,22.199722290039062],[88.0722198486331,22.187501907348576],[88.12222290039057,22.187501907348576],[88.15833282470703,22.152780532837028],[88.19166564941423,22.114999771118278],[88.16529846191435,22.072244644165096],[88.12166595459001,22.046670913696346],[88.07888793945341,22.020561218261662],[88.03221893310564,22.04138946533203],[88.00666809082048,22.08444213867199],[88.02166748046903,22.03638648986822],[88.04166412353521,21.99055480957037],[88.02027893066412,21.944999694824332],[88.00035095214844,21.89908981323248],[87.97750091552751,21.85416603088379],[87.94027709960938,21.820556640625],[87.89777374267595,21.794164657592773],[87.86250305175781,21.758611679077262],[87.8216629028322,21.724451065063477],[87.78166961669928,21.694171905517578],[87.73500061035185,21.67611122131359],[87.68833160400408,21.657220840454215],[87.63800811767578,21.655910491943416],[87.5908432006836,21.63920021057129],[87.54166412353533,21.628332138061637],[87.49285125732439,21.613529205322322],[87.46041870117205,21.657129287719727],[87.47083282470732,21.707180023193416],[87.44245910644531,21.755331039428768],[87.39315795898443,21.76613807678234],[87.34449768066412,21.785961151123104],[87.29448699951189,21.79842185974144],[87.25888824462896,21.83501052856451],[87.23480987548834,21.895601272583235],[87.23232269287115,21.9464626312257],[87.1749725341798,21.96619987487793],[87.14112854003923,21.91969108581543],[87.09101867675787,21.899230957031364],[87.05377197265642,21.86094284057623],[87.00483703613293,21.89553070068365],[87.01490020751959,21.95326042175293],[87.0250091552735,22.003950119018555],[86.99517822265625,22.045799255371094],[86.95723724365251,22.083368301391545],[86.84790039062528,22.098350524902457],[86.80396270751959,22.126131057739258],[86.75670623779325,22.145191192627067],[86.71534729003935,22.174409866333008],[86.75509643554688,22.20798110961914],[86.8091506958009,22.233102798461857],[86.85423278808594,22.256780624389705],[86.88511657714838,22.296709060669173],[86.83689880371111,22.316751480102596],[86.84094238281256,22.36902046203619],[86.80525970458984,22.416490554809798],[86.75794982910173,22.435659408569563],[86.79556274414068,22.47968292236328],[86.78520965576189,22.529310226440657],[86.75598907470697,22.574270248413086],[86.70601654052729,22.58036041259777],[86.65170288085955,22.57579040527338],[86.63675689697294,22.630819320678825],[86.61016082763678,22.67741966247553],[86.5551071166995,22.7078800201416],[86.50035858154325,22.7110404968264],[86.45401000976591,22.759639739990234],[86.42159271240263,22.808820724487248],[86.43283843994169,22.860490798950195],[86.43241882324224,22.915769577026424],[86.47042083740263,22.949449539184684],[86.52339172363287,22.948680877685604],[86.47936248779308,22.988849639892578],[86.41628265380854,22.994791030883846],[86.36324310302763,22.992748260498274],[86.31217956542986,22.995210647583065],[86.2612915039063,22.99553108215332],[86.20642852783214,22.994070053100586],[86.1667098999024,23.026950836181754],[86.13363647460938,23.06990051269554],[86.08358764648449,23.098590850830135],[86.04199218750006,23.135969161987305],[85.99006652832037,23.146280288696403],[85.93628692626959,23.129671096801815],[85.88916015625,23.15176010131836],[85.859848022461,23.192390441894645],[85.83067321777355,23.243230819702376],[85.85240936279303,23.29446029663086],[85.87087249755865,23.352519989013786],[85.87829589843756,23.402149200439396],[85.85954284667969,23.450950622558594],[85.90637207031256,23.471750259399414],[85.95717620849638,23.461931228637752],[86.00557708740246,23.482690811157283],[86.02506256103544,23.531749725341854],[86.03737640380865,23.58345985412609],[86.08795928955084,23.56764030456543],[86.13861083984392,23.570020675659293],[86.15455627441435,23.51914978027355],[86.1791458129884,23.475120544433537],[86.23226928710955,23.47072029113781],[86.24317932128912,23.419580459594783],[86.30000305175781,23.420061111450195],[86.34041595459001,23.452392578125114],[86.35706329345709,23.510250091552848],[86.36789703369158,23.5592098236084],[86.41036987304682,23.598022460937557],[86.46642303466825,23.6296195983889],[86.52369689941423,23.62836074829096],[86.58310699462896,23.658840179443473],[86.63334655761713,23.67574119567871],[86.68334960937517,23.689741134643782],[86.7365493774414,23.688760757446403],[86.79203796386713,23.687370300293082],[86.80451202392584,23.73985290527338],[86.7976913452149,23.797718048095817],[86.8444290161134,23.82185173034668],[86.88226318359375,23.85661125183111],[86.93637847900419,23.84486007690424],[86.99455261230497,23.853530883789006],[87.05694580078153,23.816259384155387],[87.10592651367199,23.79952049255371],[87.15592956542997,23.80372047424322],[87.1303329467774,23.850910186767692],[87.18060302734392,23.851530075073356],[87.23623657226591,23.853069305419922],[87.24822235107433,23.90701103210455],[87.29193115234403,23.93875122070324],[87.26072692871111,23.978090286254996],[87.23265075683594,24.02459907531744],[87.28264617919939,24.02692985534668],[87.33550262451172,24.023862838745117],[87.38234710693388,24.002700805664062],[87.4292984008789,23.981861114501953],[87.47139739990263,24.010890960693587],[87.50784301757841,24.045669555664062],[87.49281311035156,24.09547042846674],[87.54419708251959,24.086561203002873],[87.58172607421892,24.123399734497127],[87.6104125976563,24.164880752563477],[87.66361236572271,24.154279708862248],[87.67095184326172,24.205738067626953],[87.63571166992205,24.242530822753963],[87.68496704101568,24.252849578857422],[87.7239532470706,24.28749275207514],[87.76248168945341,24.320680618286076],[87.78494262695324,24.367631912231445],[87.80847930908203,24.412130355835075],[87.81772613525396,24.462320327759016],[87.79850006103544,24.50942993164074],[87.79617309570318,24.56238174438488],[87.84821319580084,24.55105018615734],[87.8914871215822,24.57962036132824],[87.88681030273466,24.629499435425032],[87.88941192626959,24.681779861450195],[87.88423156738298,24.73347091674816],[87.82533264160162,24.752210617065543],[87.86654663085943,24.782449722289982],[87.898422241211,24.82452964782715],[87.92874145507818,24.865882873535213],[87.97220611572271,24.891420364379883],[87.95627593994135,24.941410064697266],[87.9135284423831,24.978902816772518],[87.8808212280274,25.020538330078182],[87.83493804931669,25.057018280029297],[87.77986145019531,25.08735084533714],[87.77120971679699,25.138731002807674],[87.78466796875017,25.199600219726562],[87.83664703369169,25.199260711669865],[87.83553314209013,25.24981117248535],[87.83114624023466,25.302160263061523],[87.78398132324224,25.332429885864315],[87.76268768310541,25.386230468750114],[87.77964019775419,25.436599731445426],[87.82734680175776,25.451589584350643],[87.8634872436524,25.493429183959904],[87.90815734863293,25.524120330810547],[87.96408843994169,25.533081054687557],[87.9983520507813,25.495399475097656],[88.04933929443388,25.482719421386776],[88.04884338378923,25.5333309173584],[88.02194213867205,25.582920074462947],[88.0437698364259,25.62822914123535],[88.04910278320318,25.681470870971793],[88.00196838378912,25.7091007232666],[87.95665740966791,25.735441207885856],[87.91866302490263,25.774040222167912],[87.89874267578125,25.820140838623047],[87.87068939209001,25.866001129150447],[87.81986236572294,25.88097953796398],[87.80696105957048,25.929918289184513],[87.82618713378935,25.983682632446403],[87.84165191650385,26.03230094909668],[87.8847198486331,26.071519851684627],[87.93820953369158,26.076761245727653],[87.97563171386724,26.12162971496582],[88.01751708984375,26.155559539795036],[88.0634307861331,26.176670074462947],[88.10246276855474,26.212249755859432],[88.14063262939459,26.245729446411246],[88.18337249755865,26.274681091308707],[88.22690582275419,26.303970336914062],[88.26526641845697,26.336490631103516],[88.2317123413086,26.384901046753043],[88.26790618896513,26.421752929687614],[88.22460174560575,26.45574951171892],[88.18295288085943,26.48526000976574],[88.21865081787115,26.523700714111442],[88.16826629638678,26.537361145019474],[88.11514282226591,26.530189514160384],[88.13248443603544,26.578889846801815],[88.14677429199247,26.627275466918945],[88.16664123535185,26.678195953369254],[88.18491363525402,26.72713661193876],[88.18752288818365,26.782812118530444],[88.17683410644531,26.833143234252873],[88.16017913818354,26.88272857666044],[88.14001464843767,26.93100357055664],[88.13748168945307,26.985267639160156],[88.09111022949247,27.00789451599121],[88.04792022705084,27.036415100097713],[88.02349090576178,27.082036972046183],[87.99141693115251,27.12331581115734],[88.01688385009794,27.166582107544002],[88.01696777343767,27.21887207031267],[88.06823730468744,27.204730987549055],[88.08299255371094,27.148939132690487],[88.12690734863287,27.12308120727539]]]]}}]}